cardiac_cos_00	cardiac_sin_00	cardiac_cos_01	cardiac_sin_01	cardiac_cos_02	cardiac_sin_02	resp_cos_00	resp_sin_00	resp_cos_01	resp_sin_01	resp_cos_02	resp_sin_02	resp_cos_03	resp_sin_03	interaction_add_cos_00	interaction_add_sin_00	interaction_diff_cos_00	interaction_diff_sin_00	hrv	rvt
-0.11177057093085382	-0.9937340386007673	-0.975014678947582	0.22214044169566174	0.3297264655947226	0.9440765106104548	-0.0037182871629598134	-0.9999930871463932	-0.9999723486811476	0.007436522917969974	0.011154655857791584	0.9999377848909872	0.999889396253781	-0.014872634576607232	-0.9933115739837453	0.11546478679638487	0.994142764141923	-0.10807480975813398	-0.002297489000053943	0.0048239060435621975
-0.8862743955137099	-0.4631605508425864	0.5709646082863838	0.8209746744476205	-0.125788230623765	-0.9920571158136724	-0.9907920416214324	0.13539250444405634	0.9633377394807324	-0.2682916317967309	-0.9181426897207482	0.3962499227916013	0.8560392006156947	-0.5169109081933194	0.940822084706096	0.3389008777345897	0.815405150829563	0.5788906978010767	0.0036809901444279647	0.01260499693105488
-0.5280678506503426	0.8492021815265945	-0.4422886902190548	-0.8968727415326619	0.9951847266722056	0.09801714032947165	-0.993656468213278	-0.11245809520845793	0.9747063536441708	0.22348942741365768	-0.94339007760094	-0.3316853350452688	0.9001049516686307	0.43567312974477984	0.6202176952355442	-0.784429735869765	0.4292183756728484	-0.903200745119689	0.01295657220700136	0.026984553031114914
0.7275089627499568	0.6860981774633148	0.058538581763035724	0.9982851468619436	-0.6423342769513973	0.7664246059811269	-0.8171775911298448	-0.5763859683885653	0.3355584308895516	0.9420193944176212	0.2687559306545754	-0.9632083106670088	-0.7748010789178842	0.6322050997166052	-0.19904665927855952	-0.9799900139440428	-0.989961384132204	-0.14133809793205396	0.01911296864982942	0.04026402188358391
0.3272206990573669	-0.9449479425388512	-0.7858532282168162	-0.6184130526607671	-0.8415155844445567	0.5402328397431391	0.5611326920411098	-0.8277258615765832	-0.3702602038453939	-0.9289280819570304	-0.9766629019200218	-0.21477796910568314	-0.7258147628967346	0.6878902019662417	-0.5985436181293554	-0.801090217888485	0.9657720816366244	-0.2593921477825827	0.007507718497039073	0.03194590089443139
-0.9668116550332804	-0.2554901635911037	0.8694495526163822	0.494021735812477	-0.7143762668326991	-0.6997617804554463	0.0	0.0	0.0	0.0	0.0	0.0	0.0	0.0	0.0	0.0	0.0	0.0	-0.023897315850959444	-0.005470450325137377
0.3319477760626425	0.9432977652719556	-0.7796213479341314	0.6262511906937727	-0.8495349212980317	-0.5275323852571961	0.878474272358967	0.4777896533029815	0.5434340943932336	0.8394518360519597	0.07631146893533305	0.997084028409307	-0.40935877010201227	0.9123734966232676	-0.15909033119295765	0.9872640308047868	0.7423054932685722	0.6700616051254554	-0.06631115460102532	-0.048820902918799036
0.4758343110859941	-0.8795349386996046	-0.5471634167866347	-0.837025803264377	-0.996552566042248	0.08296374578459342	-0.1983618273078592	-0.9801288616641626	-0.921305170934174	0.3888403039937505	0.5638653817372231	0.8258667152018755	0.6976064359800955	-0.716481165474117	-0.9564449417042964	-0.2919127840439077	0.7676702148187085	0.6408450992870259	-0.10952521636047358	-0.07947446472283104
-0.9029497717087884	0.42974609919235696	0.6306365804579058	-0.7760782843169619	-0.23591654100256476	0.9717733201119412	0.14241603954567214	0.9898068860541058	-0.959435343360251	0.28192875325372035	-0.4156940031486908	-0.9095045331092177	0.8410323561776059	-0.5409848203622213	-0.5539601786309205	-0.8325431643411642	0.2967711178400512	0.9549486392555184	-0.13813060522260545	-0.0943090821670436
0.867351274223091	0.4976964608107841	0.5045964657928395	0.8633553189211125	0.007973500924684221	0.999968211136236	0.14729876013923404	-0.9890920458993916	-0.956606150522889	-0.29138406404911754	-0.4291125599664081	0.9032510231818592	0.8301906544364397	0.5574795756674824	0.6200273779584707	-0.7845801747316482	-0.3645078433619785	0.9312003179378748	-0.13597073646893493	-0.08851347618697536
0.39840108984619027	-0.9172113015054753	-0.6825531432187357	-0.7308359642780478	-0.9422609221187644	0.3348796121711441	-0.6358082904561503	0.7718470170877306	-0.1914956355744552	-0.981493464856458	0.8793173158249667	0.4762363468808064	-0.9266588431118707	0.3759034297297232	0.4546400912551833	0.8906752423995395	-0.9612535229571296	0.275665856794974	-0.09512704840659475	-0.05636837911457071
-0.963445669170594	-0.26790379347151133	0.8564551148871475	0.5162214991490018	-0.6868502733834573	-0.7267989419042035	0.864360406002027	-0.5028728353530453	0.494237822927978	-0.8693267362662974	-0.00996119542685878	-0.9999503860620624	-0.5114579487748253	-0.8593083070906787	-0.9674858299900448	0.2529252236699103	-0.6980427495403336	-0.7160560870589475	-0.018187354943446143	-0.00844100173290252
-0.3406950276097613	0.9401738659216092	-0.767853796323968	-0.6406251224162773	0.8639029682874702	-0.5036582783833683	0.0	0.0	0.0	0.0	0.0	0.0	0.0	0.0	0.0	0.0	0.0	0.0	0.05981373004794699	0.03481297076897893
0.8934605148335532	-0.44914174648251304	0.5965433831332759	-0.8025808320910147	0.1725154015960602	-0.9850068203886458	0.9643043585707336	-0.2647963444639788	0.8597657919170277	-0.5106885382004241	0.6938474424204816	-0.7201220220535937	0.4783944339014277	-0.8781450709376739	0.7426367760501109	-0.6696944219999875	0.9804989612795834	-0.19652426549832935	0.10186738235943003	0.06411759161258568
-0.6110279214637319	-0.7916090444099987	-0.2532897583834229	0.9673904580354654	0.9205621506498792	-0.39059611722451776	-0.9878804030150392	-0.15521697503444656	0.951815381322312	0.3066716157036087	-0.8926791219781584	-0.4506927835946613	0.8119050402434763	0.5837895216833197	0.4807513480258046	0.8768569674532851	0.7264936705922621	0.6871731561909137	0.09583774399125439	0.0804423601357408
-0.6304195245284449	0.7762546122847386	-0.20514244618665947	-0.978732127179114	0.8890711312996366	0.4577690722292022	0.7105794954969493	0.7036169274394278	0.009846438841397872	0.9999515226460444	-0.696586140408225	0.7174731695270371	-0.9998060952842852	0.01969192302419391	-0.9941490728973208	0.1080167619279402	0.0982226975156232	0.9951644596209988	0.05787505196084286	0.0893334394770633
0.843919241889437	0.5364702351191145	0.424399373662484	0.9054751082359422	-0.12760164653024622	0.99182549866535	0.10700559496325744	-0.9942584184438968	-0.9770996052931183	-0.21278242722563312	-0.3161158441687657	0.9487205979978872	0.9094472773279364	0.4158192513109557	0.6236941280910767	-0.7816684940463646	-0.443085966932436	0.8964791274243635	0.02780086698804529	0.09237495511234105
0.7050237235820603	-0.709183720333798	-0.005883098372973141	-0.9999826944270258	-0.7133191714242859	-0.700839325151329	-0.903605285326712	0.4283660681352239	0.6330050233407375	-0.7741476864432214	-0.2403680841313853	0.9706818140518588	-0.1986092808507848	-0.9800787486523386	-0.3332729210445693	0.9428303983741828	-0.9408534047743679	0.33881391754837853	0.030067067277605105	0.09004655667223371
-0.6021115522713418	-0.7984119729947661	-0.2749233572427904	0.9614661448238065	0.9331806110415518	-0.3594077728376445	-0.6451328386682424	-0.7640704289997458	-0.16760724094371127	0.9858538496061354	0.8613907089309794	-0.5079429560170954	-0.9438156255664734	-0.3304724874124417	-0.2216010438128928	0.9751374146144924	0.998484913636397	0.05502615051515846	0.060329960870892485	0.08635819075640595
-0.9959454037227145	0.0899597287879377	0.9838144943928012	-0.17918995681297706	-0.963705643889879	0.2669670989743751	-0.8816892101374763	0.4718306229222024	0.554751726545693	-0.8320159384858998	-0.0965480130634703	0.9953283283286454	-0.3845010437891453	-0.9231245567771762	0.8356685614764044	-0.5492340624542114	0.9205600712202548	0.3906010180157743	0.09521546153206195	0.0819865589419415
0.15361299957671812	0.9881310876402196	-0.9528060927220864	0.3035795606948381	-0.4463398034127425	-0.8948635537831867	0.8840604858393267	-0.467372503874087	0.5631258852449331	-0.826371125685736	0.11161420155734456	-0.9937516138405594	-0.3657784747342209	-0.930701943385264	0.5976284836232642	0.8017731571723749	-0.32602211754920435	0.9453621416519348	0.10710315478070898	0.07718505608018321
0.9997552766852434	-0.022122087153167543	0.9990212265199752	-0.04423334672534018	0.9977982087825747	-0.06632295643504689	-0.9829199677688057	-0.18403352129807668	0.9322633260772608	0.3617804456453707	-0.8497605090709963	-0.5271689266481866	0.7382298182972739	0.6745492831341338	-0.9867506299334134	-0.16224424281314812	-0.9786082187388928	0.20573272519628846	0.08019831309714154	0.06118030786874951
-0.5864899663083996	-0.8099564923004026	-0.31205903883914465	0.9500627117610652	0.9525289566584028	-0.3044480033228244	0.9321470255188196	-0.36207999505139293	0.7377961543671664	-0.67502358077405	0.4433219559463365	-0.8963624508957939	0.08868633079795923	-0.996059604004497	-0.8399639203149813	-0.5426422509988394	-0.253425834867034	-0.9673548191961142	0.01971526688089881	0.0195634341622265
-0.6820612370002783	0.7312950628724701	-0.0695849379633002	-0.9975760303899865	0.7769836147279507	0.629520819706773	0.0	0.0	0.0	0.0	0.0	0.0	0.0	0.0	0.0	0.0	0.0	0.0	-0.04795666812496652	-0.039240137353998894
0.9869070902655992	0.16128978635824506	0.9479712096330234	0.3183560674887516	0.8842119260433757	0.4670859341092	0.9993737449461783	-0.0353852781852988	0.997495764175498	-0.07072623595200872	0.9943684098778564	-0.1059786083933132	0.9899955990961216	-0.14109824155641104	0.991996318671402	0.126266795882316	0.980581750753934	0.1961107597465	-0.09344794370034691	-0.08773059291424479
0.3152134892491879	-0.9490207880733446	-0.8012809123907042	-0.5982883079572261	-0.8203625937760819	0.571843697816964	-0.8454614297688166	-0.5340364882414576	0.4296100584534632	0.903014505794681	0.11902396124255685	-0.992891382100847	-0.6308703953512239	0.7758882292375562	-0.7733125762338658	0.6340249675198456	0.24031088162779354	0.9706959772097916	-0.09209906067083007	-0.1098076235785751
-0.8400773545666883	-0.5424666241753816	0.41145992331153053	0.911427853155953	0.14876102679516176	-0.9888731753399164	0.7796679416851482	0.6261931816208514	0.21576419858311088	0.9764454980232063	-0.4432190844878688	0.8964133216021142	-0.9068916212195756	0.4213639606821276	-0.3152924805758093	-0.9489945477674532	-0.994670283206819	0.10310687516003203	-0.04424994939869131	-0.108470244363301
-0.7656633659940061	0.6432414865155455	0.1724807800505426	-0.9850128834249614	0.5015389367484652	0.8651350732256894	0.0	0.0	0.0	0.0	0.0	0.0	0.0	0.0	0.0	0.0	0.0	0.0	0.02099079467359005	-0.09805316927036056
0.8763066800438606	0.4817536741017207	0.5358267949789862	0.8443279255020216	0.0627905195292949	0.9980267284282726	0.9886205255143968	0.1504309028479118	0.9547410869367242	0.2974381564542155	0.8991327446807446	0.437676030235688	0.8230610861702352	0.5679528575791063	0.7938641303913174	0.6080951755095887	0.9388054106821586	0.3444479654082804	0.059772236543670525	-0.1014989170652998
-0.012687836672792148	-0.9999195061606532	-0.999678037601129	0.025373630760210705	0.03805534000571314	0.9992756331948905	-0.9918330853176904	-0.1275426629375078	0.9674657382616184	0.2530020657818852	-0.9272959709206664	-0.3743289760548849	0.8719799094201971	0.4895416607067724	-0.11494818034570548	0.9933714893408262	0.14011661273206982	0.990135008388498	0.04474211141842749	-0.12333859558813752
-0.7798844830928318	0.6259234721841213	0.2164396139379472	-0.976296007119968	0.4422886902192157	0.8968727415325826	0.7454788214084398	0.666529314307693	0.1114773463370332	0.993766975328549	-0.5792708198862959	0.8151351527374208	-0.9751456025073064	0.2215650105740132	-0.9985837080147472	-0.05320317741937775	-0.164191022566802	0.986428562090772	-0.0146120978033894	-0.14756280985648654
0.8965200497635526	0.4430031606794211	0.6074963992560858	0.7943224313154515	0.19274535442093768	0.9812488106230484	0.1014357050813558	-0.9948420968850524	-0.9794215954692964	-0.2018250190842996	-0.30013234529802485	0.9538975706573044	0.9185333233432442	0.39534356439433177	0.5316573366643593	-0.8469595482494781	-0.3497790499296829	0.9368322241630506	-0.07104086171659756	-0.1610197531379356
0.6889669190756118	-0.724792787229191	-0.05064916883891871	-0.9987165071710424	-0.7587581226929923	-0.6513724827219874	-0.17538588308375178	0.9844997674021728	-0.9384795840298652	-0.34533472220315664	0.504578024286052	-0.8633660969760072	0.7614878592817373	0.648179172888575	0.5927232589243436	0.8054061946186566	-0.8343934019594792	-0.551169348536806	-0.07975635292030142	-0.15427398239378898
-0.8215611672609379	-0.5701203806643339	0.34992550310231	0.9367775308356808	0.2465907576947289	-0.9691197027300288	0.2269109417685873	-0.9739155119956212	-0.8970228490113854	-0.44198417205992463	-0.633999540682817	0.7733334225377674	0.609299983297006	0.792939802478264	-0.7416703006175221	0.6707646123506473	0.36882786425016373	-0.929497717346666	-0.033599047387555765	-0.1274385066035646
-0.7368733943960141	0.6760307689974594	0.08596479873740735	-0.9962981749346111	0.6101830483076066	0.7922604669917822	-0.8790657851978237	0.4767004775480442	0.545513309410933	-0.8381021591998982	-0.0800183861485467	0.996793387758056	-0.4048304585110633	-0.9143917649791704	0.3254959986178577	-0.9455434177676684	0.9700243794543784	-0.24300761976561205	0.03398685984465083	-0.09343968388614564
0.9842676066404632	0.17668412073034254	0.9375654429634914	0.3478089132852578	0.8613629825884997	0.5079899725646597	0.6591049084469622	-0.7520510086830026	-0.1311614393222431	-0.991361022450912	-0.8320032053594794	-0.5547708231977886	-0.9655933536698352	0.2600566771852644	0.7816110819755968	-0.6237660751699605	0.5158601395485495	0.8566728176059698	0.07245308320756115	-0.06493341168802193
0.23575893550937135	-0.9718115683235552	-0.8888354486549762	-0.4582265217273082	-0.6548607339451548	0.7557495743543712	0.0	0.0	0.0	0.0	0.0	0.0	0.0	0.0	0.0	0.0	0.0	0.0	0.06727366210423147	-0.049210913107186505
-0.9941379571543616	-0.10811901842392492	0.976620555710094	0.21497044021099096	-0.9476531711828184	-0.3193015301359322	0.936530865526407	-0.3505851364738085	0.7541801241672822	-0.6566676026050186	0.4760950633719897	-0.879393819987849	0.13757531937795447	-0.9904913081385692	-0.9689458022959944	0.24727319347833054	-0.8931359606368624	-0.4497867892871789	0.037499892120766654	-0.04804347666618314
-0.4328358971623609	0.901472731771546	-0.6253061722553082	-0.7803795172474832	0.9741458133009374	-0.2259201948216572	0.0	0.0	0.0	0.0	0.0	0.0	0.0	0.0	0.0	0.0	0.0	0.0	0.01601030855691699	-0.06125750499991889
0.9980591991994686	-0.06227226423790835	0.9922443302133682	-0.124302812355249	0.982577964046466	-0.185850866477134	0.9658019548356774	-0.25928089793809334	0.8655468319288318	-0.5008279961603208	0.7060916897217095	-0.7081204175180525	0.4983426365240754	-0.8669801708356618	0.947781517040334	-0.3189203598968292	0.9800735342168204	0.19863501083079688	0.013895272818097826	-0.0805676658797988
0.2877895153711231	-0.9576936852890144	-0.8343543896849082	-0.5512284031266207	-0.7680264062815003	0.6404181752997988	-0.9925681711293128	-0.12168987493218565	0.970383148677978	0.24157099321278866	-0.9337746832266965	-0.3578614829300329	0.8832869104763736	0.4688328420461846	-0.40219233772827023	0.915555199577103	-0.16910908815594278	0.9855973398417152	0.02659125395554229	-0.09269944197869727
-0.8794737512065098	-0.4759473930370352	0.5469481581224999	0.837166478262481	-0.08257934547246308	-0.9965844930066587	0.7876520082239765	0.616120372931083	0.2407913721185264	0.9705768980937458	-0.40833239259964826	0.9128333129075904	-0.8840390302265547	0.4674130860770725	-0.3994783810245265	-0.9167426155110404	-0.9859601516116362	0.16698077564186634	0.035877412380120544	-0.09138107533139994
-0.3944354508522637	0.9189236503164838	-0.6888413502219428	-0.7249121286227806	0.9378423479332122	-0.3470615657532822	0.017351175992837257	-0.9998494570142376	-0.9993978733833314	-0.034697127789993606	-0.05203263276872017	0.9986453850727772	0.9975922186462496	0.06935247145165857	0.9119413938809257	0.4103204773424235	-0.9256292317320292	-0.37843166538118	0.036109767852187835	-0.08677339401052497
0.7813224557435171	0.6241275672095568	0.22092955969816055	0.9752897670187956	-0.43608800348411575	0.8999040244477395	-0.3298658587318433	0.9440278148672864	-0.7823770304862072	-0.6228050916358862	0.846024800758648	-0.5331435421172144	0.22422763566483112	0.9745367963315494	-0.8469253862815811	0.5317117546864978	0.3314621806609653	-0.9434685065180912	0.03348778861339197	-0.09135263349317845
0.6973656235617784	-0.7167155552060329	-0.027362374148584	-0.9996255801453626	-0.7355287817822955	-0.6774934768467165	-0.028686617547134037	-0.9995884543019214	-0.9983541559474088	0.05734962338618019	0.08596542524364342	0.9962981208768183	0.9934220413949266	-0.1145104696992234	-0.7364256549361766	-0.676518480717137	0.6964155330689065	0.7176387707616909	0.030437071641574887	-0.10830736106714912
-0.3287212092186053	-0.9444270043840644	-0.7838847332197157	0.6209063737996695	0.8440802840025824	0.536216816370132	-0.9992316697317184	0.039192731534842234	0.9969278595896756	-0.07832523714581476	-0.993092109748001	0.11733738345584745	0.9877303144521038	-0.1561692220392617	0.3654833168008164	0.9308178904277002	0.2914539687266566	0.9565848546331271	0.027407921354119014	-0.14168428423281856
-0.6732433038730878	0.7394210260670498	-0.09348690758009812	-0.9956205090852188	0.7991221729292944	0.6011686558136268	0.4284075475810911	-0.9035856202793154	-0.6329339463511104	-0.7742057992268011	-0.9707149070552928	0.2402344047396915	-0.1987892391128194	0.9800422635850692	0.3797076937487024	0.9251065167363386	-0.956552719224024	-0.2915594199217809	0.010844114239130677	-0.1813315156066898
0.8768976050356557	0.4806772204741255	0.5378988194345378	0.8430094068579131	0.06646676799164987	0.99778863931834	0.0	0.0	0.0	0.0	0.0	0.0	0.0	0.0	0.0	0.0	0.0	0.0	-0.025184458546875343	-0.2086924176952888
-0.2742505256242284	-0.9616582808850732	-0.849573298389669	0.5274705780072464	0.7402423729035806	0.6723401143454674	0.270457824781316	-0.9627318240374932	-0.8537051300291179	-0.5207567099538583	-0.7322402897259676	0.6810463700087028	0.4576248980760663	0.8891453495693885	-0.9999922314627082	0.003941701946337974	0.8516458302517853	-0.5241177156085715	-0.07280843024324905	-0.21349775897953047
-0.9450558173565392	0.32690901192925786	0.7862609958388725	-0.6178945269400469	-0.5410652387996058	0.8409806224656579	0.9999817804347632	-0.006036455791339146	0.9999271224029584	-0.012072691619478116	0.9998360278962763	-0.018108487529232	0.999708500234122	-0.024143623581446127	-0.943065227052121	0.33260784345100963	-0.947011970648724	0.321198268127368	-0.09753135296230349	-0.18617352632253073
0.14968540306320005	0.9887336750155764	-0.9551885602196146	0.2959979973337312	-0.4356409723388616	-0.9001205159419771	0.10700559496325744	-0.9942584184438968	-0.9770996052931183	-0.21278242722563312	-0.3161158441687657	0.9487205979978872	0.9094472773279364	0.4158192513109557	0.9990739555953017	-0.04302593695850478	-0.9670396043711162	0.2546260072690043	-0.07917859891254686	-0.16241678561350925
0.9893813260530328	-0.14534301378993886	0.9577508166849152	-0.2875993274320679	0.9057802200271604	-0.42374779410346053	0.0	0.0	0.0	0.0	0.0	0.0	0.0	0.0	0.0	0.0	0.0	0.0	-0.01717226022336038	-0.20365013175688995
0.25245975315372016	-0.9676073961259096	-0.8725281460751254	-0.488563848751322	-0.6930162339093185	0.720921978814729	-0.4315366324044497	-0.9020954134087074	-0.6275522697860537	0.778574433619787	0.9731602187269344	0.23012863508773734	-0.21235629737274409	-0.977192306030977	-0.9818198257191404	0.18981525182354705	0.7639285623319102	0.6453008226040787	0.05098954976223574	-0.2825605920629041
-0.99993378754924	0.011507411413138241	0.9997351589651376	-0.023013298958453342	-0.9994041405510634	0.034516138969919334	0.7062542020549821	0.7079583335759814	-0.0024100041593609835	0.9999970959357593	-0.7096583531840194	0.7045459685188366	-0.9999883837599036	-0.004819994321108168	-0.7143542070412231	-0.699784300254375	-0.6980606714255859	0.7160386155849837	0.08635633648834312	-0.3246484319624433
-0.13929611368153536	0.9902507726395476	-0.9611931854264416	-0.2758761683976533	0.40707706413569295	-0.9133938164092557	-0.040889849958342266	0.9991636603531896	-0.9966560403407684	-0.08171130431133997	0.1223960818575609	-0.9924813344068076	0.9866465254954792	0.16287613001203927	-0.9837267894698865	-0.17967082033338072	0.9951183838463226	0.09868840930465328	0.0824162251734581	-0.297964385683947
0.806986693822956	0.590569619937137	0.30245504801461104	0.9531636501307	-0.3188322953682072	0.9478111454452518	-0.08354122079281619	0.9965043223330472	-0.986041728856892	-0.1664983752260416	0.2482914803555443	-0.9686853672802394	0.9445565820941764	0.3283486915194991	-0.6559218324714705	0.7548288214471331	0.5210885253404138	-0.8535026354725291	0.05767206731908415	-0.2022921680727988
0.818247526827581	-0.5748660581740298	0.339058030318906	-0.9407654607160404	-0.2633807373086285	-0.9646919649373904	-0.04088984995834295	-0.9991636603531896	-0.9966560403407684	0.08171130431134135	0.1223960818575634	0.9924813344068074	0.9866465254954788	-0.162876130012042	-0.607843293498739	-0.7940570071151101	0.5409272562972082	0.8410693808448707	0.04423332157574112	-0.07684321683389561
-0.1123851990711007	-0.9936647156006642	-0.974739134059498	0.22334641374541864	0.3314777023184379	0.943463053259474	-0.12153040031312748	0.9925877098774348	-0.970460723599462	-0.24125916345459025	0.35741136076754765	-0.9339470644497416	0.8835880320983825	0.468265084682285	0.9999576026764576	0.009208303293875005	-0.9726411662116948	0.232312638034082	0.04997639798261988	0.02005362015176237
-0.9978883431348832	-0.06495271076342833	0.9915622907289648	0.1296311058516736	-0.9810485596862288	-0.19376202811071008	0.0	0.0	0.0	0.0	0.0	0.0	0.0	0.0	0.0	0.0	0.0	0.0	0.05128914268173057	0.05977503903419401
0.13119170034529204	0.9913570183140435	-0.9655774755210222	0.2601156257637164	-0.3845432020027269	-0.9231069958534004	0.0	0.0	0.0	0.0	0.0	0.0	0.0	0.0	0.0	0.0	0.0	0.0	0.02744367964722477	0.044922095927389376
0.9750168423510356	-0.22213094591212576	0.9013156857363684	-0.4331628269433791	0.7825791053852285	-0.6225511575882381	0.0	0.0	0.0	0.0	0.0	0.0	0.0	0.0	0.0	0.0	0.0	0.0	-0.011492746943544352	0.014601764113088224
0.4163681435342963	-0.9091961114357032	-0.6532751380996072	-0.7571205940541698	-0.9603740564695854	0.2787143190798666	0.0	0.0	0.0	0.0	0.0	0.0	0.0	0.0	0.0	0.0	0.0	0.0	-0.04080906980186633	0.009967615658240005
-0.7027885831450662	-0.711398768203144	-0.012176414801900926	0.9999258647132656	0.7199034737578952	-0.6940741952207382	0.17061594661112234	0.9853376064892636	-0.9417803975239812	0.3362286169254065	-0.4919814546578283	-0.8706056789803104	0.7739006343208563	-0.6333070410138956	0.5810610201399109	-0.8138599946391062	-0.8208748989014811	0.5711080461291744	-0.02785811152362833	0.047310301245101376
-0.8239732876734595	-0.5666286448818045	0.3578639575988196	0.9337737348264354	0.2342326043083893	-0.972180583574322	0.0	0.0	0.0	0.0	0.0	0.0	0.0	0.0	0.0	0.0	0.0	0.0	0.05587038778240482	0.1151848495112152
0.9759167619387428	-0.2181432413965624	0.9048270524660021	-0.42577929156510946	0.790155012375652	-0.612907053653026	0.9955537959968656	0.09419468815294768	0.982254721447538	0.18755175870681606	0.9602210371490149	0.27924104249997034	0.9296486756119604	0.36844720101111905	0.9921255715211073	-0.12524715698935435	0.9510297023290628	-0.30909950709746226	0.22223746461177207	0.19242586665488448
-0.9999649082784808	-0.008377482414762865	0.9998596355767808	0.016754376868965866	-0.9996841892833006	-0.02513009544331424	-0.9999132148668308	0.013174321032935563	0.9996528745306424	-0.026346355395460614	-0.9992190241787756	0.03951381681406264	0.9986117391147522	-0.05267441980895621	0.9999884938335312	-0.004797103349494793	0.9997677585479716	0.02155061409716655	0.4132239605174377	0.2870500767542293
-0.2853986146253579	0.9584089058277404	-0.837095261539853	-0.5470571479356844	0.763210270531209	-0.646150201544253	0.012531705732640914	-0.9999214750926348	-0.999685912702861	-0.025061443363218257	-0.03758724509875853	0.9992933498257084	0.9987438481131043	0.050107143764419805	0.9547571154022036	0.2973867021049581	-0.9619101783121804	-0.2733657053462069	0.4760922170347959	0.3910211313039971
0.9622680003092342	-0.2721034648453921	0.851919408838265	-0.523672913987979	0.6772815716256094	-0.7357239106732528	-0.5430679607951695	0.8396887458801483	-0.4101543799155525	-0.9120161098555708	0.988551366219062	0.15088471210306786	-0.6635467692721772	0.7481348040216123	-0.2940947035207102	0.9557762841591464	-0.7510591378120517	-0.6602349366013719	0.3114452397274389	0.4523721527675841
-0.7637960286346867	-0.6454576877238978	0.16676874671623854	0.985996037070482	0.5090414157501925	-0.8607420270040494	0.0	0.0	0.0	0.0	0.0	0.0	0.0	0.0	0.0	0.0	0.0	0.0	-0.05881015674967261	0.4569502731418012
-0.6015615597789487	0.7988264453536315	-0.27624737959263684	-0.9610865649192072	0.9339211688841366	0.3574790207971483	0.26218366587565795	0.96501799224056	-0.8625194506960026	0.5060239096831944	-0.7144606888207317	-0.6996755849176142	0.4878796056578684	-0.8729109292379853	-0.9286015074365483	-0.37107848278574423	0.6131622774511013	0.7899569744682166	-0.4304885669061511	0.430495673473764
0.8022495067265429	0.5969888851201658	0.287208542085963	0.9578680772177636	-0.34142368429431613	0.9399094997939405	0.0776616438837255	-0.9969797736510394	-0.9879373381385548	-0.15485417628112855	-0.2311113193516307	0.9729273138665336	0.9520403681765864	0.3059724454296333	0.6574898590565802	-0.7534633934291421	-0.5328818280619977	0.8461896698266314	-0.5980394707296146	0.3958426337819012
0.9872517745924676	-0.15916637070695314	0.9493321328719536	-0.3142745638717641	0.8872078911185094	-0.4613698710763928	-0.4735094301718512	0.8807887485307296	-0.5515776390766576	-0.8341235568371274	0.9958638573212975	-0.09085800834899789	-0.3915242161412408	0.920167804356894	-0.3272810767602737	0.9449270325240124	-0.6076649736865837	-0.7941934775320707	-0.5064163227350222	0.36944892264271695
0.4560475069037798	-0.8899554322812163	-0.5840413428936938	-0.811723912294649	-0.988748703614589	0.1495860992889032	-0.13125245539791613	-0.9913489763710952	-0.965545585904036	0.26023397460983394	0.3847129132949647	0.9230362800800956	0.8645565569175366	-0.5025355309735762	-0.9421137618670988	-0.3352933934640277	0.8223990517486602	0.5689110648272756	-0.2597328133646837	0.3548833824167509
-0.537439524503177	-0.843302293072774	-0.422317515003598	0.906447966802941	0.9913797734089712	-0.1310196354581135	-0.6164638065486786	0.7873832454500878	-0.23994475043102656	-0.9707865454056276	0.9122983149728454	0.4095262928039017	-0.8848530334811846	0.4658702707183035	0.9953141114800824	0.09669446462240819	-0.3326900813502017	0.9430362186953352	-0.019303044162102767	0.34271672554724053
-0.9705331351235444	0.2409677024567061	0.8838691327454726	-0.4677342794576488	-0.7451154257612395	0.6669355308368617	0.0	0.0	0.0	0.0	0.0	0.0	0.0	0.0	0.0	0.0	0.0	0.0	0.10065235231835334	0.3234945672070437
0.15441175480714875	0.9880065839747106	-0.952314019954754	0.3051196607851033	-0.448508712704476	-0.893778459478731	0.9993400031192372	-0.03632572319504709	0.9973608836687136	-0.07260349666209381	0.9940652540737576	-0.1087854339664816	0.9894574645448748	-0.14482377517668876	0.19019989721497232	0.9817453840479282	0.11841978984627352	0.9929636213743	0.09455979696707073	0.29310862880638555
0.9997685019798912	0.02151609743620246	0.9990741151022317	0.04302223300449103	0.997917160865396	0.06450844944925721	-0.9406483905967636	-0.3393826826279123	0.7696387894645635	0.6384795484207159	-0.5072705867046026	-0.8617868366738775	0.18468773249695736	0.9827972534888018	-0.9331284414891402	-0.3595431986341117	-0.947732823224304	0.31906503378353773	0.02334581027653221	0.25546327960737475
-0.07902237601004158	-0.9968728424878108	-0.9875109281794554	0.15755052118654148	0.2350932957712857	0.9719728094362488	0.9043707365448258	0.42674766652129376	0.6357728582372613	0.7718762029812962	0.2455779996136565	0.9693768339019428	-0.19158574545764645	0.9814758795494865	0.35394763495439907	-0.935265241367489	-0.4968786837458459	-0.8678200122369821	-0.05026984642637528	0.22003494993749104
-0.9976452109700374	0.068585953580521	0.9905919339429012	-0.13684889625884014	-0.9788733868773288	0.20446733837781367	-0.3346285368212644	-0.94235011664713	-0.7760474846897194	0.6306744814139538	0.854003805432351	0.520266758795008	0.20449939698648065	-0.9788666899185844	0.3984725385706039	0.9171802636369246	0.2692085758566867	-0.9630818982232064	-0.09476010561730575	0.19014751734923324
0.3653410243664669	0.930873748644176	-0.7330518718297213	0.6801727377710326	-0.9009688679025196	-0.4338837391173491	0.9544676073071482	0.2983145765821166	0.822016826797265	0.5694632002703557	0.6147092603716519	0.7887537798409187	0.3514233270756896	0.9362166657281064	0.07101296520000923	0.9974753925654016	0.6263993815563992	0.779502286581483	-0.10604960827414088	0.15709138532493738
0.9338372288229364	-0.357698238833096	0.744103939871403	-0.6680638642134865	0.4559066935085431	-0.8900275764346336	-0.5910152505727096	-0.8066603830550237	-0.3014019471809548	0.9534971768366852	0.9472815452452183	-0.3204023627219856	-0.8183137324710579	-0.5747718114602401	-0.840453042142125	-0.5418843824599926	-0.2633710454316999	0.9646946109667108	-0.09521765588475731	0.11670102661778925
-0.6933356359328604	-0.7206148041398928	-0.03857139189115225	0.9992558469819324	0.7468214769841958	-0.665024572113801	0.8470999255882925	0.5314336422059762	0.43515656786338097	0.9003547975355952	-0.10985773307563894	0.9939473217849532	-0.6212775228907255	0.7835906071098377	-0.204365615614828	-0.9788946292397218	-0.9702835155980468	-0.24197086468972845	-0.07949422153154045	0.07842877708014673
-0.4937755501598949	0.8695893893466577	-0.5123714121285863	-0.858763958275706	0.9997685019798848	-0.021516097436506808	-0.04088984995834295	-0.9991636603531896	-0.9966560403407684	0.08171130431134135	0.1223960818575634	0.9924813344068074	0.9866465254954788	-0.162876130012042	0.8890525254230378	0.4578052064349191	-0.8486717091047653	-0.5289199657464225	-0.06299196000944017	0.050808711224222806
0.95442026300776	0.2984660140789869	0.8218360768796038	0.5697240233122891	0.6143337462816346	0.7890462902641214	0.9988208371479846	-0.04854827781702716	0.9952861294420015	-0.096982062982592	0.98940421287409	-0.14518713285619506	0.9811889589192812	-0.1930498041824888	0.9677848570588578	0.25177861395989537	0.9388048351179632	0.3444495341252971	-0.04319902253060154	0.030975924999893205
0.5298674200503916	-0.8480804897939475	-0.4384810343382839	-0.8987404422443827	-0.9945410488620988	-0.10434606906001044	-0.9243202897819868	-0.3816176121425003	0.7087359962053124	0.7054738036829316	-0.3858778330008529	-0.9225498891651148	0.004613424634273129	0.9999893580999468	-0.8134096586668205	0.5816912644930526	-0.16612475582720326	0.9861047436765285	-0.01682626725894854	0.01654706313219301
-0.9688591222645389	-0.24761260308148225	0.8773759975904246	0.479803458566325	-0.7312483555783269	-0.6821113123706372	0.9998087976698714	0.019554234884715728	0.9992352637961468	0.03910099213888377	0.9982796177008528	0.0586327969914372	0.99694222482751	0.07814218038917715	-0.963831999141724	-0.2665105578217641	-0.9735157491438664	-0.2286199601278435	0.010113306382309506	0.010173423045244712
-0.12756646603584246	0.9918300241186118	-0.9674535934862524	-0.2530485021701113	0.3743957379852775	-0.9272690178036032	-0.5079627269042594	-0.8613790501724482	-0.4839477361519776	0.8750969024475952	0.9996175503740624	-0.02765416757305329	-0.5315891773467518	-0.8470023297062435	0.919140614056912	-0.3939296023289981	-0.7895425941587002	-0.6136957650246173	0.023602512431335376	0.005427955341019697
0.8329212407100778	-0.5533915492433767	0.38751558645203055	-0.9218631515885308	-0.18738131458584115	-0.9822872507286664	0.9753384789889556	-0.2207144114087484	0.9025702971929797	-0.4305425166287025	0.7852846027006651	-0.6191349552086836	0.6292662827500468	-0.7771897743755629	0.6902386459619345	-0.7235817933175454	0.9345216261015884	-0.3559063505312077	0.015778049118410076	-0.009628221842441722
-0.35460488704258075	-0.9350162426853976	-0.748510748171037	0.6631226582408674	0.8854560256532773	0.4647231720436403	-0.9995771849337068	-0.029076646299156718	0.9983090972799876	0.0581287045100483	-0.9961968093719732	-0.08713160733683709	0.993242107423967	0.1160608290509629	0.3272678181812281	0.944931624607251	0.3816420913262877	0.924310182854272	0.002803190048226823	-0.030111228784480918
-0.907489414035616	0.4200749497569384	0.6470740731734114	-0.7624271400119299	-0.26693632896793984	0.9637141673116154	0.979703210417578	-0.20045353450984807	0.9196367610050182	-0.3927699425976979	0.8222389639317002	-0.5691424129271375	0.6914635443836022	-0.7224113556613477	-0.8048647839128346	0.5934582374665855	-0.9732758007884847	0.2296393163191652	0.006126004186508161	-0.04290947296160996
-0.496605898147941	0.8679761413337794	-0.5067651638493536	-0.8620841424760914	0.9999310368349345	-0.01174400162690536	-0.7607136977334436	0.6490875673441228	0.15737065983857787	-0.9875396070143064	0.5212856646123306	0.8533822448760466	-0.9504689508439412	-0.3108195191451425	-0.18561761299472315	-0.9826220543760154	0.9411674311874394	-0.33794062566083494	0.048024811670859806	-0.04665452745060728
0.4354503449782008	0.9002127509974328	-0.6207659941167317	0.7839959059512146	-0.976075877555934	-0.2174301755815258	0.9894973157265644	-0.14455124409676806	0.9582098756601533	-0.2860661360373748	0.9067948840102484	-0.421572103361738	0.8363323316252925	-0.5482227932859067	0.5610038205965892	0.8278132115858202	0.3007500743796833	0.9537029898037516	0.10949529112021722	-0.047730506338808036
0.9890549160664825	0.14754786682538984	0.956459253990554	0.29186588607754904	0.9029265382867931	0.42979491208880977	-0.7043667737450281	-0.7098362121250369	-0.00773489608804075	0.9999700852438071	0.715263181350601	-0.6988551934444054	-0.9998803427650144	-0.015469329401020204	-0.5919226013919437	-0.8059948101330394	-0.8013922391808722	0.5981391802755173	0.14951615553524222	-0.04876479970542891
-0.2540281630182129	-0.967196821951764	-0.8709393847871842	0.4913904639149202	0.6965144270536148	0.7175427882058147	0.587956073216377	-0.8088928581511758	-0.30861531193595665	-0.9511869370626744	-0.9508605670970014	-0.3096194146689913	-0.8095131784773445	0.5871017065820089	-0.931716002917854	-0.36318767862742424	0.6330012004887382	-0.7741508122968136	0.12964398885874662	-0.053367343330369084
-0.998459983458226	0.05547667467142076	0.9938446771348028	-0.11078247934948833	-0.9861682963258964	0.1657470703260812	-0.9986750775652438	0.05145959045750399	0.994703821099892	-0.10278282098324698	-0.9880967538175142	0.15383369297813307	0.9788713834214516	-0.20447692955092386	0.9942822944674008	-0.10678351421750902	0.9999919083844716	-0.004022830543576395	0.05631086036191407	-0.05668953920947395
0.16033438432740302	0.987062756466048	-0.9485857704047052	0.31652019870098624	-0.4645162152865502	-0.8855646140942282	0.8915175896453301	-0.4529860785421344	0.5896072252940385	-0.8076901137695477	0.1597728350178928	-0.9871538082742451	-0.3047266397621298	-0.9524398537541786	0.5900666111793793	0.8073545654613486	-0.3041847634737103	0.9526130534852244	-0.02587506860628319	-0.04152693713343303
0.709080388038732	0.7051276503576082	0.00558999340231743	0.9999843758648242	-0.7011528786570335	0.7130109681841895	0.0	0.0	0.0	0.0	0.0	0.0	0.0	0.0	0.0	0.0	0.0	0.0	-0.06182083724339171	-0.010113116948197276
0.6114208080919546	-0.7913056270697064	-0.2523291908643627	-0.9676414519013414	-0.91997944365891	-0.3919666098598735	0.9188234467793251	0.3946688151457629	0.6884730527028794	0.7252619221370845	0.3463469198189621	0.9381065030858264	-0.05200971140395658	0.998646579085753	0.8740914285774259	-0.4857614378349465	0.24948412006987414	-0.9683788896051796	-0.044916085407616095	0.0001304530325789699
0.2127073812421212	-0.9771159449958428	-0.9095111399302378	-0.4156795476599725	-0.5996268468123158	0.8002797289585184	-0.9947203220789445	-0.10262300347953593	0.9789370383136784	0.20416237414774524	-0.9528168100138356	-0.3035459216577583	0.916635449964712	0.3997242197665656	-0.31185892780095004	0.9501284171894038	-0.1113097817545132	0.99378575784007	0.029662387846977056	-0.02421590229092896
0.9792769320064724	0.20252577722351925	0.9179666191200188	0.3966576435433485	0.8186101369059398	0.5743495832285754	0.6733623205700581	-0.7393126437688634	-0.09316637047301252	-0.9956505548699732	-0.7988317674116525	-0.6015544924393595	-0.9826400548257708	0.1855222969133528	0.809138055207069	-0.5876185902570832	0.5096783196261415	0.8603650449100501	0.11648370196388565	-0.057104490114671225
-0.6047170056495972	-0.7964404202940638	-0.2686346861563701	0.963242132277066	0.929612931701796	-0.3685373755981771	0.8036794164463112	0.5950625140105169	0.2918012088389668	0.9564789880180944	-0.3346501659702532	0.9423424358565636	-0.8297041090402355	0.5582034498655031	-0.012066771455850629	-0.9999271938629491	-0.9599304489754072	-0.2802383505694269	0.15555639980503322	-0.0804148473942752
-0.8539244497292496	0.5203969966809937	0.4583739316908038	-0.8887594380631435	0.07109103495064467	0.9974698314985	0.0	0.0	0.0	0.0	0.0	0.0	0.0	0.0	0.0	0.0	0.0	0.0	0.12105140151841115	-0.08888346848672135
0.4787631293571789	0.8779441132373523	-0.5415717319362424	0.8406545421084566	-0.9973322836635442	-0.0729953146610105	0.9467138068298816	-0.3220760282257497	0.7925340640846522	-0.6098276455404957	0.553892074873995	-0.8325884754137427	0.2562204854690711	-0.9666183646227676	0.7360164177591861	0.6769636864625274	0.17048691176785746	0.9853599407911094	0.009903584849394464	-0.07791770692807976
0.9276050807747992	0.37356232963292507	0.7209023717584435	0.6930366299071433	0.4098203247966717	0.9121662684968956	-0.928885583959243	-0.3703668072501857	0.7256568561746077	0.6880567760634182	-0.41921880124431543	-0.9078852332113786	0.05315574582643045	0.998586233975632	-0.7232838998039722	-0.6905507948618678	-0.999994074474148	-0.003442530550641871	-0.09780154612551917	-0.05168981200859524
0.5209403404879107	-0.8535930890373582	-0.4572423233046792	-0.8893421488824979	-0.9973322836635566	-0.07299531466083906	-0.07802776857797601	-0.9969511860320652	-0.9878233346614836	0.15557975285449746	0.23218306968375765	0.9726721041297663	0.9515898810034668	-0.30737062054107833	-0.8916384548350915	-0.4527481262902039	0.8103428301740461	0.5859560543125373	-0.14066296958572755	-0.029621446441344568
-0.2529333823917006	-0.96748369705742	-0.8720494081437875	0.4894178478111213	0.6940741952206781	0.7199034737579532	-0.9804191889459674	0.196921847306314	0.9224435721069376	-0.3861319156435961	-0.8283435686810426	0.5602204318165798	0.7018042874428135	-0.712369807141547	0.4384994184851208	0.8987314726814739	0.0574620647585419	0.99834769049349	-0.10639649451047543	-0.02745031964022904
-0.9818642952360912	-0.1895850883918192	0.9281149885189321	0.3722936584022112	-0.8407016429642974	-0.5414986126640872	0.3023428590773688	0.9531992423228852	-0.8171775911298446	0.5763859683885655	-0.7964784776296774	-0.6046668790935316	0.3355584308895511	-0.9420193944176216	-0.11614729563686675	-0.993231999945754	-0.4775720208584648	0.8785926046201173	-0.04116343352548135	-0.04038741340596097
-0.659715718710497	0.7515152496698203	-0.12955034097258458	-0.9915728461156482	0.8306485113183346	0.5567971359881754	0.3346501659702533	0.9423424358565636	-0.7760185328321638	0.6307101051204237	-0.8540396275868054	-0.5202079531412322	0.20440952659796816	-0.978885460835942	-0.9289586857168648	-0.3701834143113317	0.4874107361975593	0.873172820373695	0.009076441563208136	-0.0519483151975052
0.7791477325176915	0.6268403392511841	0.21414237817492074	0.9768024579563614	-0.44545063573582067	0.8953065012176294	0.17061594661112256	-0.9853376064892636	-0.9417803975239812	-0.3362286169254069	-0.4919814546578292	0.8706056789803098	0.773900634320856	0.6333070410138962	0.750584387462095	-0.6607746040051417	-0.4847143315952636	0.8746725197158973	0.00951279249482856	-0.04977609325555721
0.8165988703698354	-0.5772055828824845	0.33366743017858275	-0.9426908539059986	-0.2716539772437623	-0.9623949899327436	-0.22883292010702114	0.9734657131482822	-0.8952709893505874	-0.4455220035275704	0.6385678696674147	-0.769565511069993	0.603020288745559	0.7977258497511677	0.3750251403110436	0.9270146407337276	-0.7487545484366916	-0.6628473626675796	-0.024509998020193543	-0.02871800603915908
-0.5312057170537762	-0.8472428731889005	-0.4356409723387668	0.900120515942023	0.994035667232214	-0.10905545502269516	-0.8171775911298448	-0.5763859683885653	0.3355584308895516	0.9420193944176212	0.2687559306545754	-0.9632083106670088	-0.7748010789178842	0.6322050997166052	-0.05424949566688809	0.9985274118520172	0.9224283121797016	0.3861683685768513	-0.06405392887385791	0.007258435317933466
-0.858448793601792	0.5128992774060301	0.4738686624727442	-0.880595531856875	0.04486483035094822	0.9989930665412952	0.03233435491192118	0.9994771080382132	-0.9979089789848598	0.06463489507529635	-0.09686784110449967	-0.9952972527640944	0.9916446606772108	-0.12899948430276506	-0.5403884744626989	-0.8414156503582976	0.4848736985306373	0.8745841848977266	-0.0864753666735884	0.04195782822145899
0.6062254109665841	0.7952928712734675	-0.2649815021967924	0.964253495453105	-0.9275024511021706	0.37381707184058016	0.09604540601284976	-0.9953769537134296	-0.9815505599676536	-0.19120276731047986	-0.2845922501213165	0.9586486588791986	0.926883003545629	0.37535036664193294	0.849841361249783	-0.5270385761110051	-0.7333910297865984	0.6798070295521756	-0.08637100420754645	0.06441975921366505
0.9683436981952652	-0.2496206765584879	0.8753790356689654	-0.4834372181693006	0.7269918472493155	-0.686646090816097	-0.9091607397237886	0.4164453737825569	0.6531465013102129	-0.757231568165398	-0.2784695728346057	0.960445051528359	-0.1467992956524562	-0.9891662988577516	-0.7764266970048216	0.6302075722951789	-0.9843334489113305	-0.17631693439464327	-0.07195105130121049	0.0798483954351159
-0.7847330998817296	-0.6198338180109336	0.2316120760999776	0.9728082268384955	0.4212257749857735	-0.9069558128639092	0.0	0.0	0.0	0.0	0.0	0.0	0.0	0.0	0.0	0.0	0.0	0.0	-0.0621747556654903	0.09435908433341966
-0.4202559267773215	0.9074056182372549	-0.6467699120170691	-0.7626851781104917	0.9638737043501616	-0.26635968550495226	0.8023799837885046	0.5968135065626105	0.2876272767688817	0.957742423440936	-0.3408072444466104	0.940133193825592	-0.8345410993170341	0.5509456902006913	-0.8787568726093997	0.4772696919371136	0.20434698518017927	0.9788985185644994	-0.05362597203768665	0.09865088738096685
0.8595053039550835	0.5111268262115375	0.4774987350538416	0.8786324362450894	-0.03867991313384358	0.9992516521477252	-0.44568638526527904	-0.8951891677121486	-0.6027272919783386	0.7979472485725222	0.982941081390391	0.18392071801482449	-0.2734396230089172	-0.961889168547365	0.07448538611558185	-0.9972221052780632	-0.8406250101877344	0.5416175701053942	-0.05095617090579129	0.08991018171682008
0.1247815646148532	-0.9921842374943624	-0.9688591222645384	-0.2476126030814833	-0.3665730789499381	0.930389261432634	0.5374668284779508	0.8432848915318317	-0.422258816571706	0.9064753123099724	-0.991367042357246	0.1311159308697703	-0.6433949836549248	-0.7655343852549533	0.9037599288810878	-0.42803970721050055	-0.7696280253089648	-0.6384925235733176	-0.04392377570219602	0.07928021154624963
-0.9891388986619252	-0.14698380575380995	0.9567915216922523	0.2907747994889239	-0.9036605253695588	-0.4282495240964233	0.0	0.0	0.0	0.0	0.0	0.0	0.0	0.0	0.0	0.0	0.0	0.0	-0.022368848781353038	0.07124324129907789
-0.17172738638283833	0.9851445095853296	-0.9410194095322388	-0.3383525836809833	0.4949249938518247	-0.8689356998424979	0.9606875653461776	0.2776317737385868	0.8458411964215323	0.5334347855513275	0.6644906739732221	0.7472965570659434	0.4308946591276185	0.9024022344471968	-0.4384837823123965	0.8987391015467251	0.10853105285761393	0.9940930593086432	0.005200524121754646	0.06405225467847453
0.941162966414622	0.33795305983172985	0.7715754587007424	0.6361378086002584	0.511193528632405	0.8594656341497026	-0.3298658587318433	-0.9440278148672864	-0.7823770304862072	0.6228050916358862	0.8460248007586478	0.5331435421172145	0.224227635664831	-0.9745367963315494	0.008579558477692638	-0.9999631949108566	-0.6294946187236294	0.7770048423259615	0.034950541102407195	0.05658088525303018
0.4052013170339808	-0.914227484094592	-0.6716237853478547	-0.7408923612475827	-0.9494870017825772	0.31380636297871983	0.0	0.0	0.0	0.0	0.0	0.0	0.0	0.0	0.0	0.0	0.0	0.0	0.05582010521085512	0.044982334703069116
-0.9131125215291668	-0.4077076440620739	0.6675489539467064	0.7445659098324728	-0.3059820956357032	-0.952037266681501	-0.6814496275386646	-0.7318650183793562	-0.07125281025483056	0.9974582883663804	0.7785600295571394	-0.6275701398058914	-0.9898460740615782	-0.14214341231615554	0.32385322528204746	0.9461073345421308	0.9206271501118352	-0.3904428901605972	0.05617665912526143	0.029764010796364263
-0.22573107233900566	0.974189654523534	-0.8980909659613651	-0.4398097507543256	0.6311851459478705	-0.7756322011976846	0.936530865526407	0.3505851364738081	0.7541801241672826	0.6566676026050183	0.4760950633719896	0.879393819987849	0.13757531937795545	0.990491308138569	-0.5529405295363582	0.8332207215354474	0.1301322964286523	0.9914966391401464	0.037865080118690886	0.023526451356386976
0.9585629474974346	0.28488080961172235	0.8376858486299392	0.5461523770937362	0.6473862847817741	0.7621620551276819	-0.5381247499927229	-0.8428652047897514	-0.42084350689053907	0.9071332552101002	0.9910573638557872	-0.13343650755028785	-0.6457814854161457	-0.7635222806792978	-0.27571032454028965	-0.9612407694963256	-0.755942568408399	0.6546379405962603	0.00774136585275581	0.032010480713954965
-0.18867822114376392	-0.9820389650446792	-0.92880105773205	0.3705787300369861	0.539167283882423	0.842198693890492	0.4600313675256866	0.8879026640868054	-0.5767422817848932	0.816926153579107	-0.9906704487244654	-0.13627935288981394	-0.3347366808031097	-0.9423117077299406	0.7851571132051406	-0.6192966232617209	-0.9587529133952996	-0.2842408328443065	-0.02598018674174429	0.04100524020953111
-0.7743168196814157	0.6327981216458041	0.19913307448308426	-0.9799724581063054	0.4659326418271672	0.8848201926267035	0.0	0.0	0.0	0.0	0.0	0.0	0.0	0.0	0.0	0.0	0.0	0.0	-0.05399778465699195	0.04033556859621778
0.896926842722317	0.4421789669400569	0.6089555223916482	0.793204369471522	0.19545026539180346	0.98071361454722	0.9920019965112506	0.12622218076745698	0.9681359221646147	0.2504253106506426	0.9287835388518668	0.3706226355173183	0.8745743275710582	0.48489147812024	0.8339404252083958	0.5518544800970994	0.9455660122017464	0.32543035594253794	-0.06287476941997427	0.03298082860054008
0.8036311154549642	-0.5951277428188088	0.2916459394547797	-0.9565263435993484	-0.3348796121710521	-0.9422609221187972	-0.8790657851978237	-0.4767004775480441	0.5455133094109335	0.838102159199898	-0.08001838614854832	-0.9967933877580558	-0.4048304585110624	0.9143917649791709	-0.9901422967206368	0.14006510002417594	-0.4227469383130055	0.9062477730438736	-0.043481170930053166	0.02559611868936473
-0.842052645949797	-0.5393953480045466	0.418105317102108	0.90839856000048	0.13791926884677866	-0.9904434740462325	-0.06145085315527012	0.9981101104820496	-0.9924475852929788	-0.12266943566404576	0.18342435481155267	-0.9830338275267873	0.969904419107729	0.2434859704280693	0.590120803885589	-0.807314955157791	-0.4866310968950541	0.8736075638035171	-0.009974743063936808	0.02257342476053881
-0.0798732605536925	0.9968050271986604	-0.987240524497044	-0.15923613531733827	0.2375814998383249	-0.971367608547131	0.2516694841695556	-0.9678132416627858	-0.8733249414756595	-0.4871381186034775	-0.6912479592367281	0.7226176436062564	0.5253929068069285	0.8508597378398899	0.9446194423964086	0.3281678062313517	-0.9848227669613852	0.17356300779406122	0.01949465896503616	0.02114014920018425
0.9994041405510828	-0.034516138969352	0.9976172723012968	-0.06899114440361397	0.9946415246953032	-0.1033839317873078	-0.8003755264726115	0.5994989713283001	0.28120196675262016	-0.9596486095933544	0.3502411821030872	0.9366595509356812	-0.8418509077889165	-0.5397101528181372	-0.7792062253461299	0.6267676271010142	-0.8205910049588317	-0.571515881302221	0.027008821549625417	0.021171441792827258
-0.4239143907096621	-0.9057022630805645	-0.6405931786985118	0.7678804460363192	0.9670277247911528	0.2546711202418647	-0.9668238837092156	-0.2554438840321476	0.8694968442211414	0.4939384960594548	-0.7144767478963657	-0.699659186115235	0.5120495242210479	0.8589559271260654	0.17849445372813647	0.9839409179357744	0.6412066614441467	0.7673682410157795	0.015218424401995225	0.023220730278697088
-0.9104775466588448	0.4135585049664569	0.6579387259398182	-0.7530714660035187	-0.2875993274322185	0.95775081668487	-0.33962016377050097	0.9405626743394072	-0.7693162887209962	-0.6388680989911398	0.8621708117039784	-0.5066176975251682	0.1836951041828944	0.9829832697962034	-0.07976115992141693	-0.9968140033968172	0.6981942269326986	0.7159083890260342	0.009567152988786076	0.015579171911928369
0.3717406671028825	0.9283366180550588	-0.7236177528438078	0.6902009473836426	-0.909736959442174	-0.41518509682418536	0.4243798513572323	-0.9054842581525167	-0.6398034835240269	-0.7685385497621574	-0.967419265828764	0.2531797071317822	-0.18130300494104049	0.983427282720664	0.9983534429639606	0.05736203380290612	-0.6828349448668413	0.7305726781564565	0.02225700752291826	-0.011395346747766657
0.9983018765209288	-0.05825258221565936	0.9932132733304156	-0.11630732427616484	0.9847514725815673	-0.1739670579403886	-0.9329425815851052	0.3600251928203345	0.7407637210693618	-0.6717656656509564	-0.44923745497297424	0.8934123958449451	0.0974617809050548	-0.9952392683484786	-0.9103859327382152	0.41376014002362493	-0.9523307270271658	-0.3050675111510733	0.04825859942593946	-0.0507890289211116
-0.4305880647132823	-0.902548568513889	-0.6291878370529405	0.7772532828522773	0.9724296109088056	0.2331965948030729	-0.8045390386422479	-0.5938997687325761	0.2945661293987853	0.9556310979719204	0.33055913751611493	-0.9437852809853532	-0.8264615908220363	0.5629931073253999	-0.18959847847506647	0.9818617096923272	0.8824482937455665	0.4704094055878754	0.06567587352236837	-0.0807449304974085
-0.9270897516847524	0.3748394220477672	0.7189908153577917	-0.6950195734158412	-0.4060482812625935	0.913851625420502	-0.7566466038640003	0.6538240717968974	0.14502816627785114	-0.9894275268993096	0.5371764649064809	0.8434698841989418	-0.957933661972168	-0.28698971978207216	0.4564002748961205	-0.889774572054487	0.9465583492826543	0.32253262068091154	0.06282137750347006	-0.08995398388647145
0.4758191531189686	0.8795431390927606	-0.547192267050295	0.8370069431494332	-0.9965482753212084	-0.08301526940464041	0.3433953508702125	-0.9391909459746316	-0.7641592660014473	-0.6450276088541709	-0.8682128294087939	0.4961919818477281	0.16787876763174142	0.9858076482653436	0.9894530378660829	-0.14485401567640538	-0.6626648677939717	0.7489160653848989	0.04148910748443052	-0.08738668427341577
0.999743678396023	0.022640174628065	0.9989748449856212	0.045268742924380025	0.9976938939060211	0.06787410450710225	-0.5708962474969212	0.8210222132158995	-0.34815494918786816	-0.9374370012731484	0.9684169555745916	0.2493363193673149	-0.7575762627119857	0.652746663090161	-0.5893380007357869	0.8078865767474701	-0.5521618281743299	-0.8337369582231446	0.028710249753588657	-0.0876935958613465
0.246062017096578	-0.9692540862654968	-0.8789069674847267	-0.4769932310911775	-0.6785932596156338	0.7345142530980789	-0.605635331169231	-0.7957423236447437	-0.2664116912790718	0.9638593314119152	0.928331996919542	-0.37175220711567414	-0.858049621499649	-0.5135667892731276	-0.9203003500195246	0.39121255827739027	0.6222526475946144	0.7828164807676781	0.03753097887104063	-0.09393595138624887
-0.7018974952906045	-0.7122779696893452	-0.014679812209551573	0.9998922457512572	0.7225049421330466	-0.691365756017264	-0.9969026395435456	0.07864558011173446	0.9876297454577776	-0.15680397280364294	-0.9722387607336116	0.2339910086459968	0.9508250282259888	-0.3097285354936604	0.7557409798712341	0.6548706523759229	0.6437059516171802	0.765272923768129	0.056188258917369054	-0.10237558650076073
-0.2941644017755935	0.9557548350534288	-0.8269346094560144	-0.5622980985952459	0.7806738511719182	-0.6249386674677807	0.4243798513572323	-0.9054842581525167	-0.6398034835240269	-0.7685385497621574	-0.967419265828764	0.2531797071317822	-0.18130300494104049	0.983427282720664	0.7405835126939194	0.6719643299505825	-0.9902584028941503	0.13924185971727787	0.05205918775800289	-0.10966366846141108
0.987050262637888	0.16041128085791354	0.9485364419470472	0.3166679938017671	0.8854560256529934	0.464723172044181	0.0	0.0	0.0	0.0	0.0	0.0	0.0	0.0	0.0	0.0	0.0	0.0	0.016510989340390414	-0.11227542154480286
-0.16361539867111652	-0.9865242020942474	-0.9464600026353832	0.32282110124871083	0.4733262599860242	0.8808871957337346	-0.5486834109645712	-0.8360302114949456	-0.397893029064567	0.9174318162249572	0.9853180197369148	-0.17072902501251747	-0.6833622748436473	-0.7300794486359109	-0.7349909822925398	0.678076880559017	0.9145370923509326	0.4045020478493303	-0.035709925574180845	-0.10595987078588354
-0.9853538358476652	-0.1705221926327852	0.9418443636394146	0.33604939321573873	-0.8707460771195357	-0.4917329246460314	-0.9406483905967636	0.3393826826279125	0.7696387894645632	-0.6384795484207163	-0.5072705867046019	0.8617868366738779	0.1846877324969564	-0.982797253488802	0.984743779041762	-0.1740106020866232	0.8689992206751453	0.494813454208745	-0.06329194003302345	-0.08618892121629139
-0.2699123455056805	0.9628848974532844	-0.8542946514872441	-0.5197890422472253	0.7310816917774403	-0.6822899383310849	0.6151979456035411	-0.7883726832692659	-0.2430629754503649	-0.9700105102344072	-0.914261631902238	-0.4051242629508343	-0.8818407799304306	0.4715472816714033	0.5930626298365698	0.8051563308397518	-0.9251616707328258	0.37957329069212226	-0.046840132505216965	-0.06243039578082433
0.847031230605441	0.5315431256060345	0.4349238112419353	0.9004672556038834	-0.11024312849371104	0.9939046496620884	0.0	0.0	0.0	0.0	0.0	0.0	0.0	0.0	0.0	0.0	0.0	0.0	-0.003975373821294037	-0.05386854029088317
0.04383412380517796	-0.9990388228643732	-0.9961571391804646	-0.08758398289523235	-0.13116547454167474	0.9913604885652127	-0.29811740395036995	-0.9545292103764514	-0.8222520269237839	0.5691235403844485	0.7883726832692662	0.6151979456035409	0.3521967915605422	-0.9359259693023054	-0.9666794539173884	0.2559899087346603	0.9405440235309108	0.3396718119012605	0.0196454386411527	-0.0642094683615737
-0.8939117194869315	0.4482430565707822	0.5981563244721652	-0.8013794428945314	-0.1754861775748602	0.984481894947878	0.7289334315146181	0.6845845838319203	0.06268789515935284	0.9980331797092168	-0.6375428264487467	0.7704149170698494	-0.99214045560098	0.1251291986703339	-0.9584624234947986	-0.285218833088696	-0.3447418508186849	0.9386975318461785	0.005273652585656152	-0.08462397368014685
0.7549887896415157	0.6557376971896912	0.14001614496872175	0.9901492206471194	-0.5435675500011032	0.8393654261320262	-0.1865596768393004	-0.9824436304326146	-0.9303909739552316	0.3665687324126753	0.5337065557098802	0.8456697419160131	0.731254728834729	-0.6821044799419272	0.5033748592257474	-0.8640681403103918	-0.7850757884513782	0.6193997145522805	-0.041568544483042036	-0.103036812981405
-0.031410759078099	-0.9995065603657326	-0.9980267284282752	0.06279051952925488	0.09410831331842592	0.9955619646030884	0.6950200483105717	0.7189903562958063	-0.03389426489274116	0.9994254243350928	-0.7421344355569802	0.6702510571125735	-0.9977023576147612	-0.06774958014590776	0.6968044706654217	-0.7172611307332089	-0.7404666852492859	-0.6720930650110406	-0.08856703790362126	-0.1074154182310766
-0.832355430236471	0.5542422193913586	0.38563112448828224	-0.922653041953422	0.19039110916443447	0.9817083199969004	-0.040889849958342266	0.9991636603531896	-0.9966560403407684	-0.08171130431133997	0.1223960818575609	-0.9924813344068076	0.9866465254954792	0.16287613001203927	-0.5197437959949651	-0.8543221795814177	0.5878135733037262	0.8089964171984354	-0.10490138774351472	-0.0959600933660597
0.8597827249348374	0.510660029671038	0.4784526681927492	0.8781133436517402	-0.037052047312626436	0.9993133371420314	0.0	0.0	0.0	0.0	0.0	0.0	0.0	0.0	0.0	0.0	0.0	0.0	-0.08223209599071069	-0.07697958010306549
0.4736002463411788	-0.8807399199908987	-0.5514056133311495	-0.8342372861403995	-0.9958919149562612	0.09054995154471844	-0.825840830155903	-0.5639032924601602	0.364026153505182	0.9313887263458912	0.22458550853754286	-0.97445438546652	-0.7349699191284434	0.6780997109395708	-0.8877705612844051	0.4602862484549937	0.10553372008352667	0.9944157248984612	-0.02840047337555085	-0.05516200192794452
-0.858105035875038	-0.5134741935150197	0.4726885051882002	0.8812295824942243	0.04687226247056036	-0.9989008914856824	0.619837650859616	0.784730072430535	-0.2316025731536656	0.9728104893084784	-0.906949640612837	0.4212390644185865	-0.892720496217202	-0.4506108250294401	-0.12894716855933844	-0.9916514648406108	-0.934824450695842	0.3551101890698397	0.0389359950869006	-0.023107078014092286
-0.5215809172563937	0.8532018206461933	-0.4559066935079581	-0.8900275764349331	0.9971653800228142	0.07524097875464199	-0.3083969831712233	0.9512577467599872	-0.8097826015417765	-0.5867300386380712	0.8078660058512807	-0.5893661990561542	0.31149572351953503	0.9502475541820886	-0.6507608600778655	-0.7592827556258056	0.972468822800968	0.2330330205788433	0.09306942550868874	0.0127705452486907
0.973631432795225	0.2281267916600707	0.8959163338537653	0.4442228300459448	0.7709531747941486	0.6368918293358953	0.9991636603531896	-0.04088984995834302	0.9966560403407684	-0.08171130431134145	0.9924813344068067	-0.12239608185756536	0.9866465254954788	-0.16287613001204224	0.982145216509056	0.18812435697798288	0.963489075944139	0.2677476433814295	0.114805845032046	0.026700144429272155
0.2885176513771142	-0.9574745766044308	-0.8335151296876678	-0.5524966321904144	-0.7694853065866677	0.6386645151777434	-0.9818695476700368	-0.18955788392529965	0.9281356172835252	0.37224222749404656	-0.8407466497672141	-0.5414287311412329	0.722871448140541	0.6909825391883627	-0.464783550505877	0.8854243339660091	-0.10178984119906036	0.9948059249062956	0.10012996304628713	0.016971089698461842
-0.9866433320849024	0.1628954733944465	0.9469301294951986	-0.3214394653028885	-0.881921264348559	0.4713967368256158	0.931589111970065	-0.3635130347853096	0.7357165470823485	-0.6772895705303797	0.439181937546192	-0.898398144328656	0.08255767530154745	-0.9965862884109956	-0.859931557681755	0.510409361300349	-0.9783608134545652	-0.20690606249339716	0.06013210429619404	-0.0036939370049363647
0.03880729539348402	0.9992467131916136	-0.9969879876484856	0.0775561247395899	-0.11618811007434394	-0.9932272263069274	0.0	0.0	0.0	0.0	0.0	0.0	0.0	0.0	0.0	0.0	0.0	0.0	0.019891504301465576	-0.027463450324110798
0.7932193938920487	-0.6089359516020802	0.2583940136929383	-0.9660396128977597	-0.38329310803835615	-0.9236267608348608	0.7890217773332133	-0.6143652292357838	0.2451107302121256	-0.9694950902066904	-0.4022263693423856	-0.9155402491456304	-0.8798414598697571	-0.4752672989952648	0.25175830048795633	-0.9677901415779228	0.9999764514798006	0.00686268794759323	-0.01192571309553664	-0.04369769068270324
