rh.aparc.area	rh_bankssts_area	rh_caudalanteriorcingulate_area	rh_caudalmiddlefrontal_area	rh_cuneus_area	rh_entorhinal_area	rh_fusiform_area	rh_inferiorparietal_area	rh_inferiortemporal_area	rh_isthmuscingulate_area	rh_lateraloccipital_area	rh_lateralorbitofrontal_area	rh_lingual_area	rh_medialorbitofrontal_area	rh_middletemporal_area	rh_parahippocampal_area	rh_paracentral_area	rh_parsopercularis_area	rh_parsorbitalis_area	rh_parstriangularis_area	rh_pericalcarine_area	rh_postcentral_area	rh_posteriorcingulate_area	rh_precentral_area	rh_precuneus_area	rh_rostralanteriorcingulate_area	rh_rostralmiddlefrontal_area	rh_superiorfrontal_area	rh_superiorparietal_area	rh_superiortemporal_area	rh_supramarginal_area	rh_frontalpole_area	rh_temporalpole_area	rh_transversetemporal_area	rh_insula_area	rh_WhiteSurfArea_area	BrainSegVolNotVent	eTIV
sub-0001	923.0	765.0	1899.0	1529.0	355.0	2967.0	4583.0	2515.0	1057.0	4362.0	2480.0	3154.0	1877.0	3004.0	609.0	1169.0	1225.0	866.0	1517.0	1435.0	3606.0	1171.0	4448.0	3376.0	639.0	6086.0	6235.0	4842.0	3670.0	3881.0	267.0	397.0	375.0	2165.0	79443.6	1014544.0	1201948.163836
sub-0002	1214.0	939.0	2053.0	1782.0	388.0	3904.0	6374.0	3920.0	1205.0	5198.0	2872.0	3481.0	2195.0	3916.0	826.0	1557.0	1725.0	917.0	1884.0	1780.0	3944.0	1317.0	4619.0	4822.0	835.0	6432.0	6700.0	5945.0	4874.0	4886.0	351.0	457.0	341.0	2672.0	96326.6	1270074.0	1692712.587
sub-0003	860.0	734.0	1923.0	1611.0	460.0	3037.0	5463.0	3125.0	927.0	4870.0	2953.0	2964.0	1996.0	2997.0	557.0	1449.0	1371.0	795.0	1503.0	1526.0	4141.0	1160.0	4676.0	3849.0	674.0	6539.0	6394.0	5484.0	3289.0	3589.0	304.0	429.0	299.0	2547.0	84481.2	1184521.0	1325368.010617
sub-0004	905.0	732.0	2344.0	1569.0	435.0	2904.0	5271.0	3347.0	889.0	5165.0	2930.0	3079.0	2125.0	3725.0	526.0	1369.0	1171.0	869.0	1493.0	1647.0	3555.0	1364.0	4539.0	3550.0	682.0	6555.0	8121.0	4693.0	3850.0	3466.0	314.0	436.0	296.0	2163.0	86075.1	1119876.0	1338131.287899
sub-0005	851.0	684.0	2271.0	1910.0	456.0	3590.0	5469.0	3325.0	1146.0	6168.0	2548.0	3286.0	2078.0	3752.0	623.0	1550.0	1519.0	934.0	1996.0	1594.0	4520.0	1350.0	6123.0	4073.0	634.0	5870.0	7108.0	5537.0	4397.0	3507.0	369.0	391.0	324.0	2487.0	92436.0	1225864.0	1581896.5295
sub-0006	1055.0	709.0	1786.0	1878.0	552.0	3203.0	5291.0	3393.0	938.0	5733.0	2986.0	3733.0	2184.0	3825.0	519.0	1590.0	1460.0	1038.0	1925.0	1740.0	4119.0	1031.0	5119.0	4160.0	628.0	6946.0	7087.0	5265.0	4303.0	4096.0	314.0	414.0	393.0	2500.0	91888.1	1247786.0	1354293.234785
sub-0007	888.0	606.0	2330.0	1474.0	495.0	2872.0	5588.0	3922.0	1028.0	4390.0	2638.0	3099.0	2108.0	4012.0	645.0	1316.0	1401.0	849.0	1463.0	1433.0	3925.0	1149.0	4806.0	3739.0	549.0	6344.0	6874.0	5100.0	3612.0	3214.0	332.0	538.0	270.0	2151.0	85149.2	1134965.0	1427446.163529
sub-0008	1169.0	816.0	2483.0	1820.0	442.0	3850.0	6061.0	3359.0	996.0	5251.0	3434.0	3090.0	2376.0	3556.0	672.0	1784.0	1639.0	870.0	1875.0	1551.0	4149.0	1507.0	5329.0	5005.0	689.0	7143.0	8461.0	5601.0	4167.0	3929.0	340.0	421.0	395.0	2513.0	96742.6	1271852.0	1654753.210314
sub-0009	675.0	769.0	2162.0	1609.0	363.0	2541.0	4633.0	2679.0	1075.0	4576.0	2473.0	3601.0	1898.0	2853.0	587.0	1282.0	1172.0	755.0	1307.0	1730.0	3648.0	992.0	4512.0	3616.0	542.0	5063.0	6563.0	4899.0	3292.0	3361.0	307.0	461.0	283.0	2047.0	78322.2	961027.0	1092941.805296
sub-0010	854.0	584.0	1909.0	1846.0	403.0	2401.0	4574.0	2402.0	813.0	5431.0	2239.0	2819.0	1793.0	2953.0	528.0	1155.0	1391.0	706.0	1534.0	1661.0	3042.0	1047.0	4092.0	3251.0	495.0	4900.0	6662.0	4407.0	3271.0	2804.0	256.0	367.0	298.0	1996.0	74876.1	996538.0	1093207.499499
sub-0011	767.0	536.0	2471.0	1633.0	512.0	2365.0	4681.0	3053.0	1023.0	5183.0	2617.0	3103.0	1870.0	3496.0	523.0	1327.0	1357.0	694.0	1319.0	1609.0	3527.0	1115.0	4599.0	3664.0	465.0	5145.0	7267.0	4914.0	3135.0	3265.0	321.0	470.0	315.0	2253.0	80589.8	1074820.0	1243840.702788
sub-0012	901.0	814.0	1976.0	1561.0	443.0	3172.0	5520.0	3103.0	793.0	5377.0	2770.0	3474.0	2358.0	3382.0	644.0	1567.0	1643.0	900.0	1595.0	1863.0	4377.0	1199.0	5098.0	3514.0	719.0	6239.0	6387.0	5620.0	3443.0	3781.0	368.0	461.0	280.0	2169.0	87498.9	1111331.0	1264759.854439
sub-0013	769.0	870.0	2499.0	1200.0	382.0	3064.0	5297.0	3330.0	709.0	4392.0	2660.0	1933.0	2133.0	3607.0	607.0	1438.0	1383.0	709.0	1323.0	1023.0	4123.0	1136.0	5438.0	3240.0	734.0	4723.0	6303.0	4821.0	3717.0	3356.0	256.0	521.0	356.0	2239.0	80288.9	990010.0	1265525.676304
sub-0014	802.0	768.0	2155.0	1508.0	439.0	3008.0	5700.0	3182.0	781.0	4379.0	3121.0	2847.0	2070.0	3730.0	693.0	1358.0	1190.0	881.0	1237.0	1473.0	3456.0	1119.0	4332.0	3708.0	645.0	6352.0	7155.0	5117.0	3593.0	3083.0	322.0	476.0	345.0	2161.0	83115.6	1120069.0	1194162.842278
sub-0015	921.0	647.0	2054.0	1629.0	487.0	2931.0	5683.0	3400.0	879.0	5191.0	2939.0	3247.0	2192.0	3203.0	531.0	1587.0	1371.0	961.0	1556.0	1484.0	3769.0	1016.0	4693.0	3893.0	562.0	6592.0	6970.0	5364.0	3491.0	3132.0	340.0	410.0	265.0	2150.0	85532.4	1171623.0	1339820.259997
sub-0016	745.0	551.0	2174.0	1578.0	503.0	2915.0	5554.0	3470.0	958.0	5255.0	2733.0	3082.0	1970.0	3608.0	565.0	1362.0	1736.0	888.0	1714.0	1453.0	4154.0	1084.0	4331.0	4275.0	524.0	6201.0	6941.0	4884.0	3679.0	3767.0	299.0	450.0	384.0	2655.0	86430.3	1139249.0	1474210.897235
sub-0017	855.0	743.0	1766.0	1499.0	506.0	2643.0	4695.0	3168.0	787.0	4586.0	2576.0	2635.0	2009.0	3103.0	565.0	1228.0	1126.0	751.0	1250.0	1329.0	3631.0	1081.0	4659.0	3383.0	496.0	5221.0	6241.0	4338.0	3169.0	3252.0	292.0	365.0	273.0	2346.0	76552.6	1029582.0	1337595.153561
sub-0018	851.0	793.0	1878.0	1748.0	532.0	3435.0	5733.0	3453.0	760.0	5517.0	3103.0	3292.0	2106.0	3067.0	636.0	1494.0	1864.0	849.0	1854.0	1724.0	3734.0	925.0	4658.0	4418.0	684.0	5640.0	6747.0	6232.0	3578.0	4216.0	339.0	512.0	325.0	2438.0	89131.8	1134499.0	1314539.920729
sub-0019	674.0	616.0	2298.0	1480.0	532.0	3188.0	4296.0	2958.0	810.0	4987.0	2729.0	2970.0	2080.0	2854.0	586.0	1551.0	1328.0	928.0	1694.0	1358.0	3746.0	1278.0	4527.0	3914.0	492.0	6247.0	7198.0	5002.0	3532.0	3639.0	273.0	431.0	411.0	2250.0	82843.9	1113947.0	1196587.615369
sub-0020	1031.0	852.0	1947.0	1432.0	398.0	3399.0	6156.0	3486.0	793.0	4665.0	2947.0	2591.0	2104.0	3887.0	597.0	1397.0	1375.0	907.0	1496.0	1419.0	3521.0	1158.0	3963.0	4374.0	741.0	6845.0	6925.0	5406.0	3768.0	3736.0	369.0	404.0	293.0	2162.0	86545.1	1150630.0	1315502.237016
sub-0021	1073.0	1019.0	2578.0	1489.0	540.0	3759.0	7447.0	4499.0	1069.0	5686.0	3119.0	3402.0	2645.0	4637.0	870.0	1806.0	1478.0	1010.0	1759.0	1450.0	4977.0	1543.0	5520.0	4431.0	830.0	8619.0	8702.0	6599.0	4875.0	4284.0	386.0	483.0	457.0	2677.0	105708.0	1372085.0	1609779.54358
sub-0022	992.0	710.0	2139.0	1816.0	477.0	3446.0	5904.0	3933.0	833.0	5839.0	2483.0	3718.0	2101.0	4257.0	657.0	1554.0	1286.0	886.0	1539.0	1824.0	4161.0	1061.0	4384.0	3763.0	718.0	7048.0	6560.0	5452.0	3872.0	3633.0	361.0	546.0	356.0	2229.0	90534.0	1221000.0	1408518.840885
sub-0023	826.0	503.0	2439.0	1792.0	396.0	3185.0	5360.0	3125.0	920.0	4808.0	2902.0	2806.0	1858.0	3759.0	600.0	1259.0	1441.0	732.0	1505.0	1632.0	3627.0	1043.0	4429.0	3957.0	525.0	5749.0	6716.0	5468.0	3494.0	3537.0	281.0	441.0	331.0	2023.0	83466.7	1084941.0	1210037.224423
sub-0024	891.0	642.0	2863.0	1908.0	410.0	3744.0	5320.0	3716.0	968.0	7059.0	2622.0	3608.0	1926.0	3725.0	646.0	1801.0	1634.0	1057.0	1654.0	1461.0	4228.0	1336.0	5546.0	4070.0	703.0	7259.0	8403.0	6072.0	3703.0	3686.0	352.0	459.0	372.0	2457.0	96204.3	1255311.0	1703918.889579
sub-0025	1087.0	580.0	2244.0	1156.0	361.0	2805.0	5687.0	3229.0	787.0	4369.0	2556.0	2702.0	1789.0	3789.0	623.0	1644.0	1515.0	800.0	1409.0	1206.0	3707.0	1055.0	4444.0	3514.0	599.0	5455.0	7770.0	4918.0	4011.0	3537.0	293.0	377.0	281.0	2459.0	82747.4	1140770.0	1193695.388857
sub-0026	1133.0	588.0	2645.0	1755.0	437.0	3211.0	5665.0	4000.0	839.0	5482.0	2713.0	3210.0	2087.0	4038.0	686.0	1699.0	1621.0	844.0	1690.0	1688.0	4132.0	1145.0	5065.0	3950.0	618.0	6611.0	7570.0	5759.0	3703.0	3611.0	383.0	464.0	304.0	2466.0	91809.0	1228402.0	1520543.146445
sub-0027	786.0	795.0	1874.0	1486.0	274.0	2994.0	4548.0	2979.0	737.0	4945.0	2799.0	2946.0	2029.0	3452.0	629.0	1565.0	1118.0	962.0	1556.0	1552.0	3523.0	1102.0	4242.0	3872.0	665.0	7351.0	6647.0	5302.0	3554.0	3174.0	295.0	405.0	335.0	2204.0	82694.7	1091162.0	1143148.09348
sub-0028	1001.0	828.0	2341.0	1783.0	584.0	3323.0	5537.0	4243.0	1063.0	6440.0	2866.0	3855.0	2174.0	3807.0	665.0	1389.0	1345.0	995.0	1682.0	1605.0	4390.0	1407.0	4788.0	4716.0	775.0	6232.0	7248.0	5328.0	4048.0	4903.0	327.0	537.0	372.0	2888.0	95464.6	1285061.0	1768709.871258
sub-0029	688.0	785.0	2374.0	1533.0	426.0	2818.0	5570.0	3248.0	813.0	4774.0	2776.0	2995.0	1974.0	3488.0	542.0	1330.0	1379.0	694.0	1531.0	1554.0	3939.0	1300.0	4919.0	3762.0	493.0	5817.0	7551.0	5007.0	3456.0	3057.0	303.0	431.0	312.0	2256.0	83880.3	1121926.0	1307248.794911
sub-0030	1265.0	811.0	1834.0	1790.0	576.0	3232.0	7730.0	3598.0	1081.0	6103.0	2909.0	3626.0	2211.0	4604.0	686.0	1433.0	1468.0	944.0	1540.0	1514.0	4397.0	1420.0	4378.0	4704.0	777.0	7708.0	7581.0	5884.0	4141.0	4636.0	384.0	594.0	324.0	2640.0	98507.7	1360253.0	1634121.287963
sub-0031	763.0	692.0	2092.0	1666.0	412.0	2642.0	5134.0	3123.0	802.0	5785.0	2727.0	2806.0	1919.0	3420.0	563.0	1333.0	1255.0	812.0	1248.0	1503.0	3636.0	1231.0	4899.0	3403.0	624.0	5147.0	6612.0	5090.0	3383.0	3169.0	347.0	357.0	294.0	2325.0	81083.6	1066825.0	1329892.526925
sub-0032	791.0	543.0	2284.0	2011.0	550.0	3342.0	5981.0	3590.0	992.0	6138.0	2803.0	3784.0	2314.0	3302.0	585.0	1553.0	1893.0	852.0	1586.0	2199.0	4221.0	1123.0	4245.0	4656.0	519.0	7174.0	8063.0	5315.0	3902.0	4049.0	288.0	563.0	370.0	2740.0	94217.6	1264512.0	1489493.778253
sub-0033	993.0	696.0	2173.0	1442.0	449.0	3384.0	5790.0	3390.0	854.0	5375.0	2710.0	2948.0	2247.0	3493.0	727.0	1611.0	1177.0	858.0	1190.0	1331.0	4089.0	1124.0	5417.0	3776.0	481.0	5766.0	7765.0	4992.0	3561.0	3655.0	338.0	423.0	337.0	2567.0	87013.3	1234151.0	1390204.431298
sub-0034	913.0	893.0	2186.0	1436.0	491.0	3169.0	5759.0	3531.0	830.0	5054.0	2781.0	3254.0	2083.0	3597.0	647.0	1510.0	1520.0	847.0	1546.0	1452.0	3469.0	1142.0	4224.0	4116.0	735.0	5996.0	6440.0	5267.0	3790.0	3704.0	328.0	490.0	315.0	2520.0	86032.9	1192164.0	1548854.973346
sub-0035	1009.0	899.0	2597.0	1996.0	407.0	2804.0	6007.0	3778.0	938.0	5651.0	2984.0	3250.0	2040.0	3940.0	664.0	1379.0	1628.0	921.0	1580.0	1394.0	4126.0	1279.0	5420.0	4760.0	704.0	5513.0	7731.0	6138.0	4229.0	3880.0	313.0	490.0	406.0	2263.0	93108.0	1178058.0	1285548.492311
sub-0036	995.0	626.0	2418.0	1725.0	509.0	3076.0	6584.0	4168.0	873.0	4837.0	3148.0	3131.0	2136.0	4187.0	611.0	1651.0	1674.0	896.0	1575.0	1475.0	3685.0	1255.0	4576.0	4330.0	570.0	6339.0	7558.0	6399.0	3761.0	3958.0	347.0	521.0	342.0	2235.0	92171.5	1206564.0	1325186.698783
sub-0037	917.0	587.0	2247.0	1448.0	424.0	2755.0	5115.0	2968.0	800.0	4059.0	3078.0	3358.0	1920.0	3076.0	558.0	1635.0	1199.0	724.0	1612.0	1351.0	4011.0	1166.0	5032.0	3534.0	559.0	4811.0	6657.0	4812.0	3742.0	3337.0	282.0	417.0	375.0	2179.0	80739.4	1040608.0	1039161.90809
sub-0038	942.0	729.0	2018.0	1794.0	474.0	3714.0	5518.0	3811.0	1105.0	6455.0	2890.0	3849.0	2054.0	3677.0	683.0	1397.0	1425.0	847.0	1619.0	1774.0	4056.0	1277.0	4908.0	4492.0	630.0	5431.0	6640.0	5853.0	4094.0	3845.0	385.0	515.0	346.0	2431.0	91679.1	1176616.0	1370328.370742
sub-0039	1095.0	613.0	2488.0	1463.0	459.0	2915.0	5738.0	3362.0	800.0	5299.0	2791.0	3122.0	2193.0	3533.0	650.0	1744.0	1572.0	886.0	1775.0	1486.0	2725.0	1417.0	6404.0	3321.0	515.0	5943.0	6571.0	3748.0	3655.0	2800.0	309.0	521.0	324.0	2244.0	84480.0	1126390.0	1282072.917977
sub-0040	1053.0	945.0	2684.0	2133.0	586.0	3625.0	6963.0	4457.0	959.0	6221.0	3029.0	4021.0	2496.0	4688.0	675.0	1601.0	1641.0	917.0	1898.0	2021.0	4988.0	1262.0	6254.0	5579.0	976.0	7151.0	10486.0	6776.0	4972.0	4728.0	352.0	545.0	380.0	2928.0	109977.0	1365708.0	1776357.318161
sub-0041	1233.0	739.0	2267.0	1554.0	398.0	2693.0	5850.0	3185.0	977.0	4524.0	2800.0	3271.0	1957.0	4090.0	706.0	1330.0	1454.0	894.0	1458.0	1517.0	3801.0	1280.0	4856.0	3589.0	582.0	6252.0	6702.0	5148.0	4219.0	4292.0	353.0	430.0	348.0	2556.0	87288.8	1123563.0	1211554.573673
sub-0042	851.0	749.0	2009.0	1819.0	575.0	3240.0	6067.0	4237.0	842.0	5062.0	3026.0	3397.0	2382.0	4315.0	660.0	1672.0	1386.0	1010.0	1888.0	1570.0	3795.0	1327.0	4674.0	4156.0	718.0	7378.0	7867.0	5054.0	3904.0	3595.0	360.0	607.0	362.0	3087.0	93636.5	1260747.0	1595125.765693
sub-0043	682.0	497.0	2855.0	1974.0	572.0	3407.0	4373.0	3446.0	1226.0	6001.0	2684.0	3390.0	2040.0	3855.0	650.0	1408.0	1484.0	938.0	1572.0	1709.0	4296.0	1285.0	5052.0	3903.0	596.0	6456.0	7658.0	5161.0	3839.0	3757.0	328.0	496.0	342.0	2549.0	90465.6	1207592.0	1573892.518748
sub-0044	1001.0	910.0	1666.0	1841.0	399.0	2898.0	5542.0	3015.0	1019.0	5482.0	2720.0	3410.0	2031.0	3962.0	659.0	1443.0	1338.0	983.0	1409.0	1474.0	3790.0	1386.0	4608.0	4091.0	620.0	7072.0	7342.0	5129.0	4172.0	3756.0	354.0	522.0	338.0	2725.0	89096.5	1263702.0	1447858.351082
sub-0045	1181.0	1315.0	3017.0	1896.0	314.0	3578.0	5737.0	3866.0	1250.0	5900.0	3775.0	3851.0	2345.0	4170.0	728.0	1631.0	1605.0	937.0	1942.0	1937.0	4537.0	1682.0	5891.0	4918.0	1075.0	7199.0	9193.0	6691.0	4635.0	5397.0	354.0	434.0	448.0	2879.0	106295.0	1384451.0	1641357.40128
sub-0046	919.0	841.0	2388.0	1619.0	480.0	3226.0	5219.0	3583.0	922.0	4752.0	3269.0	3218.0	2302.0	3956.0	576.0	1545.0	1442.0	996.0	1289.0	1510.0	3701.0	1249.0	4895.0	4474.0	729.0	6487.0	7919.0	5592.0	4019.0	3993.0	380.0	485.0	361.0	2283.0	90617.9	1196331.0	1302253.120518
sub-0047	1032.0	742.0	2328.0	1805.0	401.0	3051.0	5232.0	3590.0	1401.0	5510.0	3140.0	3723.0	2086.0	4232.0	629.0	1391.0	1615.0	821.0	1770.0	1630.0	3959.0	1790.0	4450.0	4254.0	702.0	6890.0	7578.0	5876.0	4004.0	4128.0	335.0	438.0	373.0	2240.0	93135.0	1131089.0	1352635.107834
sub-0048	818.0	701.0	2016.0	1406.0	469.0	2633.0	5275.0	3158.0	782.0	4365.0	2396.0	2637.0	1845.0	3344.0	622.0	1466.0	1535.0	799.0	1564.0	1211.0	3775.0	1042.0	4114.0	3677.0	494.0	5380.0	6334.0	5417.0	3351.0	3918.0	294.0	493.0	294.0	2411.0	80034.4	1065029.0	1275646.579865
sub-0049	994.0	724.0	2088.0	1389.0	465.0	3135.0	5174.0	3285.0	774.0	4805.0	3021.0	2588.0	2113.0	3654.0	641.0	1444.0	1342.0	900.0	1350.0	1268.0	3822.0	1011.0	5206.0	3389.0	541.0	5058.0	7076.0	5019.0	3861.0	3806.0	338.0	451.0	369.0	2017.0	83033.9	1063425.0	1241971.165177
sub-0050	741.0	700.0	2022.0	1343.0	379.0	2591.0	4168.0	3209.0	680.0	3676.0	2409.0	2913.0	1726.0	3314.0	492.0	1405.0	1394.0	651.0	1546.0	1283.0	3236.0	1105.0	4032.0	3672.0	592.0	5026.0	6153.0	4765.0	3213.0	3328.0	295.0	452.0	302.0	2381.0	75186.1	1004192.0	1167348.605998
sub-0051	874.0	611.0	2538.0	1695.0	468.0	3287.0	5180.0	3934.0	792.0	5326.0	2938.0	3395.0	2014.0	3743.0	700.0	1564.0	1173.0	815.0	1346.0	1452.0	3855.0	1278.0	4872.0	4709.0	512.0	6225.0	8324.0	5940.0	3524.0	3645.0	318.0	519.0	324.0	2263.0	90148.0	1129476.0	1367177.983431
sub-0052	1233.0	1051.0	2622.0	1932.0	402.0	3673.0	7786.0	3375.0	1171.0	7038.0	3261.0	3752.0	2579.0	4135.0	810.0	1740.0	1893.0	1085.0	2095.0	1627.0	4879.0	1459.0	5042.0	5059.0	956.0	7377.0	9035.0	7531.0	4385.0	4746.0	401.0	465.0	380.0	2816.0	107780.0	1393928.0	1612813.686328
sub-0053	904.0	731.0	1892.0	1693.0	464.0	2870.0	5273.0	3502.0	882.0	5081.0	2804.0	3224.0	1791.0	3964.0	658.0	1567.0	1501.0	956.0	1585.0	1588.0	4091.0	1067.0	5105.0	3691.0	593.0	5543.0	6596.0	5365.0	3734.0	4166.0	344.0	469.0	360.0	2121.0	86171.7	1085378.0	1448329.281742
sub-0054	732.0	537.0	1946.0	1235.0	364.0	2575.0	5167.0	2956.0	951.0	4878.0	2288.0	2455.0	1633.0	3212.0	656.0	1439.0	1550.0	773.0	1833.0	1139.0	3576.0	1038.0	4200.0	3837.0	568.0	4416.0	6000.0	4666.0	3378.0	3063.0	307.0	408.0	318.0	2310.0	76398.4	1051119.0	1474969.459443
sub-0055	944.0	703.0	1871.0	1632.0	418.0	3512.0	6227.0	3744.0	802.0	5734.0	3423.0	3335.0	2040.0	4141.0	694.0	1644.0	1232.0	1085.0	1665.0	1591.0	4761.0	1021.0	5352.0	4189.0	713.0	5852.0	7324.0	6064.0	3871.0	3840.0	365.0	531.0	350.0	2459.0	93130.5	1281831.0	1559112.265607
sub-0056	879.0	710.0	1892.0	1812.0	595.0	3386.0	6757.0	4579.0	934.0	5627.0	3147.0	3384.0	2129.0	3778.0	600.0	1493.0	1333.0	941.0	1604.0	1643.0	3987.0	1134.0	4801.0	4152.0	621.0	6123.0	7091.0	6194.0	3592.0	3617.0	358.0	672.0	364.0	2594.0	92513.1	1128463.0	1159536.339825
sub-0057	840.0	643.0	1740.0	1347.0	324.0	2827.0	5088.0	2958.0	698.0	4092.0	1649.0	2541.0	1531.0	2912.0	570.0	1437.0	1064.0	586.0	1103.0	1202.0	3372.0	941.0	3822.0	3497.0	450.0	4103.0	5717.0	4278.0	2870.0	3012.0	267.0	418.0	267.0	1694.0	69850.7	920873.0	1012605.008482
sub-0058	907.0	972.0	2470.0	1798.0	311.0	3484.0	6489.0	3945.0	1350.0	6396.0	3411.0	4500.0	2326.0	4051.0	793.0	1871.0	1770.0	1078.0	1926.0	1949.0	3909.0	1498.0	5395.0	4666.0	797.0	7631.0	8294.0	5913.0	4632.0	4095.0	443.0	485.0	427.0	2980.0	102964.0	1324301.0	1600616.506302
sub-0059	977.0	567.0	2319.0	1670.0	340.0	2958.0	5082.0	2957.0	888.0	5079.0	2900.0	3310.0	2245.0	3521.0	662.0	1492.0	1513.0	712.0	1449.0	1538.0	3595.0	1173.0	4446.0	4373.0	504.0	5775.0	7402.0	5857.0	3639.0	3522.0	269.0	533.0	332.0	2140.0	85668.5	1142257.0	1501855.143357
sub-0060	884.0	909.0	1742.0	1524.0	560.0	3521.0	6624.0	4033.0	960.0	5818.0	2958.0	2564.0	2218.0	3753.0	584.0	1325.0	1211.0	1083.0	1552.0	1355.0	4335.0	1241.0	4179.0	4524.0	812.0	6549.0	7592.0	5789.0	3468.0	4231.0	349.0	584.0	335.0	2459.0	91611.7	1205004.0	1505207.336789
sub-0061	1007.0	725.0	2769.0	1518.0	524.0	2959.0	6653.0	3197.0	878.0	4299.0	3487.0	3003.0	2141.0	3586.0	660.0	1695.0	1492.0	1032.0	1492.0	1417.0	4624.0	1218.0	4664.0	3985.0	817.0	7309.0	7995.0	5906.0	3430.0	3728.0	329.0	461.0	286.0	2225.0	91500.4	1181018.0	1369511.409073
sub-0062	1015.0	779.0	1853.0	1275.0	318.0	2923.0	4432.0	3241.0	762.0	3732.0	2702.0	2426.0	1925.0	3760.0	669.0	1481.0	1354.0	729.0	1590.0	1014.0	3592.0	1216.0	4243.0	3916.0	599.0	4802.0	6242.0	4664.0	3814.0	3676.0	258.0	480.0	336.0	2279.0	78098.6	1084223.0	1272209.610922
sub-0063	1062.0	880.0	1776.0	1777.0	452.0	2597.0	5073.0	3416.0	1299.0	5053.0	2929.0	3586.0	1972.0	3833.0	548.0	1138.0	1338.0	903.0	1627.0	1739.0	3675.0	1238.0	4312.0	4133.0	758.0	6757.0	5448.0	4887.0	3889.0	3582.0	303.0	501.0	322.0	2390.0	85183.5	1086311.0	1170114.002443
sub-0064	793.0	815.0	2107.0	1403.0	460.0	2888.0	4216.0	3593.0	775.0	4251.0	2640.0	3172.0	1790.0	2913.0	530.0	1200.0	1298.0	808.0	1498.0	1412.0	3375.0	973.0	4001.0	3817.0	594.0	5315.0	6250.0	4963.0	3016.0	3264.0	301.0	495.0	312.0	1746.0	76818.6	984512.0	1157736.089383
sub-0065	1051.0	843.0	2193.0	1440.0	396.0	2858.0	5221.0	3291.0	859.0	4502.0	2894.0	2431.0	1881.0	3736.0	575.0	1573.0	1729.0	1088.0	1900.0	1260.0	4149.0	1300.0	5323.0	3813.0	486.0	6221.0	7263.0	5138.0	4087.0	4592.0	309.0	417.0	380.0	2411.0	87486.9	1072697.0	1274150.700682
sub-0066	838.0	679.0	2217.0	1497.0	607.0	3093.0	4491.0	3358.0	926.0	5515.0	2412.0	3064.0	1969.0	3198.0	593.0	1622.0	1271.0	908.0	1798.0	1483.0	3710.0	1092.0	5140.0	4173.0	584.0	5895.0	8325.0	5224.0	3381.0	3944.0	309.0	477.0	338.0	2113.0	86227.5	1223530.0	1314873.090574
sub-0067	912.0	580.0	2421.0	1812.0	444.0	3089.0	5174.0	3514.0	941.0	4929.0	2934.0	3305.0	2165.0	3794.0	493.0	1328.0	1411.0	968.0	1327.0	1672.0	4474.0	1209.0	4658.0	4429.0	448.0	5471.0	7567.0	5216.0	3991.0	3352.0	339.0	472.0	342.0	2448.0	87623.5	1108653.0	1454330.520659
sub-0068	960.0	636.0	2399.0	1851.0	497.0	3010.0	5872.0	3609.0	1011.0	5393.0	2436.0	2921.0	1762.0	3158.0	577.0	1670.0	1513.0	779.0	1663.0	1434.0	3930.0	1084.0	4531.0	4040.0	543.0	6653.0	7301.0	5382.0	3451.0	2936.0	304.0	499.0	302.0	2065.0	86023.5	1126409.0	1186125.767314
sub-0069	822.0	717.0	2072.0	1620.0	405.0	2963.0	4455.0	3184.0	772.0	4972.0	2874.0	3007.0	2047.0	3073.0	602.0	1495.0	1482.0	865.0	1671.0	1589.0	3544.0	1217.0	4532.0	3574.0	667.0	6095.0	7017.0	5221.0	3280.0	3346.0	305.0	498.0	308.0	1992.0	82284.6	1094167.0	1221414.088014
sub-0070	797.0	873.0	2417.0	2345.0	566.0	3469.0	5790.0	4314.0	1111.0	6680.0	3170.0	3961.0	2561.0	3918.0	771.0	1669.0	1445.0	886.0	2096.0	2549.0	4672.0	1282.0	4687.0	4156.0	817.0	7480.0	8085.0	4995.0	3439.0	3710.0	362.0	629.0	266.0	3166.0	99133.1	1292486.0	1755328.487204
sub-0071	1211.0	657.0	1979.0	1804.0	342.0	3192.0	5843.0	3277.0	980.0	5795.0	2700.0	3492.0	2117.0	3997.0	643.0	1535.0	1432.0	921.0	1693.0	1557.0	4547.0	1228.0	4610.0	4055.0	722.0	6053.0	7046.0	5788.0	4097.0	4171.0	277.0	408.0	398.0	2612.0	91166.3	1249893.0	1634089.751352
sub-0072	1065.0	619.0	1980.0	1496.0	422.0	3067.0	5222.0	3496.0	892.0	4118.0	3054.0	2471.0	2064.0	3994.0	617.0	1482.0	1325.0	902.0	1371.0	1298.0	3991.0	988.0	4582.0	4572.0	543.0	6408.0	7119.0	5815.0	3846.0	3780.0	321.0	425.0	328.0	2057.0	85721.6	1157016.0	1303487.747039
sub-0073	859.0	550.0	2492.0	1718.0	439.0	2522.0	4297.0	3193.0	787.0	4488.0	2647.0	3029.0	1986.0	3143.0	635.0	1461.0	1105.0	820.0	1417.0	1579.0	3612.0	1045.0	4950.0	3465.0	509.0	6050.0	6704.0	4876.0	3521.0	3052.0	312.0	420.0	378.0	2194.0	80244.1	1058891.0	1187048.694322
sub-0074	1311.0	1533.0	3197.0	1833.0	621.0	3881.0	8366.0	4375.0	997.0	6014.0	3799.0	3447.0	2577.0	5247.0	884.0	2028.0	1671.0	1231.0	1987.0	1560.0	5468.0	1892.0	5762.0	5942.0	1060.0	9745.0	8974.0	7041.0	4762.0	5376.0	413.0	607.0	412.0	3463.0	117463.0	1500430.0	1961809.725767
sub-0075	957.0	925.0	1927.0	1874.0	514.0	3567.0	6201.0	4031.0	1146.0	6010.0	2758.0	3218.0	2397.0	4093.0	846.0	1661.0	1361.0	916.0	1515.0	1709.0	4078.0	1401.0	4862.0	4427.0	775.0	6654.0	8169.0	6351.0	4228.0	4249.0	387.0	433.0	354.0	2897.0	96887.4	1318890.0	1699569.476078
sub-0076	1320.0	953.0	2943.0	1855.0	567.0	4050.0	6889.0	4314.0	1069.0	5903.0	3039.0	3868.0	2280.0	4486.0	651.0	1778.0	1767.0	951.0	1847.0	1848.0	4091.0	1583.0	5417.0	5290.0	827.0	7600.0	8348.0	7089.0	4672.0	5252.0	350.0	629.0	362.0	3052.0	106899.0	1389071.0	1624560.177194
sub-0077	815.0	456.0	2181.0	1726.0	310.0	2791.0	5225.0	2851.0	1066.0	4140.0	2557.0	3012.0	1787.0	3064.0	673.0	1381.0	1440.0	687.0	1617.0	1690.0	3630.0	1064.0	3932.0	3703.0	448.0	4715.0	7200.0	4729.0	3422.0	3369.0	239.0	521.0	375.0	2537.0	79326.1	1031018.0	1438180.560507
sub-0078	1050.0	791.0	2254.0	1775.0	483.0	2682.0	5652.0	3428.0	1007.0	5479.0	2619.0	3126.0	2077.0	3643.0	603.0	1574.0	1644.0	917.0	1867.0	1593.0	3618.0	1222.0	4992.0	4195.0	611.0	7115.0	7742.0	5619.0	3986.0	3762.0	406.0	497.0	368.0	2458.0	90770.0	1163738.0	1405179.745512
sub-0079	838.0	836.0	2602.0	2440.0	353.0	3248.0	5300.0	3389.0	1023.0	6091.0	3125.0	3981.0	2265.0	3467.0	688.0	1493.0	1767.0	1059.0	2030.0	2403.0	4024.0	1515.0	5069.0	4469.0	810.0	7846.0	8511.0	5962.0	4680.0	5136.0	314.0	576.0	446.0	2651.0	100343.0	1237550.0	1670680.937755
sub-0080	978.0	771.0	1699.0	1611.0	496.0	3524.0	6225.0	3515.0	814.0	4973.0	2633.0	2917.0	2252.0	4060.0	641.0	1479.0	1156.0	938.0	1526.0	1320.0	3726.0	1176.0	4379.0	3981.0	685.0	6562.0	7046.0	5407.0	3780.0	3824.0	360.0	539.0	351.0	2211.0	87555.3	1152858.0	1245058.25468
sub-0081	1222.0	878.0	2036.0	2026.0	672.0	4173.0	6698.0	4262.0	1072.0	6587.0	3199.0	4308.0	2626.0	5276.0	664.0	1933.0	2029.0	963.0	2045.0	1977.0	5038.0	1302.0	6326.0	5003.0	744.0	7550.0	9042.0	6027.0	4766.0	4408.0	379.0	489.0	423.0	3334.0	109457.0	1429029.0	1813905.93453
sub-0082	972.0	784.0	1960.0	1573.0	502.0	2882.0	5245.0	3252.0	1017.0	4577.0	3015.0	2868.0	2036.0	3451.0	658.0	1886.0	1460.0	921.0	1657.0	1546.0	4263.0	1412.0	4755.0	4058.0	694.0	6928.0	7541.0	5897.0	3350.0	3792.0	303.0	498.0	261.0	2208.0	88213.7	1204055.0	1664552.018743
sub-0083	1122.0	748.0	2532.0	1669.0	424.0	3061.0	6621.0	3575.0	1115.0	5310.0	3303.0	3368.0	2315.0	4030.0	668.0	1279.0	1543.0	1023.0	2160.0	1404.0	4376.0	1529.0	4647.0	4160.0	823.0	6974.0	7522.0	6329.0	3869.0	4309.0	330.0	449.0	349.0	2357.0	95289.9	1263837.0	1642311.48061
sub-0084	981.0	588.0	2171.0	1938.0	449.0	3196.0	5515.0	3191.0	851.0	5415.0	3007.0	3602.0	2389.0	3430.0	622.0	1789.0	1697.0	963.0	1693.0	1950.0	3852.0	1096.0	4842.0	4337.0	684.0	6926.0	8247.0	6030.0	4051.0	3788.0	333.0	434.0	381.0	2405.0	92841.6	1251650.0	1375169.673746
sub-0085	724.0	604.0	1880.0	1447.0	289.0	2594.0	4012.0	2744.0	802.0	4510.0	2413.0	3087.0	1669.0	3006.0	570.0	1177.0	1503.0	826.0	1685.0	1504.0	2954.0	948.0	3862.0	3097.0	531.0	5042.0	5331.0	4044.0	3271.0	2638.0	309.0	386.0	288.0	2150.0	71892.1	962921.0	1025878.102196
sub-0086	949.0	902.0	2909.0	1663.0	599.0	3620.0	6497.0	3005.0	1006.0	5497.0	3191.0	3145.0	2314.0	3483.0	779.0	1467.0	1593.0	1107.0	1870.0	1258.0	4216.0	1335.0	5297.0	3997.0	733.0	6262.0	8275.0	5669.0	4287.0	4595.0	320.0	408.0	412.0	2579.0	95235.0	1277219.0	1557559.838422
sub-0087	962.0	896.0	2150.0	1579.0	458.0	3447.0	4913.0	3649.0	809.0	5407.0	2917.0	2731.0	2181.0	3540.0	652.0	1454.0	1271.0	896.0	1643.0	1605.0	3506.0	1246.0	4586.0	4424.0	656.0	5912.0	6959.0	4961.0	3461.0	4001.0	286.0	533.0	336.0	2317.0	86340.7	1135006.0	1199212.396541
sub-0088	1205.0	800.0	2919.0	1993.0	582.0	3898.0	6123.0	4025.0	966.0	6005.0	3547.0	2993.0	2339.0	4693.0	577.0	1827.0	1423.0	1071.0	1637.0	1660.0	4739.0	1325.0	5756.0	5421.0	784.0	7441.0	9963.0	6371.0	5291.0	4059.0	421.0	617.0	461.0	3176.0	106108.0	1367947.0	1749974.361296
sub-0089	914.0	757.0	2496.0	1725.0	415.0	3084.0	5401.0	3568.0	932.0	5047.0	2989.0	3572.0	2209.0	3794.0	561.0	1409.0	1434.0	924.0	1623.0	1823.0	3922.0	1235.0	4446.0	4004.0	767.0	6727.0	7770.0	5549.0	3787.0	3775.0	337.0	449.0	361.0	2371.0	90170.7	1109753.0	1266847.45001
sub-0090	987.0	627.0	2424.0	1401.0	415.0	3109.0	4926.0	3401.0	1032.0	4656.0	3003.0	2827.0	1975.0	4030.0	578.0	1420.0	1257.0	862.0	1472.0	1150.0	4392.0	1111.0	5199.0	3899.0	578.0	5617.0	7085.0	5062.0	3757.0	3930.0	289.0	472.0	349.0	2310.0	85428.2	1083879.0	1379263.516306
sub-0091	926.0	675.0	2334.0	2070.0	380.0	3360.0	5580.0	4247.0	1003.0	4789.0	3169.0	3507.0	2194.0	4108.0	628.0	1843.0	1614.0	1067.0	1964.0	1920.0	4302.0	1409.0	5134.0	4415.0	722.0	6903.0	8402.0	6101.0	4173.0	4313.0	321.0	412.0	383.0	2889.0	97258.4	1197099.0	1582574.563044
sub-0092	929.0	718.0	2037.0	1753.0	287.0	3471.0	6195.0	3409.0	834.0	5978.0	2992.0	3438.0	2306.0	4146.0	745.0	1733.0	1496.0	832.0	1765.0	1650.0	4175.0	1283.0	4728.0	4600.0	887.0	7250.0	8279.0	5599.0	4435.0	4272.0	348.0	399.0	392.0	2954.0	96315.1	1297126.0	1766651.713107
sub-0093	1018.0	860.0	2094.0	1717.0	342.0	2939.0	4955.0	3322.0	960.0	4835.0	2699.0	3345.0	2097.0	3646.0	620.0	1266.0	1463.0	763.0	1654.0	1696.0	3395.0	1287.0	4318.0	4646.0	675.0	6578.0	5929.0	5929.0	3824.0	3389.0	382.0	503.0	349.0	2378.0	85793.7	1087119.0	1460791.342004
sub-0094	870.0	766.0	1985.0	1631.0	305.0	2539.0	6110.0	2862.0	842.0	4718.0	2856.0	3589.0	1829.0	3615.0	673.0	1462.0	1163.0	873.0	1502.0	1582.0	3752.0	1346.0	4274.0	3782.0	753.0	6615.0	6426.0	5940.0	3359.0	3203.0	311.0	422.0	299.0	2533.0	84778.4	1090472.0	1225095.466245
sub-0095	1019.0	624.0	2677.0	1835.0	403.0	3081.0	5646.0	3196.0	928.0	6027.0	2780.0	3289.0	2084.0	3633.0	603.0	1467.0	1447.0	786.0	1482.0	1564.0	3967.0	1176.0	4735.0	4172.0	692.0	6220.0	7657.0	5802.0	3715.0	3610.0	319.0	468.0	301.0	2231.0	89632.7	1176761.0	1393838.718019
sub-0096	899.0	781.0	1868.0	1325.0	391.0	2643.0	5076.0	3316.0	1001.0	4358.0	2610.0	2711.0	2049.0	3741.0	521.0	1302.0	1272.0	887.0	1344.0	1216.0	3732.0	1429.0	4617.0	3717.0	607.0	6006.0	6169.0	5055.0	3823.0	3672.0	324.0	354.0	313.0	2319.0	81435.1	1103258.0	1267541.963561
sub-0097	773.0	539.0	2144.0	1579.0	339.0	2891.0	5198.0	3097.0	876.0	5276.0	2538.0	2755.0	2017.0	3343.0	595.0	1368.0	1206.0	937.0	1485.0	1463.0	4066.0	1150.0	4874.0	4018.0	428.0	5946.0	7249.0	5590.0	3414.0	3637.0	276.0	360.0	326.0	2240.0	83988.3	1105184.0	1291641.31448
sub-0098	914.0	925.0	2565.0	1763.0	767.0	4592.0	5566.0	4399.0	1053.0	6002.0	3600.0	3313.0	2782.0	3865.0	850.0	1677.0	1837.0	1103.0	1760.0	1505.0	4267.0	1567.0	5480.0	4546.0	821.0	7363.0	8007.0	5510.0	4150.0	4409.0	362.0	692.0	399.0	2487.0	100898.0	1324428.0	1767706.388905
sub-0099	1033.0	710.0	2583.0	2351.0	489.0	3042.0	5500.0	3765.0	1277.0	7912.0	3330.0	4344.0	2269.0	3960.0	726.0	1569.0	1516.0	932.0	1474.0	2529.0	4786.0	1449.0	5704.0	4632.0	795.0	7191.0	7800.0	5574.0	3983.0	4042.0	449.0	585.0	360.0	2719.0	101375.0	1340357.0	1787979.018134
sub-0100	1079.0	1049.0	2661.0	1710.0	438.0	3273.0	6534.0	3917.0	979.0	5058.0	3681.0	3154.0	2304.0	4211.0	630.0	1912.0	1398.0	998.0	1448.0	1468.0	4699.0	1468.0	5634.0	4631.0	845.0	6837.0	9447.0	6610.0	4138.0	4568.0	372.0	558.0	356.0	2602.0	100538.0	1326269.0	1662847.267452
sub-0101	1146.0	705.0	2164.0	1517.0	418.0	3494.0	6143.0	3182.0	837.0	4396.0	3413.0	3185.0	2045.0	3534.0	678.0	1504.0	1363.0	832.0	1427.0	1687.0	3938.0	1231.0	4321.0	3955.0	625.0	5666.0	6084.0	5465.0	3654.0	3853.0	313.0	411.0	312.0	2161.0	85640.8	1170530.0	1448074.530533
sub-0102	1495.0	826.0	2344.0	1859.0	374.0	3687.0	7962.0	5018.0	1040.0	5767.0	3662.0	3357.0	2538.0	5596.0	643.0	1949.0	1656.0	1023.0	1959.0	1619.0	4607.0	1549.0	4802.0	5437.0	949.0	7280.0	8225.0	6795.0	4987.0	5391.0	401.0	470.0	424.0	3072.0	108747.0	1366345.0	1743921.110547
sub-0103	931.0	872.0	2020.0	1591.0	356.0	2910.0	5284.0	2787.0	829.0	5111.0	3110.0	2913.0	1891.0	3765.0	656.0	1674.0	1216.0	905.0	1571.0	1362.0	4026.0	1117.0	5056.0	3714.0	694.0	5602.0	6634.0	4899.0	3716.0	3597.0	290.0	491.0	322.0	2352.0	84259.1	1042847.0	1306228.032015
sub-0104	666.0	674.0	2063.0	1296.0	403.0	2751.0	4481.0	2477.0	756.0	4633.0	2651.0	2806.0	1865.0	2784.0	562.0	1383.0	1229.0	855.0	1398.0	1173.0	3475.0	1248.0	4736.0	3544.0	467.0	4995.0	6486.0	5208.0	3368.0	3005.0	291.0	372.0	368.0	2100.0	76567.6	1030459.0	1117095.897251
sub-0105	973.0	792.0	1621.0	2013.0	447.0	2829.0	5252.0	3277.0	1029.0	5343.0	2817.0	4024.0	2001.0	3751.0	577.0	1468.0	1498.0	961.0	2035.0	2001.0	3610.0	1283.0	4030.0	4229.0	752.0	6777.0	7092.0	5411.0	4021.0	3238.0	340.0	361.0	362.0	2253.0	88465.3	1145351.0	1374946.138192
sub-0106	897.0	667.0	2215.0	1736.0	310.0	2978.0	6093.0	2861.0	829.0	4949.0	2865.0	2859.0	2271.0	3127.0	549.0	1527.0	1318.0	599.0	1363.0	1653.0	3970.0	1307.0	4261.0	3931.0	653.0	5665.0	7852.0	5619.0	3286.0	3500.0	306.0	404.0	297.0	2179.0	84881.8	1097629.0	1232802.279774
sub-0107	1093.0	743.0	2547.0	1524.0	422.0	3307.0	5938.0	4000.0	788.0	4842.0	2987.0	2942.0	2247.0	4264.0	655.0	1654.0	1349.0	996.0	1781.0	1170.0	4249.0	1362.0	5180.0	4028.0	812.0	7189.0	8356.0	5539.0	4459.0	4771.0	298.0	496.0	382.0	2817.0	95177.0	1233475.0	1531951.741104
sub-0108	1239.0	921.0	2824.0	1469.0	516.0	3713.0	6890.0	4198.0	1025.0	5217.0	3134.0	3074.0	2447.0	4315.0	884.0	1778.0	1652.0	1030.0	2131.0	1217.0	4389.0	1275.0	5672.0	4979.0	743.0	7989.0	9051.0	5770.0	4425.0	4265.0	382.0	462.0	403.0	3116.0	102590.0	1362511.0	1837369.163244
sub-0109	926.0	875.0	2633.0	2482.0	550.0	3658.0	5153.0	4033.0	1020.0	7129.0	3512.0	3942.0	2425.0	4011.0	695.0	1516.0	1537.0	1009.0	2185.0	1985.0	4574.0	1533.0	5683.0	4752.0	843.0	7553.0	8553.0	6626.0	3936.0	4411.0	372.0	582.0	346.0	2533.0	103571.0	1364880.0	1792922.374976
sub-0110	1180.0	869.0	2655.0	1607.0	343.0	3230.0	6309.0	3729.0	892.0	5047.0	3449.0	3470.0	2560.0	4247.0	695.0	1458.0	1806.0	1027.0	1922.0	1578.0	4772.0	1387.0	5170.0	3837.0	725.0	7563.0	8709.0	4948.0	4078.0	4826.0	369.0	477.0	323.0	3140.0	98380.6	1355261.0	1680204.683201
sub-0111	916.0	737.0	1733.0	1349.0	387.0	2871.0	5210.0	2924.0	715.0	4381.0	2829.0	3153.0	1804.0	3098.0	598.0	1726.0	1426.0	816.0	1501.0	1385.0	3372.0	1181.0	3927.0	3903.0	631.0	5186.0	6151.0	5108.0	3319.0	3409.0	259.0	473.0	272.0	2160.0	78909.4	1018030.0	1380530.526494
sub-0112	922.0	775.0	1874.0	1488.0	432.0	3138.0	5295.0	2946.0	820.0	4427.0	2686.0	2872.0	1872.0	3340.0	573.0	1658.0	1569.0	742.0	1481.0	1349.0	3556.0	1150.0	4428.0	3705.0	648.0	6106.0	6715.0	5637.0	3602.0	3335.0	382.0	479.0	305.0	1971.0	82271.1	1065066.0	1267466.560021
sub-0113	961.0	781.0	2009.0	1626.0	337.0	2566.0	4715.0	2961.0	884.0	4194.0	2492.0	3136.0	1902.0	3490.0	584.0	1423.0	1452.0	752.0	1508.0	1317.0	4057.0	1391.0	3988.0	4104.0	859.0	5071.0	5787.0	4922.0	3583.0	3972.0	314.0	417.0	348.0	2022.0	79920.5	1045706.0	1293806.7876
sub-0114	861.0	656.0	2443.0	1537.0	317.0	2824.0	5603.0	3142.0	893.0	4642.0	2927.0	2955.0	1976.0	3599.0	700.0	1517.0	1308.0	800.0	1338.0	1242.0	4149.0	1125.0	4915.0	4085.0	709.0	5818.0	6646.0	5730.0	3350.0	3327.0	340.0	443.0	368.0	2244.0	84509.9	1090531.0	1197587.80593
sub-0115	831.0	627.0	1687.0	1936.0	292.0	2715.0	5189.0	3074.0	881.0	4502.0	2722.0	3228.0	2056.0	3670.0	620.0	1520.0	1296.0	766.0	1364.0	1511.0	3863.0	1362.0	4260.0	4097.0	722.0	6376.0	6643.0	5161.0	3470.0	3765.0	314.0	442.0	302.0	2050.0	83305.9	1032477.0	1392108.138436
sub-0116	844.0	657.0	1682.0	1667.0	310.0	3102.0	4271.0	2553.0	889.0	5593.0	2638.0	3195.0	2004.0	3079.0	580.0	1419.0	1469.0	797.0	1827.0	1718.0	3987.0	1053.0	4112.0	4093.0	635.0	6234.0	6250.0	5269.0	3726.0	3759.0	310.0	422.0	337.0	2214.0	82694.6	1063668.0	1294870.702796
sub-0117	797.0	722.0	1712.0	2190.0	480.0	3475.0	4490.0	3344.0	952.0	6021.0	2837.0	4357.0	1942.0	3180.0	701.0	1397.0	1274.0	904.0	1761.0	2281.0	3839.0	1057.0	4661.0	4190.0	668.0	6540.0	7061.0	5455.0	4075.0	3558.0	371.0	408.0	371.0	2893.0	89952.6	1126977.0	1349473.739635
sub-0118	1083.0	967.0	2725.0	1489.0	468.0	3490.0	6258.0	3739.0	982.0	4861.0	3329.0	2618.0	2368.0	4307.0	738.0	1755.0	1420.0	824.0	1541.0	1121.0	4606.0	1419.0	5362.0	5118.0	876.0	7679.0	8173.0	6704.0	4046.0	4336.0	334.0	476.0	341.0	2612.0	98153.0	1282660.0	1728881.825442
sub-0119	755.0	836.0	2088.0	1720.0	490.0	2678.0	3863.0	2569.0	878.0	5430.0	2890.0	3236.0	2089.0	3084.0	535.0	1765.0	1619.0	857.0	2109.0	1516.0	4128.0	1336.0	5457.0	5055.0	605.0	5786.0	7285.0	5093.0	3889.0	3973.0	292.0	430.0	399.0	2713.0	87370.1	1121020.0	1229718.867021
sub-0120	937.0	555.0	1749.0	1443.0	358.0	3199.0	5441.0	3144.0	915.0	5247.0	2709.0	2825.0	1999.0	3645.0	675.0	1573.0	1319.0	933.0	1653.0	1260.0	3974.0	1196.0	4404.0	3621.0	480.0	6146.0	7390.0	5641.0	3981.0	4455.0	305.0	491.0	348.0	2666.0	86609.2	1124240.0	1546825.809346
sub-0121	819.0	892.0	1911.0	2112.0	257.0	3076.0	5415.0	2931.0	1001.0	5419.0	2583.0	3833.0	1870.0	3097.0	649.0	1612.0	1279.0	875.0	1423.0	1795.0	4242.0	1230.0	4717.0	3876.0	819.0	6159.0	7407.0	5476.0	3615.0	3525.0	342.0	377.0	365.0	2163.0	87155.3	1116627.0	1430410.226792
sub-0122	984.0	732.0	1920.0	1725.0	529.0	3323.0	4883.0	3605.0	1000.0	5865.0	2961.0	2607.0	2240.0	3465.0	576.0	1507.0	1395.0	879.0	1547.0	1684.0	4082.0	1090.0	4781.0	3887.0	675.0	5805.0	6541.0	4799.0	3521.0	3629.0	330.0	441.0	300.0	2353.0	85279.4	1188271.0	1308183.182692
sub-0123	1244.0	888.0	2303.0	1641.0	333.0	3546.0	6973.0	3664.0	1005.0	6188.0	3256.0	2695.0	2299.0	4080.0	812.0	2025.0	1974.0	1004.0	2100.0	1493.0	4529.0	1202.0	5230.0	4174.0	764.0	6648.0	8046.0	6819.0	4495.0	4416.0	391.0	411.0	346.0	2540.0	99527.7	1309732.0	1702131.883701
sub-0124	834.0	496.0	1754.0	1184.0	435.0	2479.0	4595.0	2296.0	881.0	4464.0	2149.0	2271.0	1817.0	2858.0	582.0	1130.0	1199.0	717.0	1350.0	1092.0	3228.0	952.0	3694.0	3433.0	411.0	4564.0	5372.0	4341.0	3053.0	2934.0	253.0	413.0	288.0	1914.0	69433.9	935840.0	1052334.054241
sub-0125	1030.0	574.0	2166.0	1701.0	439.0	3327.0	6358.0	3622.0	1026.0	5532.0	3080.0	3740.0	2138.0	3914.0	804.0	1815.0	1470.0	1003.0	1883.0	1668.0	4335.0	1381.0	4892.0	4023.0	757.0	6397.0	7725.0	5377.0	4317.0	4735.0	360.0	504.0	462.0	2454.0	94995.3	1235556.0	1368269.34666
sub-0126	929.0	744.0	2184.0	1471.0	328.0	2722.0	5676.0	3301.0	931.0	4618.0	3351.0	2835.0	2327.0	3659.0	634.0	1763.0	1382.0	983.0	1693.0	1287.0	4016.0	1360.0	5150.0	3604.0	895.0	6003.0	7626.0	5006.0	3767.0	3289.0	322.0	497.0	384.0	2601.0	87100.3	1168528.0	1354407.834998
sub-0127	1047.0	847.0	2491.0	1587.0	558.0	3106.0	6220.0	3346.0	869.0	4616.0	3352.0	3154.0	2028.0	3717.0	565.0	1416.0	1547.0	1041.0	1534.0	1317.0	3953.0	1137.0	4792.0	4265.0	689.0	6540.0	7613.0	5623.0	3414.0	3546.0	361.0	545.0	352.0	2269.0	89450.9	1189014.0	1388551.522021
sub-0128	932.0	638.0	1929.0	2220.0	487.0	3278.0	6436.0	3282.0	1204.0	7447.0	2668.0	3922.0	2149.0	3515.0	704.0	1555.0	1221.0	927.0	1701.0	1849.0	3452.0	1177.0	5356.0	4207.0	546.0	5703.0	7879.0	5082.0	3524.0	2930.0	319.0	483.0	301.0	2574.0	91596.3	1241378.0	1614246.708114
sub-0129	1023.0	485.0	1994.0	1545.0	421.0	2658.0	5329.0	3262.0	901.0	4404.0	2673.0	2811.0	2005.0	3489.0	600.0	1447.0	1544.0	894.0	1556.0	1337.0	4142.0	1184.0	4584.0	4273.0	523.0	5933.0	6856.0	5139.0	3694.0	3773.0	302.0	483.0	290.0	2491.0	84030.9	1100023.0	1286549.332646
sub-0130	1085.0	461.0	1591.0	1752.0	455.0	3214.0	5045.0	3075.0	1086.0	6286.0	2266.0	3270.0	1793.0	3240.0	626.0	1233.0	1423.0	817.0	2443.0	1998.0	3467.0	994.0	4069.0	4345.0	592.0	6043.0	6895.0	4375.0	3405.0	3410.0	346.0	394.0	353.0	2145.0	83991.4	1100980.0	1271007.993467
sub-0131	1017.0	995.0	3072.0	1717.0	525.0	3247.0	5306.0	3635.0	967.0	5373.0	3787.0	3605.0	2540.0	3682.0	552.0	1493.0	1812.0	1144.0	1798.0	1758.0	4329.0	1598.0	5408.0	4322.0	749.0	7176.0	8202.0	5328.0	3841.0	3942.0	348.0	520.0	385.0	2346.0	96517.0	1304447.0	1764190.675041
sub-0132	849.0	720.0	1418.0	1413.0	478.0	2730.0	5299.0	3551.0	771.0	4329.0	2481.0	2538.0	1789.0	3640.0	655.0	1351.0	1219.0	797.0	1364.0	1240.0	3483.0	997.0	4039.0	3285.0	569.0	5398.0	5913.0	4987.0	3355.0	3288.0	290.0	365.0	284.0	2260.0	77141.4	1022236.0	1162101.650501
sub-0133	942.0	682.0	2410.0	1697.0	391.0	3518.0	4624.0	3548.0	964.0	5078.0	2722.0	3078.0	2162.0	3849.0	632.0	1709.0	1482.0	868.0	1338.0	1496.0	4656.0	1408.0	5229.0	5152.0	737.0	5754.0	8698.0	6140.0	3569.0	3816.0	369.0	506.0	321.0	2736.0	92260.1	1267941.0	1387763.249643
sub-0134	962.0	952.0	2292.0	1632.0	347.0	3106.0	5318.0	3155.0	729.0	5584.0	2752.0	3384.0	1943.0	3302.0	619.0	1477.0	1539.0	835.0	1502.0	1568.0	4245.0	1251.0	4339.0	3501.0	904.0	6092.0	7407.0	5397.0	3931.0	4179.0	308.0	433.0	335.0	2292.0	87605.3	1148514.0	1328781.652489
sub-0135	975.0	482.0	2200.0	1488.0	386.0	2910.0	5721.0	3416.0	844.0	4600.0	2708.0	3152.0	1896.0	3887.0	593.0	1286.0	1543.0	746.0	1543.0	1499.0	3794.0	1161.0	4811.0	3564.0	549.0	5283.0	6670.0	5321.0	3964.0	3390.0	286.0	419.0	326.0	2381.0	83781.3	1087460.0	1211561.579842
sub-0136	985.0	659.0	2032.0	1437.0	409.0	2855.0	5613.0	3398.0	862.0	4528.0	2566.0	3363.0	1922.0	3407.0	681.0	1250.0	1271.0	758.0	1347.0	1270.0	3769.0	1158.0	4452.0	3619.0	670.0	5198.0	6669.0	4536.0	3333.0	3586.0	249.0	419.0	351.0	2463.0	81072.3	1016367.0	1270118.732709
sub-0137	1038.0	771.0	2467.0	1624.0	427.0	3545.0	6920.0	4141.0	912.0	5658.0	3233.0	3397.0	2199.0	4326.0	741.0	1706.0	1254.0	1021.0	1439.0	1510.0	3899.0	1459.0	5466.0	4834.0	676.0	6688.0	8355.0	5637.0	3603.0	3683.0	368.0	485.0	335.0	2871.0	96679.0	1214336.0	1528498.946679
sub-0138	903.0	701.0	2284.0	1852.0	394.0	3661.0	5062.0	3602.0	952.0	5330.0	2819.0	2901.0	1934.0	3678.0	586.0	1424.0	1635.0	914.0	1690.0	1520.0	4340.0	1169.0	5166.0	4370.0	659.0	6378.0	7236.0	5534.0	3991.0	3821.0	339.0	498.0	340.0	2472.0	90152.7	1156408.0	1332201.738154
sub-0139	914.0	792.0	1710.0	1780.0	344.0	2758.0	4814.0	2641.0	1066.0	4584.0	2698.0	3527.0	1911.0	3095.0	593.0	1287.0	1459.0	838.0	1749.0	2264.0	3446.0	1014.0	4858.0	4373.0	488.0	5088.0	6208.0	4936.0	3233.0	2902.0	295.0	402.0	292.0	2356.0	80711.8	1079355.0	1273293.645814
sub-0140	1080.0	723.0	2500.0	1701.0	399.0	3106.0	6112.0	3100.0	871.0	5097.0	2743.0	3176.0	1993.0	3876.0	653.0	1748.0	1287.0	848.0	1379.0	1539.0	3933.0	1238.0	4840.0	4193.0	617.0	6183.0	7362.0	5912.0	3835.0	3717.0	350.0	441.0	315.0	2109.0	88973.2	1146479.0	1309036.588567
sub-0141	879.0	858.0	2054.0	1600.0	463.0	3024.0	5245.0	3974.0	904.0	5927.0	3389.0	3219.0	2253.0	3953.0	626.0	1485.0	1596.0	1029.0	1666.0	1524.0	4130.0	1243.0	4992.0	3863.0	699.0	6934.0	7250.0	5638.0	3736.0	3709.0	326.0	471.0	371.0	2313.0	91323.3	1269841.0	1568906.612169
sub-0142	787.0	580.0	2239.0	1677.0	447.0	3263.0	4974.0	3352.0	965.0	5621.0	2919.0	3113.0	2112.0	3859.0	585.0	1374.0	1446.0	820.0	1315.0	1753.0	4921.0	1040.0	5189.0	4426.0	562.0	6451.0	7494.0	4931.0	3368.0	3542.0	353.0	430.0	295.0	2226.0	88370.1	1107974.0	1419047.042238
sub-0143	1040.0	706.0	2101.0	1610.0	409.0	2951.0	6138.0	3192.0	984.0	5914.0	2851.0	3376.0	1963.0	3517.0	615.0	1459.0	1344.0	973.0	1803.0	1471.0	3864.0	1172.0	4437.0	3972.0	562.0	6815.0	6829.0	4704.0	3548.0	3422.0	343.0	432.0	319.0	2229.0	87062.9	1159677.0	1261795.146594
sub-0144	1156.0	667.0	2183.0	1863.0	519.0	3259.0	7391.0	3307.0	949.0	5527.0	3014.0	3207.0	2024.0	3888.0	651.0	1430.0	1171.0	1091.0	1691.0	1618.0	3602.0	1288.0	4820.0	4040.0	667.0	5829.0	8238.0	4876.0	4101.0	4068.0	383.0	542.0	405.0	2544.0	92006.6	1196989.0	1377598.763074
sub-0145	759.0	655.0	1878.0	1430.0	338.0	2883.0	5073.0	2806.0	839.0	4767.0	2952.0	3156.0	1808.0	3236.0	649.0	1537.0	1432.0	967.0	1443.0	1469.0	3383.0	1108.0	4471.0	3406.0	504.0	5741.0	6580.0	4804.0	3315.0	2969.0	345.0	391.0	331.0	2129.0	79550.1	1038528.0	1181004.283169
sub-0146	1206.0	723.0	2513.0	2588.0	426.0	4198.0	6418.0	4264.0	1173.0	6196.0	3162.0	4057.0	2467.0	4503.0	749.0	1702.0	1823.0	1074.0	1902.0	2263.0	4105.0	1334.0	4839.0	5198.0	628.0	7653.0	7423.0	7373.0	4216.0	4684.0	419.0	624.0	393.0	3134.0	105319.0	1309750.0	1713343.66495
sub-0147	661.0	810.0	2071.0	1499.0	508.0	2921.0	4571.0	3124.0	872.0	5261.0	3092.0	3020.0	2170.0	3298.0	561.0	1558.0	1436.0	779.0	1561.0	1334.0	3756.0	1440.0	5085.0	3824.0	539.0	6318.0	6888.0	5375.0	3624.0	3603.0	350.0	529.0	383.0	2241.0	85051.0	1108780.0	1526747.497947
sub-0148	1097.0	887.0	2422.0	2060.0	497.0	3768.0	5641.0	4127.0	1036.0	6302.0	3281.0	3441.0	2140.0	3762.0	618.0	1702.0	1647.0	1142.0	1607.0	2105.0	4799.0	1291.0	4805.0	4099.0	701.0	6559.0	7832.0	5276.0	4030.0	4421.0	288.0	490.0	388.0	2489.0	96746.7	1270800.0	1649087.282336
sub-0149	961.0	785.0	2556.0	2166.0	573.0	2992.0	7041.0	3449.0	1203.0	6575.0	3015.0	3256.0	2242.0	3830.0	749.0	1450.0	1386.0	1075.0	1418.0	1893.0	4350.0	1327.0	5686.0	4553.0	629.0	8360.0	8634.0	5823.0	3828.0	3404.0	295.0	540.0	359.0	2286.0	98667.2	1327923.0	1564750.661083
sub-0150	959.0	1044.0	2127.0	1633.0	570.0	3140.0	4862.0	3947.0	1055.0	5453.0	3196.0	2915.0	2192.0	4019.0	593.0	1360.0	1490.0	898.0	1558.0	1411.0	3797.0	1208.0	4979.0	4189.0	779.0	7351.0	8041.0	4929.0	3846.0	3455.0	385.0	527.0	402.0	2361.0	90668.7	1194002.0	1438480.083057
sub-0151	1129.0	999.0	2537.0	1848.0	530.0	3256.0	6494.0	3377.0	1203.0	4989.0	3315.0	3823.0	2346.0	3564.0	606.0	1545.0	1313.0	1078.0	1431.0	1833.0	4052.0	1585.0	4727.0	4219.0	766.0	8232.0	8336.0	5435.0	3994.0	3221.0	377.0	508.0	320.0	2397.0	95356.8	1246749.0	1676268.454142
sub-0152	1100.0	838.0	2087.0	1801.0	352.0	3522.0	5596.0	3457.0	911.0	6144.0	2920.0	3611.0	2140.0	4149.0	692.0	1667.0	1749.0	889.0	1841.0	1822.0	4326.0	1150.0	5121.0	4203.0	856.0	6290.0	7336.0	4514.0	4213.0	4431.0	342.0	391.0	349.0	2669.0	93475.2	1251317.0	1394407.333189
sub-0153	795.0	648.0	3127.0	1825.0	340.0	2885.0	5237.0	3418.0	952.0	6140.0	2909.0	3367.0	2163.0	3833.0	533.0	1532.0	1535.0	831.0	1576.0	1711.0	4109.0	1317.0	4574.0	4409.0	428.0	7068.0	8195.0	6327.0	3672.0	3861.0	373.0	444.0	353.0	2267.0	92754.2	1225167.0	1611229.257359
sub-0154	779.0	1044.0	1960.0	1821.0	515.0	3365.0	4451.0	3263.0	1168.0	5989.0	3266.0	3754.0	2335.0	4183.0	685.0	1955.0	1656.0	1153.0	2410.0	1831.0	3848.0	1599.0	5213.0	4395.0	780.0	6809.0	7837.0	6435.0	4812.0	4158.0	317.0	441.0	407.0	2963.0	97581.4	1246900.0	1409137.408525
sub-0155	958.0	649.0	2179.0	1363.0	314.0	2501.0	5414.0	2892.0	770.0	5145.0	2353.0	2971.0	1724.0	3449.0	581.0	1284.0	1451.0	956.0	1599.0	1291.0	3811.0	1030.0	4315.0	3161.0	631.0	5750.0	6071.0	4629.0	3473.0	3287.0	289.0	415.0	336.0	2109.0	79005.8	994286.0	1049766.083289
sub-0156	1123.0	836.0	2612.0	2100.0	477.0	3297.0	6451.0	3841.0	1138.0	5626.0	2963.0	3786.0	2097.0	4089.0	714.0	1643.0	1536.0	967.0	1948.0	1995.0	4525.0	1562.0	4713.0	5018.0	711.0	7186.0	8466.0	5990.0	4020.0	4305.0	434.0	454.0	377.0	2865.0	99849.7	1264599.0	1432755.508625
sub-0157	711.0	672.0	2529.0	1527.0	581.0	2558.0	4446.0	3841.0	1065.0	5009.0	2860.0	3116.0	2553.0	3096.0	673.0	1736.0	1359.0	1054.0	1602.0	1367.0	3916.0	1238.0	5265.0	4719.0	611.0	6737.0	8652.0	5276.0	3458.0	3837.0	313.0	504.0	392.0	2696.0	89961.0	1177199.0	1729902.861085
sub-0158	1148.0	1009.0	2205.0	1726.0	643.0	3661.0	7813.0	4448.0	1164.0	5783.0	3845.0	3626.0	2661.0	5016.0	799.0	1690.0	1557.0	1115.0	1963.0	1599.0	3998.0	1386.0	5446.0	4904.0	1008.0	7962.0	8726.0	6048.0	4455.0	3100.0	456.0	432.0	368.0	2175.0	103785.0	1343961.0	1603684.471626
sub-0159	886.0	565.0	1971.0	1598.0	482.0	2883.0	6068.0	3489.0	1113.0	6094.0	2844.0	3342.0	2094.0	3758.0	635.0	1366.0	1492.0	906.0	1776.0	1662.0	3951.0	1241.0	4243.0	3524.0	550.0	6576.0	7679.0	4878.0	3590.0	3237.0	344.0	493.0	335.0	2500.0	88146.2	1111586.0	1219311.015304
sub-0160	966.0	729.0	1873.0	1954.0	418.0	2801.0	5290.0	3264.0	929.0	6221.0	3096.0	3806.0	2056.0	3689.0	576.0	1435.0	1599.0	944.0	1852.0	1888.0	3628.0	1173.0	4797.0	3643.0	678.0	6103.0	7027.0	4738.0	3616.0	2769.0	328.0	425.0	302.0	2261.0	86861.2	1120869.0	1253010.735341
sub-0161	1057.0	781.0	2526.0	1825.0	309.0	3677.0	5352.0	4094.0	1113.0	6817.0	3299.0	3482.0	2292.0	4110.0	713.0	1510.0	1453.0	1061.0	1673.0	1644.0	4729.0	1258.0	5541.0	4852.0	743.0	7524.0	7183.0	6918.0	4439.0	4361.0	310.0	488.0	381.0	2954.0	100457.0	1264910.0	1678825.014059
sub-0162	1144.0	913.0	2038.0	2145.0	560.0	3442.0	6394.0	4369.0	999.0	6122.0	3464.0	3969.0	1968.0	4243.0	627.0	1330.0	1580.0	1027.0	1995.0	2094.0	3943.0	1533.0	4761.0	4337.0	804.0	8475.0	8567.0	7512.0	3887.0	4465.0	401.0	548.0	350.0	2151.0	101993.0	1348454.0	1593923.271011
sub-0163	946.0	760.0	2105.0	1814.0	494.0	3819.0	6046.0	4029.0	926.0	5054.0	2892.0	3341.0	2290.0	4080.0	667.0	1407.0	1236.0	781.0	1198.0	1757.0	3885.0	1062.0	4264.0	4536.0	580.0	6283.0	7196.0	5377.0	4272.0	3525.0	344.0	555.0	361.0	2696.0	90577.4	1184842.0	1344675.479312
sub-0164	820.0	677.0	2352.0	2150.0	438.0	3852.0	6190.0	3785.0	1139.0	5947.0	3092.0	3951.0	2026.0	3820.0	793.0	1664.0	1505.0	792.0	1524.0	1873.0	4502.0	1358.0	4742.0	4793.0	868.0	6589.0	7730.0	5674.0	3496.0	3975.0	316.0	464.0	322.0	2474.0	95691.3	1243836.0	1385993.169429
sub-0165	837.0	664.0	1824.0	1779.0	388.0	2632.0	5754.0	2732.0	911.0	5487.0	2558.0	2972.0	1974.0	3194.0	576.0	1328.0	1166.0	692.0	1301.0	1524.0	3902.0	1025.0	4975.0	3549.0	453.0	5430.0	6642.0	5035.0	3398.0	3294.0	320.0	425.0	330.0	2208.0	81277.8	1084384.0	1267159.926204
sub-0166	847.0	514.0	2657.0	1368.0	308.0	2946.0	5346.0	3340.0	953.0	4496.0	2918.0	2806.0	1963.0	4156.0	576.0	1298.0	1658.0	894.0	1893.0	1101.0	3861.0	1254.0	5043.0	4022.0	466.0	5874.0	7358.0	5575.0	3536.0	4262.0	320.0	423.0	326.0	2456.0	86812.7	1162848.0	1340410.07163
sub-0167	951.0	912.0	2063.0	1725.0	511.0	3258.0	5855.0	3340.0	1055.0	5165.0	2964.0	3303.0	2168.0	3596.0	636.0	1937.0	1279.0	998.0	1541.0	1408.0	4322.0	1554.0	5222.0	4842.0	682.0	5958.0	7762.0	6652.0	4016.0	4765.0	259.0	470.0	380.0	2404.0	93945.5	1231796.0	1553483.641544
sub-0168	1094.0	867.0	2869.0	2170.0	462.0	3321.0	6089.0	3963.0	1056.0	7010.0	3628.0	3742.0	2509.0	4352.0	687.0	1701.0	1321.0	1144.0	1710.0	2007.0	4407.0	1400.0	5271.0	5019.0	734.0	8424.0	9247.0	6334.0	4331.0	4130.0	466.0	531.0	356.0	2657.0	104978.0	1440272.0	1642326.665107
sub-0169	1086.0	741.0	2393.0	1143.0	393.0	2947.0	5818.0	3897.0	964.0	6365.0	2831.0	3431.0	2116.0	4386.0	687.0	1495.0	1558.0	847.0	1716.0	1162.0	3713.0	1141.0	4426.0	3938.0	645.0	6858.0	8688.0	5514.0	4516.0	4137.0	363.0	468.0	433.0	2269.0	93081.7	1188887.0	1592950.809898
sub-0170	999.0	923.0	2202.0	1619.0	453.0	2997.0	6107.0	2921.0	1080.0	5200.0	3037.0	3622.0	2184.0	3520.0	746.0	1513.0	1373.0	919.0	1677.0	1614.0	3830.0	1406.0	4856.0	3796.0	710.0	6809.0	7385.0	5458.0	4096.0	3425.0	336.0	398.0	306.0	2845.0	90337.1	1152500.0	1368473.641263
sub-0171	827.0	533.0	1641.0	1777.0	457.0	3297.0	4984.0	3190.0	846.0	5300.0	2815.0	2876.0	1916.0	3025.0	667.0	1358.0	1110.0	820.0	1404.0	1472.0	3498.0	1017.0	4385.0	4094.0	580.0	5099.0	6444.0	4815.0	3172.0	3147.0	315.0	467.0	262.0	2361.0	79970.0	1131183.0	1408471.73881
sub-0172	935.0	762.0	1999.0	1384.0	353.0	2518.0	5391.0	2990.0	1062.0	4908.0	2850.0	2737.0	2130.0	3481.0	616.0	1449.0	1294.0	819.0	1464.0	1398.0	3809.0	1340.0	4406.0	4068.0	584.0	5872.0	6177.0	5887.0	3376.0	3760.0	276.0	349.0	307.0	1974.0	82700.3	1068311.0	1256739.005345
sub-0173	1246.0	1033.0	2657.0	1706.0	490.0	3005.0	6623.0	4671.0	1265.0	5321.0	3219.0	3350.0	2373.0	5181.0	583.0	1540.0	1881.0	1146.0	1929.0	1400.0	4468.0	1451.0	5609.0	5912.0	883.0	7452.0	7877.0	7134.0	4506.0	4825.0	412.0	482.0	371.0	2994.0	104964.0	1395388.0	1505148.555506
sub-0174	922.0	509.0	1953.0	1860.0	457.0	2969.0	5441.0	3126.0	1017.0	4961.0	3132.0	3150.0	2231.0	4092.0	669.0	1660.0	1629.0	913.0	1477.0	1547.0	4163.0	1155.0	4784.0	4741.0	712.0	7031.0	8333.0	6657.0	3803.0	4109.0	348.0	452.0	314.0	2847.0	93149.0	1216147.0	1505026.016838
sub-0175	861.0	892.0	2429.0	1522.0	366.0	2759.0	5046.0	3921.0	794.0	4447.0	2749.0	2945.0	1931.0	3922.0	573.0	1437.0	1388.0	960.0	1499.0	1377.0	4018.0	1271.0	4705.0	3699.0	796.0	5960.0	6732.0	4740.0	3178.0	3901.0	349.0	456.0	255.0	2205.0	84083.8	1084525.0	1219229.961137
sub-0176	880.0	719.0	1777.0	1914.0	379.0	3379.0	6357.0	3338.0	1061.0	5981.0	2896.0	3594.0	2212.0	3992.0	764.0	1399.0	1561.0	957.0	1458.0	1677.0	3713.0	1123.0	4696.0	4535.0	590.0	5824.0	6307.0	5232.0	4111.0	3675.0	315.0	443.0	409.0	2238.0	89469.8	1151468.0	1369065.557594
sub-0177	792.0	611.0	2123.0	1738.0	510.0	3437.0	4586.0	3613.0	843.0	5372.0	2495.0	3334.0	1905.0	3093.0	656.0	1467.0	1240.0	883.0	1278.0	1473.0	3759.0	1108.0	4284.0	3745.0	720.0	5780.0	6350.0	6246.0	3604.0	3585.0	362.0	499.0	330.0	2190.0	84010.5	1102495.0	1236126.400688
sub-0178	1101.0	829.0	2274.0	1698.0	330.0	2765.0	5554.0	3039.0	759.0	4792.0	2742.0	3677.0	1824.0	3786.0	620.0	2132.0	1244.0	679.0	1333.0	1664.0	4577.0	813.0	5235.0	3714.0	866.0	5827.0	7893.0	5014.0	3767.0	3435.0	307.0	416.0	356.0	1960.0	87016.4	1063942.0	1278199.850986
sub-0179	805.0	619.0	2712.0	1897.0	470.0	3046.0	4893.0	3270.0	940.0	6033.0	3171.0	3523.0	1996.0	3852.0	842.0	1679.0	1465.0	1012.0	2132.0	1892.0	4629.0	1225.0	4905.0	4245.0	598.0	6336.0	6568.0	5869.0	3642.0	3751.0	341.0	505.0	328.0	2497.0	91660.0	1163461.0	1539951.066193
sub-0180	652.0	575.0	1877.0	1656.0	405.0	3377.0	4453.0	2974.0	851.0	5152.0	2698.0	3457.0	1962.0	3309.0	637.0	1410.0	1229.0	874.0	1684.0	1765.0	3582.0	1170.0	4204.0	3927.0	523.0	6200.0	7364.0	4829.0	3179.0	3343.0	285.0	485.0	315.0	2588.0	82984.1	1141772.0	1220714.112255
sub-0181	891.0	832.0	2189.0	2009.0	484.0	3253.0	6642.0	3245.0	1119.0	5162.0	3143.0	3519.0	2329.0	3413.0	644.0	1389.0	1452.0	865.0	1606.0	2037.0	4251.0	1394.0	4976.0	4055.0	702.0	6580.0	6742.0	5812.0	3697.0	3438.0	332.0	424.0	397.0	2563.0	91565.5	1222504.0	1260620.308723
sub-0182	962.0	834.0	2175.0	1695.0	359.0	2438.0	4836.0	2924.0	789.0	4953.0	2531.0	2488.0	1739.0	3119.0	555.0	1473.0	1242.0	760.0	1217.0	1589.0	3145.0	1065.0	4242.0	3515.0	508.0	4896.0	6293.0	4578.0	3061.0	2593.0	258.0	381.0	319.0	2378.0	75909.1	1040819.0	1115338.365317
sub-0183	825.0	751.0	2172.0	1508.0	544.0	3467.0	6849.0	4183.0	1043.0	5491.0	2907.0	3336.0	2485.0	3880.0	605.0	1373.0	1200.0	923.0	1378.0	1417.0	4298.0	1099.0	4331.0	4185.0	660.0	6723.0	6998.0	5228.0	3944.0	3669.0	380.0	524.0	326.0	2270.0	90972.8	1247749.0	1419483.508407
sub-0184	965.0	982.0	2997.0	1585.0	499.0	3431.0	5778.0	3906.0	914.0	5206.0	3196.0	3115.0	2385.0	3974.0	704.0	1521.0	1619.0	883.0	1525.0	1449.0	4358.0	1241.0	5947.0	4217.0	690.0	6157.0	8067.0	5344.0	3778.0	3518.0	365.0	513.0	395.0	2388.0	93601.7	1267045.0	1583717.934061
sub-0185	1261.0	949.0	2362.0	1968.0	451.0	3639.0	7398.0	3751.0	711.0	6000.0	3307.0	3760.0	2201.0	4100.0	724.0	1897.0	1359.0	933.0	1574.0	1746.0	3878.0	1307.0	5230.0	3865.0	942.0	6726.0	8375.0	5570.0	4145.0	3451.0	313.0	480.0	344.0	2273.0	96988.8	1255090.0	1652330.028091
sub-0186	982.0	845.0	1976.0	1683.0	467.0	2762.0	6421.0	3282.0	1038.0	5969.0	2615.0	3342.0	1958.0	3806.0	594.0	1568.0	1298.0	915.0	1582.0	1518.0	3716.0	1371.0	4016.0	4092.0	698.0	6711.0	6895.0	5682.0	3580.0	3313.0	327.0	410.0	319.0	2147.0	87895.1	1149252.0	1512209.915563
sub-0187	1098.0	683.0	2705.0	2221.0	480.0	4114.0	5293.0	4055.0	1228.0	7551.0	3044.0	3451.0	2457.0	4647.0	733.0	1625.0	1475.0	1043.0	1766.0	1805.0	5150.0	1379.0	5628.0	3917.0	677.0	6781.0	8525.0	5727.0	4548.0	4596.0	349.0	555.0	444.0	2981.0	102726.0	1342404.0	1767804.677934
sub-0188	829.0	718.0	1890.0	1615.0	329.0	2856.0	4938.0	3308.0	834.0	5415.0	2743.0	3000.0	1971.0	3476.0	567.0	1292.0	1438.0	835.0	1843.0	1487.0	3626.0	1217.0	4631.0	3976.0	670.0	5957.0	6027.0	5341.0	3822.0	3343.0	323.0	351.0	307.0	2242.0	83216.5	1111473.0	1476345.936567
sub-0189	917.0	946.0	2925.0	1448.0	307.0	2599.0	5085.0	3104.0	945.0	4486.0	2774.0	3065.0	1901.0	3432.0	678.0	1304.0	1427.0	796.0	1405.0	1395.0	3726.0	1363.0	4371.0	3484.0	660.0	6382.0	7013.0	4799.0	3581.0	3667.0	304.0	441.0	320.0	2211.0	83154.0	1123761.0	1313718.823216
sub-0190	905.0	691.0	2044.0	1329.0	366.0	2801.0	6012.0	2866.0	735.0	4423.0	2396.0	2860.0	1872.0	3360.0	597.0	1619.0	1171.0	948.0	1498.0	1179.0	3836.0	932.0	4496.0	3798.0	654.0	5527.0	7238.0	5849.0	3325.0	3728.0	319.0	464.0	276.0	2123.0	82226.5	1020852.0	1151732.153181
sub-0191	900.0	489.0	2558.0	1809.0	365.0	3113.0	6336.0	3918.0	1259.0	6416.0	3378.0	3336.0	2205.0	3852.0	605.0	1394.0	1152.0	977.0	1285.0	1461.0	4463.0	1208.0	5283.0	4511.0	481.0	5847.0	7504.0	5639.0	4246.0	4343.0	321.0	480.0	391.0	2420.0	93945.9	1246126.0	1388287.289127
sub-0192	1025.0	929.0	1879.0	1377.0	449.0	2521.0	5536.0	3789.0	920.0	4274.0	2905.0	2852.0	1965.0	3570.0	558.0	1286.0	1124.0	921.0	1704.0	1280.0	3724.0	1052.0	4481.0	4182.0	616.0	6268.0	6572.0	5574.0	3513.0	3006.0	279.0	433.0	323.0	2217.0	83100.9	1081319.0	1162406.586257
sub-0193	1249.0	856.0	2296.0	1570.0	520.0	3378.0	7224.0	3904.0	1153.0	5909.0	3113.0	3743.0	2292.0	4412.0	701.0	1496.0	1562.0	984.0	2131.0	1578.0	4563.0	1366.0	5416.0	4721.0	755.0	7078.0	8161.0	5225.0	4068.0	4062.0	389.0	489.0	362.0	2525.0	99223.9	1266662.0	1332789.425083
sub-0194	874.0	555.0	2066.0	1643.0	412.0	3082.0	4048.0	2938.0	840.0	4977.0	2729.0	3230.0	2077.0	3288.0	691.0	1468.0	1178.0	760.0	1318.0	1613.0	3553.0	1171.0	4243.0	3818.0	494.0	5352.0	7761.0	4982.0	3260.0	3540.0	329.0	453.0	314.0	2122.0	81172.6	1067063.0	1285366.890815
sub-0195	837.0	789.0	2026.0	1668.0	509.0	2873.0	4929.0	3526.0	973.0	5157.0	2750.0	3299.0	2015.0	3379.0	616.0	1449.0	1475.0	940.0	1681.0	1598.0	4316.0	1041.0	4528.0	3420.0	616.0	5721.0	5941.0	4932.0	3070.0	3102.0	327.0	397.0	305.0	2116.0	82322.3	1105382.0	1243040.5666
sub-0196	940.0	740.0	2163.0	1446.0	360.0	3150.0	4946.0	2631.0	785.0	4615.0	2481.0	2153.0	1659.0	3482.0	609.0	1329.0	1380.0	743.0	1309.0	1185.0	3497.0	1069.0	4231.0	3212.0	589.0	5837.0	6768.0	4479.0	3549.0	3259.0	282.0	396.0	300.0	2117.0	77683.9	1088853.0	1489571.166021
sub-0197	817.0	579.0	2749.0	1385.0	470.0	2964.0	5254.0	2921.0	886.0	4457.0	2511.0	2318.0	2023.0	3305.0	512.0	1505.0	1374.0	760.0	1322.0	1176.0	4076.0	1288.0	4688.0	4436.0	465.0	5749.0	7919.0	6706.0	3550.0	3551.0	351.0	485.0	358.0	1981.0	84878.6	1088199.0	1416704.752566
sub-0198	814.0	811.0	2318.0	1734.0	613.0	3241.0	5527.0	3941.0	993.0	5348.0	3085.0	3101.0	2166.0	3599.0	654.0	1942.0	1580.0	867.0	1501.0	1678.0	4184.0	1430.0	4884.0	5118.0	697.0	5723.0	6993.0	6437.0	3929.0	4181.0	356.0	459.0	336.0	2787.0	93027.6	1161078.0	1383827.423432
sub-0199	720.0	748.0	2013.0	1601.0	526.0	2767.0	4739.0	3201.0	775.0	5068.0	3355.0	3126.0	2041.0	3583.0	667.0	1484.0	1334.0	905.0	1362.0	1515.0	3748.0	1342.0	4305.0	3474.0	643.0	5928.0	7441.0	4418.0	3467.0	3341.0	358.0	509.0	296.0	2074.0	82875.5	1069053.0	1233451.763895
sub-0200	992.0	647.0	2147.0	1617.0	366.0	2859.0	4777.0	2867.0	884.0	4989.0	2438.0	3059.0	1570.0	3156.0	586.0	1433.0	1356.0	791.0	1323.0	1446.0	4222.0	1077.0	5035.0	3339.0	490.0	4494.0	5644.0	5489.0	3541.0	3155.0	292.0	493.0	363.0	2143.0	79062.6	1038970.0	1173940.763711
sub-0201	865.0	692.0	2299.0	1709.0	402.0	2654.0	4787.0	3094.0	871.0	4853.0	2680.0	3176.0	1975.0	3635.0	623.0	1435.0	1177.0	936.0	1342.0	1236.0	4057.0	1358.0	4525.0	4220.0	806.0	6738.0	7697.0	5933.0	3581.0	3397.0	353.0	496.0	253.0	2315.0	86168.9	1177150.0	1545884.798646
sub-0202	1062.0	855.0	2215.0	2030.0	404.0	3219.0	5510.0	3351.0	1018.0	5534.0	3055.0	3762.0	2159.0	3977.0	613.0	1841.0	1201.0	884.0	1329.0	1498.0	4201.0	1199.0	5064.0	4557.0	728.0	6476.0	7801.0	6081.0	4169.0	3741.0	333.0	427.0	334.0	2180.0	92796.5	1218075.0	1521786.356362
sub-0203	804.0	509.0	1927.0	1316.0	353.0	3006.0	5089.0	3413.0	824.0	4993.0	2164.0	2770.0	1906.0	3353.0	603.0	1124.0	1254.0	789.0	1314.0	1141.0	3639.0	941.0	4256.0	3820.0	384.0	4856.0	6677.0	5718.0	3305.0	3513.0	287.0	417.0	300.0	2110.0	78870.2	1053666.0	1041570.907857
sub-0204	1283.0	915.0	2390.0	1745.0	365.0	3284.0	7334.0	3655.0	996.0	5531.0	2680.0	3407.0	1996.0	4279.0	769.0	1544.0	1535.0	876.0	1626.0	1863.0	4304.0	1258.0	4497.0	4776.0	825.0	7231.0	7485.0	5646.0	4310.0	3402.0	409.0	440.0	374.0	2812.0	95817.5	1237737.0	1446981.337919
sub-0205	897.0	538.0	1853.0	1198.0	403.0	2811.0	6000.0	3136.0	837.0	4312.0	2569.0	2375.0	1821.0	3297.0	537.0	1200.0	1246.0	788.0	1468.0	1063.0	3821.0	1148.0	4127.0	3691.0	510.0	5199.0	5863.0	5186.0	3000.0	3892.0	252.0	432.0	285.0	2146.0	77899.3	1084128.0	1209532.464622
sub-0206	789.0	871.0	2551.0	1554.0	421.0	3020.0	4847.0	3392.0	1312.0	5974.0	2765.0	3113.0	2092.0	3903.0	518.0	1324.0	1453.0	991.0	1886.0	1684.0	4430.0	1428.0	4903.0	3963.0	744.0	7042.0	7360.0	4174.0	4178.0	4146.0	361.0	505.0	398.0	2645.0	90644.9	1163249.0	1381212.6498
sub-0207	1096.0	755.0	2638.0	1308.0	500.0	3321.0	6037.0	3636.0	862.0	4909.0	2917.0	3320.0	2154.0	3609.0	627.0	1536.0	1554.0	768.0	1369.0	1440.0	3606.0	1209.0	4468.0	4328.0	711.0	5150.0	7279.0	4746.0	3524.0	3332.0	291.0	536.0	334.0	2261.0	86122.4	1129949.0	1220692.410509
sub-0208	1091.0	700.0	2575.0	1547.0	560.0	3358.0	6075.0	4538.0	1014.0	5532.0	3094.0	2178.0	2201.0	3951.0	708.0	1647.0	1353.0	989.0	1510.0	1132.0	5040.0	1136.0	5707.0	4416.0	729.0	5706.0	8163.0	5507.0	3938.0	4019.0	325.0	618.0	350.0	2851.0	94253.3	1211414.0	1447359.780846
sub-0209	926.0	548.0	2171.0	1448.0	334.0	2611.0	5432.0	2982.0	879.0	4392.0	2556.0	2990.0	1774.0	3895.0	618.0	1373.0	1595.0	764.0	1530.0	1460.0	3400.0	1044.0	4378.0	3802.0	383.0	5450.0	6972.0	4678.0	3791.0	3554.0	305.0	393.0	318.0	2136.0	80881.0	1054415.0	1170960.651366
sub-0210	979.0	797.0	2054.0	1465.0	562.0	3100.0	5044.0	3317.0	946.0	4986.0	2576.0	3119.0	1920.0	3624.0	590.0	1425.0	1813.0	950.0	1901.0	1235.0	3882.0	1260.0	4206.0	4043.0	629.0	6079.0	5995.0	4848.0	3377.0	3575.0	366.0	466.0	282.0	2002.0	83402.0	1100164.0	1216146.373715
sub-0211	885.0	898.0	2124.0	1561.0	457.0	2697.0	5195.0	3368.0	960.0	4807.0	2837.0	2341.0	2141.0	3370.0	545.0	1316.0	1418.0	1013.0	2084.0	1185.0	3202.0	1179.0	4413.0	4263.0	634.0	7126.0	6578.0	5984.0	3689.0	3241.0	347.0	442.0	362.0	2724.0	85267.4	1093112.0	1404315.885957
sub-0212	795.0	542.0	2026.0	1574.0	603.0	2714.0	4570.0	2579.0	872.0	4523.0	2747.0	2856.0	1889.0	2715.0	540.0	1323.0	1143.0	827.0	1576.0	1345.0	3728.0	1099.0	4938.0	3511.0	511.0	4610.0	6961.0	4518.0	3276.0	3024.0	275.0	469.0	287.0	1954.0	76919.3	1000914.0	1190722.360776
sub-0213	825.0	638.0	2700.0	1802.0	565.0	3836.0	6156.0	4441.0	1140.0	6153.0	2594.0	3682.0	2053.0	4750.0	697.0	1564.0	2095.0	943.0	1944.0	1879.0	5055.0	1240.0	5081.0	4774.0	647.0	7890.0	9159.0	5117.0	4433.0	4474.0	356.0	528.0	462.0	2556.0	102223.0	1331382.0	1694139.422312
sub-0214	981.0	538.0	2312.0	1767.0	366.0	3387.0	5995.0	3240.0	1082.0	5236.0	2643.0	3511.0	1846.0	4124.0	625.0	1430.0	1299.0	1022.0	1650.0	1678.0	3989.0	1039.0	5284.0	4256.0	518.0	6829.0	7450.0	5881.0	4215.0	3779.0	340.0	398.0	410.0	2153.0	91266.1	1238617.0	1571735.586718
sub-0215	661.0	456.0	1815.0	1352.0	391.0	2234.0	4574.0	1948.0	710.0	4785.0	2015.0	2702.0	1439.0	2836.0	537.0	1148.0	1223.0	659.0	1303.0	1263.0	3345.0	800.0	3393.0	3020.0	507.0	3972.0	5539.0	4264.0	2849.0	3402.0	310.0	368.0	265.0	1713.0	67796.5	947249.0	1203225.534668
sub-0216	891.0	633.0	2145.0	1712.0	464.0	2900.0	5227.0	3089.0	943.0	5866.0	3046.0	3078.0	2108.0	2949.0	606.0	1585.0	1206.0	891.0	1630.0	1401.0	3718.0	1502.0	4498.0	3875.0	658.0	5843.0	7269.0	5613.0	3683.0	3428.0	297.0	398.0	293.0	2204.0	85646.2	1097996.0	1187253.773448
