lh.aparc.meancurv	lh_bankssts_meancurv	lh_caudalanteriorcingulate_meancurv	lh_caudalmiddlefrontal_meancurv	lh_cuneus_meancurv	lh_entorhinal_meancurv	lh_fusiform_meancurv	lh_inferiorparietal_meancurv	lh_inferiortemporal_meancurv	lh_isthmuscingulate_meancurv	lh_lateraloccipital_meancurv	lh_lateralorbitofrontal_meancurv	lh_lingual_meancurv	lh_medialorbitofrontal_meancurv	lh_middletemporal_meancurv	lh_parahippocampal_meancurv	lh_paracentral_meancurv	lh_parsopercularis_meancurv	lh_parsorbitalis_meancurv	lh_parstriangularis_meancurv	lh_pericalcarine_meancurv	lh_postcentral_meancurv	lh_posteriorcingulate_meancurv	lh_precentral_meancurv	lh_precuneus_meancurv	lh_rostralanteriorcingulate_meancurv	lh_rostralmiddlefrontal_meancurv	lh_superiorfrontal_meancurv	lh_superiorparietal_meancurv	lh_superiortemporal_meancurv	lh_supramarginal_meancurv	lh_frontalpole_meancurv	lh_temporalpole_meancurv	lh_transversetemporal_meancurv	lh_insula_meancurv	BrainSegVolNotVent	eTIV
sub-0001	0.09	0.144	0.108	0.152	0.131	0.123	0.12	0.132	0.136	0.147	0.14	0.151	0.117	0.115	0.081	0.107	0.111	0.147	0.135	0.142	0.116	0.135	0.102	0.125	0.144	0.132	0.127	0.133	0.105	0.124	0.195	0.134	0.122	0.119	1014544.0	1201948.163836
sub-0002	0.083	0.108	0.11	0.142	0.103	0.121	0.116	0.126	0.127	0.13	0.132	0.144	0.116	0.123	0.071	0.102	0.118	0.128	0.114	0.127	0.113	0.134	0.105	0.132	0.126	0.133	0.119	0.127	0.105	0.117	0.164	0.11	0.099	0.121	1270074.0	1692712.587
sub-0003	0.104	0.126	0.12	0.139	0.12	0.128	0.12	0.123	0.124	0.133	0.129	0.138	0.13	0.13	0.095	0.109	0.113	0.145	0.131	0.127	0.118	0.13	0.106	0.121	0.14	0.136	0.122	0.119	0.107	0.127	0.129	0.152	0.109	0.12	1184521.0	1325368.010617
sub-0004	0.103	0.148	0.114	0.152	0.112	0.125	0.118	0.128	0.13	0.14	0.13	0.15	0.141	0.118	0.117	0.11	0.125	0.152	0.124	0.135	0.112	0.145	0.1	0.12	0.13	0.144	0.13	0.118	0.1	0.136	0.174	0.139	0.108	0.109	1119876.0	1338131.287899
sub-0005	0.099	0.131	0.107	0.147	0.139	0.131	0.118	0.116	0.118	0.131	0.132	0.139	0.122	0.124	0.097	0.083	0.113	0.135	0.112	0.133	0.11	0.133	0.101	0.121	0.123	0.133	0.117	0.118	0.097	0.12	0.159	0.124	0.103	0.118	1225864.0	1581896.5295
sub-0006	0.081	0.136	0.094	0.132	0.129	0.13	0.113	0.117	0.131	0.124	0.127	0.123	0.11	0.128	0.095	0.097	0.106	0.127	0.116	0.13	0.104	0.136	0.1	0.117	0.113	0.129	0.119	0.11	0.1	0.111	0.178	0.138	0.125	0.116	1247786.0	1354293.234785
sub-0007	0.102	0.129	0.1	0.146	0.137	0.122	0.122	0.119	0.12	0.131	0.126	0.153	0.112	0.122	0.096	0.1	0.115	0.148	0.128	0.136	0.116	0.141	0.101	0.126	0.133	0.136	0.117	0.124	0.108	0.121	0.173	0.137	0.126	0.117	1134965.0	1427446.163529
sub-0008	0.118	0.124	0.118	0.158	0.123	0.127	0.127	0.129	0.133	0.143	0.128	0.131	0.123	0.137	0.084	0.108	0.119	0.138	0.138	0.131	0.119	0.135	0.109	0.129	0.137	0.137	0.129	0.123	0.111	0.121	0.179	0.147	0.086	0.114	1271852.0	1654753.210314
sub-0009	0.078	0.145	0.124	0.146	0.118	0.127	0.127	0.148	0.123	0.146	0.15	0.155	0.119	0.136	0.087	0.113	0.128	0.146	0.126	0.154	0.123	0.153	0.113	0.129	0.134	0.154	0.13	0.118	0.121	0.134	0.205	0.145	0.116	0.115	961027.0	1092941.805296
sub-0010	0.11	0.121	0.124	0.144	0.12	0.136	0.127	0.124	0.124	0.137	0.13	0.142	0.12	0.118	0.111	0.103	0.115	0.126	0.115	0.145	0.119	0.122	0.111	0.119	0.129	0.141	0.127	0.125	0.107	0.127	0.171	0.154	0.126	0.116	996538.0	1093207.499499
sub-0011	0.109	0.137	0.116	0.152	0.12	0.135	0.128	0.134	0.122	0.153	0.134	0.146	0.121	0.133	0.104	0.11	0.13	0.134	0.144	0.161	0.118	0.142	0.112	0.13	0.129	0.141	0.129	0.125	0.111	0.132	0.142	0.138	0.116	0.121	1074820.0	1243840.702788
sub-0012	0.11	0.142	0.106	0.146	0.125	0.135	0.124	0.13	0.126	0.139	0.139	0.139	0.138	0.123	0.1	0.109	0.128	0.139	0.127	0.139	0.12	0.148	0.102	0.121	0.131	0.135	0.122	0.125	0.104	0.135	0.201	0.137	0.097	0.121	1111331.0	1264759.854439
sub-0013	0.089	0.144	0.134	0.158	0.123	0.149	0.138	0.147	0.145	0.14	0.141	0.148	0.117	0.144	0.127	0.124	0.127	0.158	0.141	0.152	0.129	0.149	0.12	0.125	0.145	0.147	0.137	0.134	0.119	0.13	0.21	0.15	0.097	0.128	990010.0	1265525.676304
sub-0014	0.094	0.141	0.121	0.141	0.113	0.132	0.117	0.124	0.124	0.134	0.13	0.136	0.114	0.118	0.074	0.108	0.114	0.139	0.117	0.138	0.117	0.136	0.104	0.12	0.117	0.133	0.124	0.11	0.102	0.12	0.161	0.118	0.117	0.126	1120069.0	1194162.842278
sub-0015	0.094	0.127	0.105	0.156	0.117	0.125	0.121	0.127	0.12	0.137	0.128	0.136	0.125	0.132	0.107	0.106	0.113	0.133	0.123	0.138	0.12	0.12	0.107	0.126	0.117	0.129	0.124	0.125	0.112	0.132	0.159	0.132	0.118	0.115	1171623.0	1339820.259997
sub-0016	0.081	0.126	0.116	0.15	0.113	0.124	0.111	0.124	0.121	0.134	0.128	0.14	0.118	0.13	0.087	0.103	0.109	0.128	0.125	0.127	0.107	0.141	0.105	0.13	0.125	0.133	0.126	0.116	0.104	0.115	0.173	0.154	0.138	0.117	1139249.0	1474210.897235
sub-0017	0.112	0.124	0.114	0.152	0.126	0.116	0.115	0.125	0.128	0.134	0.116	0.138	0.128	0.135	0.11	0.104	0.104	0.133	0.115	0.131	0.105	0.139	0.101	0.117	0.125	0.132	0.123	0.114	0.109	0.121	0.164	0.13	0.109	0.125	1029582.0	1337595.153561
sub-0018	0.089	0.14	0.117	0.16	0.133	0.131	0.126	0.143	0.14	0.138	0.128	0.139	0.112	0.132	0.112	0.101	0.122	0.129	0.131	0.119	0.109	0.125	0.102	0.123	0.148	0.139	0.127	0.122	0.113	0.125	0.173	0.136	0.13	0.11	1134499.0	1314539.920729
sub-0019	0.086	0.145	0.104	0.134	0.114	0.121	0.117	0.116	0.118	0.13	0.133	0.137	0.132	0.129	0.107	0.091	0.125	0.138	0.122	0.132	0.105	0.128	0.106	0.121	0.14	0.132	0.121	0.11	0.091	0.126	0.166	0.133	0.086	0.118	1113947.0	1196587.615369
sub-0020	0.086	0.148	0.114	0.156	0.103	0.129	0.127	0.133	0.123	0.142	0.138	0.132	0.114	0.131	0.077	0.112	0.11	0.14	0.127	0.11	0.108	0.131	0.098	0.12	0.122	0.13	0.123	0.12	0.1	0.121	0.185	0.131	0.13	0.12	1150630.0	1315502.237016
sub-0021	0.114	0.157	0.108	0.148	0.108	0.119	0.128	0.13	0.127	0.131	0.127	0.123	0.126	0.127	0.074	0.095	0.113	0.13	0.112	0.114	0.11	0.131	0.096	0.122	0.126	0.125	0.12	0.112	0.11	0.116	0.181	0.126	0.14	0.108	1372085.0	1609779.54358
sub-0022	0.112	0.148	0.113	0.151	0.121	0.131	0.124	0.128	0.126	0.142	0.132	0.149	0.115	0.126	0.098	0.108	0.113	0.132	0.121	0.133	0.112	0.131	0.102	0.114	0.137	0.143	0.121	0.124	0.122	0.127	0.19	0.142	0.128	0.101	1221000.0	1408518.840885
sub-0023	0.088	0.141	0.113	0.142	0.117	0.128	0.12	0.129	0.138	0.136	0.127	0.135	0.125	0.126	0.112	0.114	0.119	0.143	0.12	0.139	0.116	0.14	0.108	0.118	0.11	0.136	0.122	0.119	0.105	0.13	0.165	0.13	0.102	0.12	1084941.0	1210037.224423
sub-0024	0.097	0.115	0.112	0.151	0.134	0.13	0.126	0.132	0.131	0.144	0.14	0.14	0.132	0.142	0.097	0.117	0.114	0.126	0.124	0.145	0.119	0.13	0.107	0.123	0.134	0.141	0.124	0.121	0.113	0.123	0.143	0.173	0.093	0.115	1255311.0	1703918.889579
sub-0025	0.113	0.132	0.11	0.137	0.135	0.124	0.118	0.129	0.121	0.126	0.128	0.135	0.11	0.134	0.09	0.109	0.112	0.139	0.126	0.123	0.11	0.135	0.104	0.111	0.145	0.141	0.124	0.112	0.111	0.126	0.17	0.145	0.125	0.124	1140770.0	1193695.388857
sub-0026	0.095	0.134	0.116	0.142	0.126	0.124	0.13	0.125	0.121	0.138	0.143	0.15	0.139	0.131	0.102	0.1	0.118	0.154	0.133	0.134	0.112	0.142	0.107	0.125	0.142	0.14	0.126	0.119	0.116	0.121	0.18	0.179	0.098	0.116	1228402.0	1520543.146445
sub-0027	0.098	0.117	0.12	0.166	0.105	0.126	0.12	0.131	0.129	0.132	0.142	0.15	0.116	0.124	0.09	0.115	0.123	0.133	0.132	0.145	0.124	0.149	0.111	0.133	0.133	0.139	0.126	0.123	0.101	0.135	0.179	0.142	0.118	0.114	1091162.0	1143148.09348
sub-0028	0.081	0.133	0.109	0.131	0.104	0.128	0.104	0.122	0.12	0.129	0.123	0.13	0.114	0.128	0.086	0.099	0.096	0.113	0.121	0.143	0.106	0.131	0.097	0.112	0.108	0.128	0.116	0.116	0.106	0.113	0.15	0.129	0.103	0.109	1285061.0	1768709.871258
sub-0029	0.1	0.129	0.11	0.151	0.113	0.129	0.121	0.121	0.131	0.138	0.122	0.144	0.126	0.12	0.087	0.098	0.117	0.124	0.119	0.12	0.12	0.126	0.106	0.12	0.122	0.13	0.117	0.115	0.105	0.122	0.173	0.137	0.109	0.123	1121926.0	1307248.794911
sub-0030	0.101	0.103	0.11	0.153	0.134	0.122	0.113	0.125	0.122	0.135	0.124	0.137	0.128	0.126	0.098	0.107	0.107	0.134	0.114	0.12	0.109	0.127	0.104	0.121	0.114	0.129	0.127	0.118	0.111	0.122	0.144	0.134	0.124	0.119	1360253.0	1634121.287963
sub-0031	0.108	0.139	0.111	0.152	0.118	0.124	0.121	0.122	0.128	0.137	0.123	0.141	0.132	0.131	0.093	0.102	0.119	0.131	0.128	0.132	0.1	0.147	0.105	0.119	0.125	0.132	0.122	0.114	0.097	0.118	0.173	0.13	0.086	0.104	1066825.0	1329892.526925
sub-0032	0.111	0.121	0.11	0.149	0.128	0.131	0.122	0.131	0.128	0.139	0.131	0.138	0.121	0.135	0.13	0.099	0.115	0.141	0.122	0.131	0.113	0.132	0.102	0.122	0.123	0.128	0.118	0.118	0.108	0.122	0.165	0.127	0.103	0.114	1264512.0	1489493.778253
sub-0033	0.118	0.129	0.108	0.137	0.12	0.126	0.13	0.117	0.131	0.134	0.133	0.143	0.121	0.124	0.118	0.099	0.115	0.143	0.124	0.142	0.116	0.135	0.105	0.126	0.121	0.137	0.126	0.128	0.107	0.123	0.177	0.141	0.124	0.12	1234151.0	1390204.431298
sub-0034	0.097	0.116	0.11	0.131	0.112	0.13	0.111	0.122	0.123	0.125	0.128	0.132	0.117	0.121	0.092	0.106	0.12	0.139	0.116	0.126	0.101	0.134	0.1	0.116	0.133	0.143	0.125	0.114	0.103	0.118	0.181	0.12	0.106	0.121	1192164.0	1548854.973346
sub-0035	0.085	0.131	0.124	0.155	0.106	0.141	0.124	0.135	0.132	0.141	0.134	0.147	0.107	0.135	0.099	0.106	0.123	0.135	0.126	0.151	0.117	0.154	0.108	0.13	0.147	0.144	0.133	0.124	0.11	0.129	0.181	0.156	0.125	0.129	1178058.0	1285548.492311
sub-0036	0.103	0.123	0.114	0.14	0.115	0.125	0.119	0.123	0.128	0.131	0.127	0.13	0.128	0.128	0.098	0.106	0.116	0.131	0.12	0.147	0.111	0.13	0.11	0.128	0.132	0.138	0.122	0.121	0.103	0.123	0.147	0.123	0.111	0.12	1206564.0	1325186.698783
sub-0037	0.114	0.12	0.117	0.166	0.144	0.136	0.133	0.128	0.134	0.137	0.137	0.142	0.112	0.133	0.107	0.096	0.115	0.139	0.124	0.14	0.112	0.138	0.104	0.13	0.109	0.135	0.123	0.123	0.116	0.133	0.17	0.161	0.114	0.119	1040608.0	1039161.90809
sub-0038	0.129	0.121	0.1	0.143	0.146	0.13	0.12	0.141	0.135	0.138	0.14	0.145	0.119	0.132	0.11	0.104	0.106	0.143	0.121	0.14	0.112	0.145	0.104	0.129	0.127	0.135	0.12	0.113	0.111	0.121	0.171	0.157	0.107	0.121	1176616.0	1370328.370742
sub-0039	0.117	0.132	0.118	0.147	0.114	0.125	0.12	0.121	0.135	0.142	0.131	0.142	0.114	0.13	0.08	0.098	0.118	0.151	0.123	0.129	0.119	0.138	0.104	0.127	0.142	0.135	0.122	0.118	0.116	0.121	0.154	0.102	0.129	0.121	1126390.0	1282072.917977
sub-0040	0.109	0.125	0.119	0.154	0.134	0.124	0.127	0.122	0.137	0.132	0.137	0.132	0.14	0.134	0.111	0.097	0.114	0.162	0.128	0.113	0.118	0.133	0.11	0.127	0.126	0.14	0.124	0.118	0.109	0.126	0.174	0.136	0.11	0.124	1365708.0	1776357.318161
sub-0041	0.112	0.133	0.124	0.152	0.102	0.124	0.118	0.124	0.121	0.131	0.137	0.134	0.136	0.13	0.073	0.108	0.12	0.139	0.115	0.128	0.114	0.134	0.113	0.121	0.137	0.139	0.125	0.126	0.109	0.133	0.179	0.141	0.123	0.113	1123563.0	1211554.573673
sub-0042	0.104	0.132	0.11	0.161	0.104	0.126	0.115	0.114	0.122	0.133	0.126	0.14	0.12	0.118	0.08	0.107	0.108	0.13	0.121	0.132	0.113	0.119	0.103	0.119	0.126	0.127	0.122	0.118	0.104	0.121	0.151	0.131	0.131	0.118	1260747.0	1595125.765693
sub-0043	0.113	0.114	0.109	0.128	0.128	0.128	0.11	0.13	0.131	0.136	0.134	0.145	0.125	0.127	0.107	0.093	0.127	0.142	0.122	0.131	0.104	0.129	0.097	0.127	0.134	0.127	0.122	0.115	0.118	0.126	0.152	0.152	0.12	0.111	1207592.0	1573892.518748
sub-0044	0.095	0.121	0.11	0.148	0.14	0.131	0.12	0.125	0.119	0.13	0.131	0.134	0.136	0.113	0.099	0.093	0.11	0.13	0.132	0.126	0.119	0.13	0.105	0.126	0.14	0.131	0.124	0.119	0.097	0.118	0.16	0.137	0.124	0.121	1263702.0	1447858.351082
sub-0045	0.098	0.143	0.111	0.137	0.091	0.123	0.118	0.121	0.125	0.134	0.125	0.128	0.117	0.122	0.082	0.103	0.108	0.126	0.125	0.134	0.108	0.143	0.096	0.13	0.133	0.129	0.12	0.112	0.102	0.116	0.139	0.133	0.125	0.123	1384451.0	1641357.40128
sub-0046	0.116	0.148	0.112	0.153	0.108	0.13	0.125	0.129	0.122	0.132	0.142	0.146	0.123	0.126	0.107	0.113	0.114	0.159	0.116	0.134	0.117	0.129	0.106	0.124	0.128	0.133	0.124	0.117	0.114	0.137	0.179	0.13	0.127	0.125	1196331.0	1302253.120518
sub-0047	0.101	0.137	0.115	0.161	0.12	0.126	0.127	0.121	0.127	0.133	0.139	0.134	0.126	0.135	0.109	0.105	0.125	0.154	0.122	0.136	0.118	0.129	0.103	0.131	0.14	0.142	0.129	0.121	0.107	0.13	0.176	0.156	0.101	0.115	1131089.0	1352635.107834
sub-0048	0.111	0.143	0.114	0.146	0.116	0.131	0.124	0.128	0.131	0.133	0.145	0.137	0.119	0.125	0.094	0.108	0.113	0.15	0.115	0.137	0.109	0.145	0.11	0.131	0.138	0.133	0.129	0.115	0.113	0.124	0.176	0.12	0.132	0.109	1065029.0	1275646.579865
sub-0049	0.111	0.13	0.124	0.158	0.133	0.129	0.126	0.13	0.12	0.141	0.147	0.14	0.124	0.138	0.114	0.118	0.131	0.158	0.123	0.127	0.116	0.138	0.114	0.136	0.126	0.14	0.129	0.129	0.116	0.13	0.187	0.144	0.133	0.119	1063425.0	1241971.165177
sub-0050	0.092	0.151	0.122	0.146	0.115	0.122	0.118	0.123	0.125	0.129	0.13	0.143	0.135	0.127	0.105	0.098	0.11	0.137	0.119	0.125	0.108	0.127	0.112	0.112	0.145	0.142	0.12	0.123	0.095	0.117	0.141	0.14	0.117	0.128	1004192.0	1167348.605998
sub-0051	0.1	0.139	0.119	0.146	0.114	0.127	0.126	0.135	0.133	0.138	0.13	0.143	0.131	0.124	0.079	0.103	0.114	0.148	0.128	0.121	0.114	0.146	0.106	0.13	0.134	0.142	0.12	0.124	0.117	0.129	0.165	0.143	0.125	0.119	1129476.0	1367177.983431
sub-0052	0.085	0.141	0.115	0.142	0.121	0.115	0.123	0.129	0.125	0.131	0.127	0.126	0.121	0.13	0.092	0.093	0.115	0.119	0.124	0.129	0.112	0.134	0.101	0.12	0.115	0.131	0.119	0.115	0.104	0.127	0.161	0.143	0.093	0.115	1393928.0	1612813.686328
sub-0053	0.105	0.152	0.118	0.156	0.138	0.131	0.121	0.13	0.136	0.142	0.135	0.143	0.13	0.13	0.095	0.109	0.115	0.146	0.122	0.132	0.121	0.133	0.114	0.119	0.133	0.143	0.132	0.127	0.112	0.13	0.165	0.163	0.111	0.123	1085378.0	1448329.281742
sub-0054	0.104	0.115	0.112	0.146	0.104	0.121	0.108	0.129	0.119	0.135	0.124	0.134	0.122	0.124	0.085	0.092	0.121	0.142	0.128	0.12	0.109	0.139	0.097	0.124	0.116	0.129	0.123	0.114	0.108	0.123	0.143	0.154	0.103	0.116	1051119.0	1474969.459443
sub-0055	0.095	0.121	0.111	0.145	0.129	0.129	0.125	0.123	0.117	0.139	0.126	0.137	0.123	0.126	0.098	0.108	0.109	0.145	0.117	0.139	0.109	0.135	0.104	0.119	0.12	0.135	0.119	0.119	0.096	0.119	0.164	0.128	0.15	0.139	1281831.0	1559112.265607
sub-0056	0.13	0.158	0.111	0.156	0.137	0.134	0.118	0.14	0.132	0.137	0.136	0.137	0.128	0.136	0.12	0.11	0.12	0.153	0.132	0.135	0.119	0.135	0.106	0.133	0.137	0.147	0.127	0.119	0.11	0.122	0.15	0.16	0.102	0.113	1128463.0	1159536.339825
sub-0057	0.119	0.134	0.123	0.129	0.113	0.13	0.111	0.122	0.138	0.13	0.136	0.134	0.138	0.12	0.095	0.088	0.112	0.151	0.139	0.109	0.116	0.145	0.107	0.128	0.138	0.142	0.121	0.118	0.094	0.122	0.158	0.147	0.118	0.116	920873.0	1012605.008482
sub-0058	0.109	0.136	0.117	0.146	0.139	0.129	0.126	0.134	0.132	0.134	0.131	0.133	0.134	0.128	0.08	0.112	0.12	0.154	0.137	0.145	0.116	0.131	0.1	0.125	0.126	0.141	0.123	0.126	0.116	0.132	0.187	0.144	0.11	0.127	1324301.0	1600616.506302
sub-0059	0.079	0.137	0.117	0.154	0.113	0.129	0.12	0.119	0.13	0.134	0.136	0.134	0.125	0.122	0.078	0.117	0.126	0.142	0.126	0.133	0.115	0.145	0.109	0.132	0.147	0.139	0.132	0.12	0.101	0.13	0.172	0.145	0.14	0.124	1142257.0	1501855.143357
sub-0060	0.099	0.128	0.11	0.143	0.12	0.129	0.11	0.137	0.128	0.128	0.131	0.136	0.131	0.135	0.122	0.094	0.105	0.13	0.109	0.144	0.114	0.131	0.104	0.118	0.133	0.133	0.124	0.123	0.118	0.124	0.146	0.142	0.121	0.114	1205004.0	1505207.336789
sub-0061	0.085	0.132	0.109	0.153	0.143	0.129	0.117	0.126	0.13	0.128	0.128	0.138	0.106	0.124	0.102	0.105	0.111	0.136	0.113	0.123	0.105	0.121	0.102	0.125	0.125	0.126	0.12	0.12	0.098	0.121	0.169	0.177	0.109	0.117	1181018.0	1369511.409073
sub-0062	0.108	0.138	0.119	0.144	0.12	0.125	0.127	0.12	0.125	0.131	0.131	0.14	0.122	0.117	0.088	0.094	0.112	0.142	0.115	0.134	0.123	0.141	0.11	0.128	0.146	0.137	0.126	0.126	0.1	0.125	0.164	0.117	0.107	0.12	1084223.0	1272209.610922
sub-0063	0.11	0.111	0.104	0.146	0.109	0.136	0.121	0.128	0.126	0.134	0.123	0.132	0.118	0.127	0.102	0.111	0.103	0.149	0.128	0.118	0.118	0.141	0.107	0.125	0.138	0.14	0.129	0.127	0.106	0.122	0.161	0.136	0.112	0.124	1086311.0	1170114.002443
sub-0064	0.106	0.143	0.113	0.139	0.131	0.134	0.132	0.148	0.119	0.145	0.144	0.146	0.13	0.139	0.105	0.104	0.13	0.164	0.127	0.122	0.115	0.146	0.11	0.129	0.139	0.148	0.134	0.131	0.113	0.135	0.179	0.165	0.112	0.121	984512.0	1157736.089383
sub-0065	0.113	0.135	0.119	0.161	0.111	0.122	0.122	0.141	0.125	0.145	0.134	0.143	0.112	0.132	0.079	0.114	0.117	0.166	0.133	0.14	0.112	0.141	0.109	0.129	0.138	0.141	0.127	0.123	0.109	0.13	0.187	0.138	0.137	0.128	1072697.0	1274150.700682
sub-0066	0.098	0.14	0.117	0.142	0.124	0.13	0.124	0.132	0.133	0.132	0.126	0.134	0.116	0.137	0.109	0.1	0.108	0.15	0.131	0.14	0.11	0.148	0.104	0.122	0.116	0.134	0.129	0.114	0.107	0.124	0.178	0.177	0.141	0.105	1223530.0	1314873.090574
sub-0067	0.107	0.127	0.112	0.143	0.124	0.124	0.123	0.122	0.128	0.133	0.14	0.133	0.107	0.128	0.112	0.1	0.108	0.166	0.116	0.126	0.114	0.123	0.103	0.123	0.128	0.14	0.124	0.118	0.111	0.133	0.184	0.125	0.102	0.114	1108653.0	1454330.520659
sub-0068	0.107	0.131	0.116	0.145	0.106	0.132	0.115	0.118	0.118	0.13	0.129	0.136	0.129	0.123	0.113	0.104	0.122	0.152	0.125	0.149	0.107	0.133	0.107	0.133	0.141	0.141	0.129	0.121	0.113	0.127	0.184	0.138	0.118	0.118	1126409.0	1186125.767314
sub-0069	0.094	0.122	0.105	0.131	0.12	0.126	0.118	0.119	0.128	0.13	0.135	0.138	0.115	0.136	0.099	0.101	0.111	0.135	0.118	0.127	0.116	0.136	0.097	0.125	0.12	0.137	0.121	0.119	0.106	0.126	0.159	0.121	0.119	0.114	1094167.0	1221414.088014
sub-0070	0.078	0.113	0.107	0.144	0.106	0.128	0.11	0.127	0.127	0.129	0.122	0.138	0.119	0.124	0.103	0.096	0.119	0.124	0.131	0.125	0.113	0.128	0.104	0.123	0.128	0.131	0.122	0.122	0.099	0.12	0.151	0.129	0.098	0.115	1292486.0	1755328.487204
sub-0071	0.106	0.119	0.11	0.143	0.14	0.118	0.113	0.129	0.113	0.132	0.123	0.141	0.125	0.14	0.112	0.091	0.107	0.12	0.118	0.127	0.108	0.133	0.094	0.123	0.143	0.133	0.119	0.116	0.107	0.117	0.149	0.151	0.13	0.112	1249893.0	1634089.751352
sub-0072	0.105	0.129	0.123	0.135	0.13	0.123	0.12	0.123	0.128	0.123	0.128	0.135	0.123	0.123	0.111	0.103	0.128	0.12	0.111	0.124	0.107	0.127	0.096	0.126	0.139	0.137	0.113	0.111	0.102	0.117	0.139	0.133	0.125	0.12	1157016.0	1303487.747039
sub-0073	0.092	0.121	0.113	0.151	0.125	0.129	0.126	0.127	0.118	0.151	0.145	0.148	0.111	0.125	0.091	0.104	0.121	0.136	0.126	0.122	0.108	0.14	0.107	0.129	0.116	0.139	0.122	0.13	0.111	0.124	0.174	0.13	0.118	0.123	1058891.0	1187048.694322
sub-0074	0.101	0.131	0.121	0.149	0.111	0.126	0.124	0.129	0.128	0.144	0.131	0.148	0.131	0.134	0.082	0.097	0.105	0.135	0.125	0.121	0.116	0.137	0.109	0.131	0.121	0.137	0.126	0.127	0.118	0.123	0.151	0.146	0.113	0.121	1500430.0	1961809.725767
sub-0075	0.107	0.14	0.101	0.143	0.124	0.121	0.121	0.13	0.12	0.132	0.137	0.13	0.106	0.125	0.089	0.091	0.109	0.133	0.104	0.131	0.11	0.127	0.094	0.123	0.139	0.126	0.113	0.109	0.108	0.119	0.146	0.158	0.103	0.12	1318890.0	1699569.476078
sub-0076	0.107	0.103	0.112	0.136	0.097	0.127	0.12	0.129	0.123	0.13	0.122	0.139	0.113	0.123	0.101	0.107	0.11	0.146	0.123	0.133	0.102	0.146	0.098	0.13	0.109	0.127	0.123	0.121	0.106	0.13	0.157	0.133	0.129	0.116	1389071.0	1624560.177194
sub-0077	0.105	0.118	0.123	0.132	0.158	0.131	0.128	0.139	0.122	0.143	0.139	0.149	0.124	0.141	0.086	0.099	0.12	0.133	0.133	0.126	0.111	0.134	0.112	0.125	0.114	0.142	0.132	0.121	0.121	0.133	0.147	0.158	0.117	0.117	1031018.0	1438180.560507
sub-0078	0.08	0.129	0.12	0.148	0.124	0.133	0.125	0.136	0.126	0.132	0.14	0.143	0.14	0.136	0.111	0.107	0.125	0.18	0.126	0.127	0.109	0.136	0.11	0.116	0.143	0.143	0.127	0.118	0.117	0.125	0.165	0.143	0.103	0.11	1163738.0	1405179.745512
sub-0079	0.092	0.119	0.11	0.146	0.136	0.137	0.117	0.121	0.122	0.127	0.137	0.137	0.126	0.13	0.102	0.108	0.12	0.147	0.125	0.137	0.118	0.131	0.105	0.124	0.126	0.132	0.121	0.12	0.118	0.125	0.174	0.135	0.107	0.128	1237550.0	1670680.937755
sub-0080	0.102	0.142	0.119	0.138	0.101	0.126	0.114	0.124	0.129	0.127	0.129	0.127	0.12	0.132	0.121	0.109	0.127	0.137	0.138	0.134	0.118	0.143	0.11	0.121	0.129	0.127	0.128	0.121	0.113	0.126	0.17	0.152	0.1	0.117	1152858.0	1245058.25468
sub-0081	0.112	0.123	0.117	0.155	0.135	0.126	0.116	0.125	0.121	0.137	0.123	0.138	0.117	0.13	0.098	0.107	0.117	0.139	0.114	0.134	0.11	0.14	0.105	0.127	0.119	0.133	0.124	0.115	0.108	0.122	0.162	0.157	0.099	0.125	1429029.0	1813905.93453
sub-0082	0.092	0.118	0.112	0.141	0.134	0.126	0.125	0.118	0.13	0.133	0.128	0.134	0.111	0.118	0.083	0.1	0.11	0.144	0.122	0.112	0.11	0.135	0.106	0.121	0.118	0.129	0.121	0.123	0.103	0.121	0.169	0.124	0.099	0.115	1204055.0	1664552.018743
sub-0083	0.113	0.132	0.123	0.139	0.116	0.122	0.115	0.122	0.128	0.136	0.129	0.136	0.114	0.126	0.083	0.119	0.128	0.133	0.133	0.141	0.113	0.134	0.106	0.124	0.145	0.135	0.12	0.114	0.102	0.128	0.17	0.132	0.124	0.114	1263837.0	1642311.48061
sub-0084	0.099	0.125	0.112	0.143	0.117	0.129	0.12	0.125	0.123	0.138	0.131	0.139	0.133	0.125	0.089	0.107	0.116	0.144	0.124	0.152	0.111	0.136	0.106	0.135	0.118	0.139	0.124	0.124	0.11	0.131	0.149	0.124	0.124	0.113	1251650.0	1375169.673746
sub-0085	0.099	0.138	0.115	0.148	0.115	0.136	0.135	0.125	0.136	0.135	0.119	0.145	0.12	0.128	0.116	0.118	0.113	0.155	0.119	0.141	0.117	0.136	0.105	0.131	0.141	0.138	0.12	0.129	0.112	0.131	0.177	0.126	0.121	0.124	962921.0	1025878.102196
sub-0086	0.087	0.128	0.119	0.148	0.104	0.126	0.111	0.127	0.126	0.131	0.125	0.132	0.123	0.13	0.128	0.109	0.109	0.143	0.134	0.137	0.111	0.133	0.104	0.125	0.134	0.137	0.123	0.115	0.112	0.122	0.18	0.113	0.089	0.116	1277219.0	1557559.838422
sub-0087	0.091	0.128	0.13	0.124	0.099	0.126	0.128	0.128	0.134	0.132	0.125	0.139	0.128	0.13	0.096	0.108	0.132	0.14	0.123	0.129	0.107	0.139	0.112	0.131	0.128	0.15	0.131	0.133	0.11	0.129	0.175	0.132	0.113	0.124	1135006.0	1199212.396541
sub-0088	0.118	0.113	0.125	0.142	0.128	0.118	0.12	0.128	0.133	0.14	0.136	0.154	0.126	0.134	0.105	0.115	0.127	0.14	0.13	0.147	0.116	0.14	0.111	0.127	0.133	0.14	0.128	0.12	0.105	0.121	0.181	0.145	0.1	0.121	1367947.0	1749974.361296
sub-0089	0.095	0.15	0.119	0.146	0.112	0.144	0.134	0.125	0.122	0.141	0.141	0.15	0.127	0.13	0.093	0.116	0.111	0.15	0.12	0.121	0.121	0.129	0.107	0.132	0.141	0.143	0.128	0.123	0.114	0.135	0.182	0.146	0.136	0.114	1109753.0	1266847.45001
sub-0090	0.111	0.117	0.118	0.15	0.123	0.137	0.129	0.133	0.138	0.144	0.142	0.148	0.132	0.122	0.127	0.106	0.122	0.142	0.142	0.13	0.123	0.133	0.11	0.136	0.13	0.151	0.123	0.128	0.109	0.129	0.184	0.137	0.096	0.125	1083879.0	1379263.516306
sub-0091	0.106	0.104	0.114	0.158	0.115	0.131	0.122	0.138	0.131	0.138	0.125	0.135	0.139	0.137	0.086	0.101	0.116	0.143	0.135	0.139	0.12	0.12	0.104	0.125	0.117	0.149	0.132	0.121	0.117	0.128	0.161	0.148	0.127	0.116	1197099.0	1582574.563044
sub-0092	0.119	0.133	0.107	0.131	0.12	0.119	0.115	0.118	0.131	0.144	0.126	0.135	0.117	0.128	0.071	0.109	0.104	0.122	0.114	0.108	0.112	0.145	0.097	0.124	0.132	0.131	0.119	0.117	0.111	0.12	0.16	0.129	0.096	0.115	1297126.0	1766651.713107
sub-0093	0.102	0.129	0.114	0.141	0.126	0.127	0.124	0.124	0.128	0.132	0.135	0.145	0.12	0.124	0.087	0.098	0.114	0.153	0.132	0.125	0.115	0.138	0.104	0.123	0.119	0.137	0.121	0.114	0.094	0.123	0.158	0.131	0.134	0.113	1087119.0	1460791.342004
sub-0094	0.1	0.143	0.115	0.154	0.128	0.128	0.111	0.126	0.124	0.133	0.138	0.141	0.131	0.126	0.079	0.114	0.114	0.148	0.128	0.123	0.111	0.135	0.105	0.134	0.134	0.131	0.128	0.118	0.109	0.126	0.165	0.161	0.116	0.127	1090472.0	1225095.466245
sub-0095	0.102	0.131	0.112	0.139	0.114	0.121	0.116	0.12	0.131	0.124	0.127	0.13	0.13	0.122	0.101	0.101	0.101	0.124	0.113	0.138	0.114	0.136	0.106	0.124	0.128	0.129	0.115	0.12	0.097	0.131	0.151	0.141	0.122	0.114	1176761.0	1393838.718019
sub-0096	0.084	0.143	0.117	0.146	0.127	0.127	0.113	0.131	0.118	0.134	0.135	0.129	0.122	0.127	0.109	0.102	0.12	0.138	0.121	0.109	0.107	0.131	0.099	0.122	0.133	0.139	0.123	0.109	0.101	0.119	0.176	0.132	0.121	0.112	1103258.0	1267541.963561
sub-0097	0.086	0.125	0.115	0.154	0.115	0.131	0.118	0.137	0.118	0.14	0.133	0.129	0.118	0.134	0.084	0.096	0.116	0.131	0.122	0.126	0.109	0.147	0.106	0.124	0.137	0.142	0.121	0.126	0.112	0.131	0.172	0.149	0.124	0.118	1105184.0	1291641.31448
sub-0098	0.092	0.153	0.118	0.138	0.111	0.121	0.114	0.121	0.131	0.132	0.119	0.139	0.119	0.136	0.106	0.098	0.116	0.123	0.108	0.107	0.114	0.137	0.102	0.12	0.111	0.128	0.12	0.117	0.1	0.123	0.169	0.139	0.119	0.115	1324428.0	1767706.388905
sub-0099	0.1	0.14	0.112	0.149	0.086	0.125	0.127	0.128	0.123	0.138	0.129	0.147	0.12	0.13	0.113	0.094	0.114	0.151	0.124	0.139	0.121	0.13	0.109	0.126	0.125	0.139	0.12	0.123	0.112	0.125	0.185	0.125	0.128	0.113	1340357.0	1787979.018134
sub-0100	0.109	0.119	0.108	0.147	0.109	0.128	0.118	0.118	0.123	0.127	0.136	0.135	0.13	0.13	0.09	0.101	0.118	0.149	0.118	0.115	0.112	0.147	0.104	0.115	0.142	0.136	0.121	0.115	0.108	0.11	0.152	0.144	0.127	0.111	1326269.0	1662847.267452
sub-0101	0.114	0.128	0.117	0.136	0.128	0.126	0.118	0.124	0.132	0.13	0.125	0.137	0.124	0.125	0.098	0.103	0.116	0.142	0.115	0.141	0.108	0.14	0.101	0.113	0.116	0.135	0.119	0.118	0.112	0.122	0.15	0.141	0.101	0.12	1170530.0	1448074.530533
sub-0102	0.094	0.112	0.115	0.163	0.098	0.12	0.126	0.122	0.127	0.139	0.142	0.143	0.13	0.13	0.071	0.117	0.109	0.14	0.13	0.125	0.122	0.134	0.107	0.125	0.124	0.144	0.126	0.122	0.104	0.123	0.183	0.13	0.118	0.117	1366345.0	1743921.110547
sub-0103	0.087	0.135	0.126	0.135	0.125	0.127	0.128	0.126	0.132	0.129	0.128	0.135	0.122	0.134	0.117	0.116	0.126	0.15	0.13	0.135	0.109	0.145	0.11	0.121	0.11	0.142	0.122	0.121	0.105	0.126	0.175	0.125	0.09	0.128	1042847.0	1306228.032015
sub-0104	0.086	0.134	0.116	0.147	0.123	0.135	0.122	0.122	0.125	0.138	0.135	0.143	0.135	0.126	0.086	0.109	0.119	0.127	0.112	0.129	0.118	0.131	0.113	0.122	0.128	0.128	0.123	0.121	0.106	0.122	0.151	0.126	0.131	0.115	1030459.0	1117095.897251
sub-0105	0.102	0.126	0.115	0.132	0.112	0.117	0.117	0.12	0.121	0.132	0.138	0.129	0.107	0.124	0.099	0.1	0.114	0.139	0.127	0.138	0.114	0.132	0.106	0.131	0.12	0.135	0.127	0.127	0.108	0.131	0.153	0.133	0.086	0.112	1145351.0	1374946.138192
sub-0106	0.106	0.123	0.104	0.139	0.109	0.126	0.13	0.127	0.133	0.136	0.122	0.135	0.131	0.128	0.101	0.11	0.114	0.151	0.134	0.121	0.119	0.144	0.107	0.128	0.129	0.141	0.121	0.122	0.106	0.129	0.181	0.142	0.114	0.112	1097629.0	1232802.279774
sub-0107	0.115	0.11	0.112	0.145	0.134	0.133	0.118	0.115	0.137	0.133	0.13	0.128	0.116	0.122	0.095	0.114	0.113	0.154	0.121	0.121	0.122	0.138	0.11	0.13	0.124	0.14	0.129	0.123	0.115	0.127	0.172	0.146	0.129	0.12	1233475.0	1531951.741104
sub-0108	0.105	0.143	0.115	0.141	0.123	0.126	0.118	0.124	0.125	0.129	0.122	0.134	0.103	0.126	0.09	0.117	0.116	0.129	0.12	0.127	0.113	0.149	0.107	0.123	0.119	0.143	0.128	0.114	0.107	0.121	0.199	0.125	0.116	0.13	1362511.0	1837369.163244
sub-0109	0.117	0.14	0.108	0.139	0.128	0.122	0.119	0.132	0.13	0.134	0.12	0.139	0.126	0.122	0.097	0.094	0.112	0.133	0.103	0.131	0.105	0.134	0.096	0.121	0.126	0.138	0.119	0.121	0.114	0.124	0.154	0.141	0.081	0.109	1364880.0	1792922.374976
sub-0110	0.089	0.124	0.121	0.154	0.118	0.127	0.113	0.127	0.124	0.132	0.124	0.135	0.115	0.126	0.084	0.109	0.114	0.123	0.129	0.126	0.113	0.14	0.107	0.12	0.127	0.139	0.124	0.117	0.102	0.123	0.141	0.144	0.108	0.123	1355261.0	1680204.683201
sub-0111	0.092	0.106	0.115	0.148	0.137	0.127	0.127	0.125	0.118	0.136	0.131	0.142	0.138	0.124	0.093	0.102	0.109	0.139	0.128	0.13	0.115	0.129	0.101	0.119	0.11	0.138	0.124	0.123	0.102	0.127	0.157	0.148	0.126	0.111	1018030.0	1380530.526494
sub-0112	0.104	0.135	0.125	0.147	0.127	0.13	0.125	0.115	0.138	0.138	0.134	0.148	0.129	0.125	0.104	0.123	0.12	0.138	0.129	0.115	0.12	0.146	0.109	0.128	0.134	0.138	0.126	0.123	0.106	0.126	0.169	0.146	0.121	0.115	1065066.0	1267466.560021
sub-0113	0.094	0.127	0.12	0.142	0.141	0.138	0.124	0.136	0.145	0.143	0.128	0.142	0.115	0.127	0.12	0.096	0.118	0.166	0.124	0.144	0.123	0.141	0.112	0.125	0.129	0.137	0.121	0.12	0.107	0.129	0.167	0.142	0.115	0.125	1045706.0	1293806.7876
sub-0114	0.085	0.13	0.108	0.152	0.112	0.131	0.12	0.132	0.124	0.137	0.121	0.15	0.127	0.13	0.075	0.096	0.124	0.135	0.132	0.15	0.113	0.146	0.108	0.125	0.141	0.139	0.125	0.116	0.102	0.122	0.179	0.115	0.136	0.13	1090531.0	1197587.80593
sub-0115	0.1	0.129	0.118	0.151	0.131	0.138	0.138	0.134	0.129	0.142	0.13	0.15	0.123	0.134	0.109	0.11	0.116	0.148	0.131	0.132	0.112	0.143	0.108	0.134	0.13	0.149	0.133	0.126	0.109	0.13	0.175	0.139	0.123	0.115	1032477.0	1392108.138436
sub-0116	0.087	0.138	0.106	0.133	0.127	0.139	0.124	0.13	0.123	0.129	0.126	0.137	0.127	0.128	0.103	0.09	0.119	0.134	0.125	0.121	0.112	0.127	0.106	0.117	0.128	0.133	0.121	0.115	0.105	0.124	0.157	0.157	0.12	0.116	1063668.0	1294870.702796
sub-0117	0.111	0.136	0.119	0.149	0.128	0.14	0.135	0.14	0.132	0.134	0.135	0.154	0.123	0.13	0.101	0.121	0.102	0.158	0.118	0.131	0.113	0.147	0.11	0.12	0.133	0.143	0.128	0.126	0.108	0.131	0.144	0.148	0.108	0.128	1126977.0	1349473.739635
sub-0118	0.1	0.097	0.112	0.134	0.129	0.121	0.126	0.126	0.13	0.136	0.124	0.124	0.117	0.133	0.09	0.098	0.123	0.143	0.12	0.129	0.117	0.133	0.107	0.118	0.116	0.13	0.115	0.12	0.103	0.118	0.179	0.119	0.122	0.126	1282660.0	1728881.825442
sub-0119	0.075	0.136	0.113	0.138	0.117	0.13	0.122	0.121	0.127	0.139	0.144	0.137	0.108	0.136	0.09	0.1	0.128	0.146	0.135	0.134	0.115	0.141	0.103	0.129	0.144	0.136	0.121	0.122	0.108	0.126	0.167	0.149	0.089	0.119	1121020.0	1229718.867021
sub-0120	0.097	0.126	0.119	0.145	0.125	0.13	0.131	0.114	0.131	0.143	0.131	0.137	0.128	0.135	0.096	0.114	0.112	0.147	0.119	0.136	0.113	0.135	0.108	0.127	0.114	0.139	0.121	0.122	0.105	0.133	0.177	0.129	0.099	0.123	1124240.0	1546825.809346
sub-0121	0.134	0.117	0.123	0.157	0.12	0.134	0.12	0.149	0.132	0.139	0.135	0.145	0.117	0.13	0.068	0.106	0.12	0.146	0.119	0.136	0.119	0.116	0.109	0.129	0.123	0.135	0.128	0.13	0.11	0.129	0.153	0.115	0.118	0.116	1116627.0	1430410.226792
sub-0122	0.092	0.123	0.104	0.15	0.118	0.121	0.116	0.118	0.113	0.133	0.14	0.152	0.133	0.118	0.099	0.086	0.108	0.145	0.107	0.144	0.104	0.121	0.098	0.119	0.114	0.13	0.121	0.111	0.103	0.119	0.167	0.124	0.135	0.106	1188271.0	1308183.182692
sub-0123	0.091	0.13	0.108	0.132	0.129	0.121	0.123	0.125	0.121	0.127	0.13	0.132	0.127	0.121	0.075	0.092	0.119	0.126	0.106	0.129	0.111	0.138	0.102	0.129	0.13	0.133	0.119	0.119	0.104	0.116	0.162	0.134	0.118	0.119	1309732.0	1702131.883701
sub-0124	0.098	0.134	0.12	0.149	0.152	0.142	0.127	0.128	0.141	0.134	0.134	0.143	0.131	0.129	0.107	0.112	0.116	0.137	0.117	0.143	0.109	0.154	0.102	0.13	0.134	0.137	0.128	0.122	0.11	0.125	0.167	0.162	0.139	0.115	935840.0	1052334.054241
sub-0125	0.107	0.113	0.118	0.153	0.116	0.125	0.12	0.126	0.116	0.137	0.124	0.131	0.135	0.12	0.081	0.107	0.114	0.154	0.123	0.129	0.113	0.131	0.111	0.129	0.115	0.134	0.126	0.122	0.107	0.126	0.185	0.135	0.111	0.11	1235556.0	1368269.34666
sub-0126	0.082	0.139	0.11	0.147	0.086	0.116	0.119	0.129	0.125	0.133	0.13	0.13	0.112	0.131	0.079	0.109	0.125	0.148	0.111	0.124	0.12	0.135	0.104	0.116	0.137	0.133	0.125	0.119	0.099	0.117	0.149	0.113	0.122	0.116	1168528.0	1354407.834998
sub-0127	0.096	0.125	0.113	0.144	0.126	0.133	0.114	0.121	0.132	0.127	0.128	0.139	0.127	0.135	0.112	0.115	0.114	0.15	0.126	0.14	0.105	0.14	0.097	0.117	0.112	0.137	0.13	0.119	0.101	0.125	0.175	0.115	0.116	0.121	1189014.0	1388551.522021
sub-0128	0.107	0.127	0.106	0.143	0.147	0.122	0.121	0.118	0.119	0.132	0.13	0.139	0.116	0.12	0.102	0.108	0.117	0.133	0.134	0.132	0.106	0.139	0.107	0.121	0.114	0.128	0.119	0.123	0.114	0.123	0.146	0.123	0.107	0.117	1241378.0	1614246.708114
sub-0129	0.102	0.143	0.117	0.144	0.119	0.122	0.121	0.127	0.132	0.135	0.134	0.143	0.115	0.133	0.094	0.104	0.115	0.137	0.128	0.123	0.117	0.137	0.112	0.125	0.14	0.136	0.121	0.118	0.1	0.124	0.168	0.143	0.102	0.112	1100023.0	1286549.332646
sub-0130	0.105	0.134	0.113	0.151	0.105	0.134	0.135	0.122	0.126	0.143	0.14	0.15	0.129	0.142	0.082	0.11	0.129	0.167	0.133	0.153	0.109	0.129	0.101	0.137	0.073	0.137	0.123	0.123	0.113	0.137	0.161	0.14	0.105	0.121	1100980.0	1271007.993467
sub-0131	0.099	0.123	0.105	0.136	0.123	0.124	0.118	0.129	0.118	0.133	0.126	0.139	0.113	0.119	0.108	0.097	0.11	0.156	0.128	0.123	0.115	0.133	0.1	0.115	0.144	0.13	0.121	0.112	0.107	0.122	0.163	0.125	0.123	0.111	1304447.0	1764190.675041
sub-0132	0.103	0.137	0.122	0.151	0.125	0.119	0.121	0.132	0.138	0.131	0.131	0.134	0.131	0.129	0.074	0.1	0.115	0.142	0.115	0.123	0.105	0.146	0.107	0.123	0.143	0.137	0.125	0.12	0.115	0.125	0.158	0.142	0.089	0.11	1022236.0	1162101.650501
sub-0133	0.103	0.14	0.109	0.156	0.14	0.127	0.128	0.127	0.134	0.133	0.124	0.129	0.115	0.115	0.089	0.101	0.112	0.128	0.119	0.138	0.109	0.131	0.11	0.125	0.132	0.133	0.122	0.12	0.096	0.127	0.141	0.143	0.125	0.12	1267941.0	1387763.249643
sub-0134	0.087	0.093	0.111	0.144	0.106	0.112	0.114	0.122	0.116	0.128	0.128	0.136	0.118	0.126	0.067	0.109	0.113	0.142	0.125	0.129	0.105	0.129	0.103	0.121	0.124	0.138	0.123	0.12	0.111	0.123	0.178	0.157	0.136	0.119	1148514.0	1328781.652489
sub-0135	0.102	0.147	0.12	0.147	0.128	0.127	0.12	0.121	0.127	0.133	0.122	0.129	0.123	0.129	0.091	0.103	0.119	0.144	0.126	0.132	0.113	0.13	0.111	0.124	0.128	0.131	0.132	0.119	0.113	0.127	0.171	0.124	0.102	0.112	1087460.0	1211561.579842
sub-0136	0.102	0.143	0.117	0.157	0.129	0.138	0.114	0.131	0.127	0.135	0.137	0.143	0.122	0.139	0.071	0.099	0.125	0.139	0.135	0.13	0.109	0.136	0.097	0.119	0.139	0.135	0.126	0.112	0.109	0.117	0.191	0.137	0.115	0.119	1016367.0	1270118.732709
sub-0137	0.114	0.12	0.125	0.139	0.14	0.127	0.133	0.135	0.127	0.147	0.13	0.143	0.132	0.14	0.075	0.118	0.114	0.15	0.139	0.134	0.121	0.137	0.115	0.125	0.146	0.15	0.125	0.125	0.109	0.132	0.189	0.126	0.102	0.125	1214336.0	1528498.946679
sub-0138	0.105	0.139	0.118	0.145	0.123	0.126	0.123	0.124	0.123	0.136	0.132	0.138	0.137	0.128	0.131	0.113	0.115	0.139	0.117	0.121	0.122	0.132	0.104	0.122	0.126	0.141	0.128	0.124	0.102	0.129	0.135	0.159	0.088	0.125	1156408.0	1332201.738154
sub-0139	0.087	0.13	0.115	0.134	0.112	0.127	0.122	0.109	0.122	0.122	0.13	0.139	0.133	0.124	0.101	0.099	0.123	0.14	0.12	0.117	0.096	0.133	0.102	0.131	0.131	0.138	0.127	0.117	0.108	0.119	0.155	0.132	0.086	0.117	1079355.0	1273293.645814
sub-0140	0.112	0.128	0.114	0.153	0.111	0.121	0.124	0.132	0.132	0.135	0.136	0.138	0.118	0.128	0.09	0.096	0.111	0.128	0.124	0.127	0.116	0.141	0.1	0.124	0.135	0.14	0.13	0.122	0.113	0.139	0.191	0.114	0.11	0.117	1146479.0	1309036.588567
sub-0141	0.074	0.133	0.105	0.134	0.108	0.126	0.118	0.12	0.123	0.133	0.123	0.136	0.12	0.118	0.118	0.099	0.114	0.114	0.115	0.133	0.107	0.136	0.101	0.119	0.108	0.13	0.122	0.111	0.106	0.112	0.148	0.129	0.113	0.119	1269841.0	1568906.612169
sub-0142	0.1	0.142	0.124	0.145	0.116	0.132	0.123	0.126	0.143	0.136	0.128	0.146	0.133	0.13	0.098	0.11	0.123	0.129	0.12	0.148	0.117	0.142	0.108	0.132	0.147	0.146	0.132	0.125	0.107	0.129	0.201	0.162	0.148	0.124	1107974.0	1419047.042238
sub-0143	0.101	0.144	0.106	0.147	0.126	0.133	0.11	0.124	0.12	0.128	0.128	0.144	0.124	0.125	0.118	0.097	0.116	0.13	0.126	0.144	0.121	0.134	0.105	0.117	0.141	0.132	0.125	0.117	0.115	0.127	0.183	0.147	0.122	0.133	1159677.0	1261795.146594
sub-0144	0.096	0.141	0.113	0.14	0.112	0.12	0.121	0.117	0.124	0.125	0.132	0.136	0.132	0.127	0.082	0.113	0.12	0.134	0.127	0.121	0.111	0.136	0.104	0.119	0.131	0.135	0.124	0.122	0.11	0.128	0.149	0.135	0.091	0.117	1196989.0	1377598.763074
sub-0145	0.074	0.138	0.116	0.134	0.096	0.121	0.115	0.129	0.125	0.13	0.131	0.137	0.114	0.129	0.077	0.102	0.114	0.149	0.128	0.104	0.112	0.133	0.107	0.122	0.127	0.135	0.121	0.113	0.106	0.127	0.192	0.136	0.127	0.12	1038528.0	1181004.283169
sub-0146	0.109	0.108	0.114	0.161	0.13	0.123	0.135	0.13	0.128	0.14	0.143	0.152	0.13	0.128	0.079	0.106	0.115	0.138	0.121	0.144	0.113	0.125	0.106	0.133	0.117	0.129	0.119	0.127	0.116	0.124	0.178	0.124	0.132	0.122	1309750.0	1713343.66495
sub-0147	0.094	0.121	0.105	0.143	0.121	0.124	0.116	0.119	0.124	0.141	0.127	0.133	0.119	0.131	0.134	0.103	0.114	0.139	0.119	0.139	0.103	0.125	0.104	0.116	0.132	0.132	0.123	0.11	0.105	0.127	0.182	0.15	0.113	0.119	1108780.0	1526747.497947
sub-0148	0.116	0.132	0.114	0.156	0.116	0.128	0.121	0.121	0.126	0.142	0.131	0.145	0.112	0.134	0.127	0.105	0.111	0.154	0.129	0.154	0.118	0.155	0.114	0.124	0.136	0.13	0.126	0.126	0.115	0.127	0.157	0.156	0.124	0.121	1270800.0	1649087.282336
sub-0149	0.101	0.133	0.118	0.14	0.11	0.124	0.113	0.118	0.119	0.139	0.13	0.136	0.122	0.129	0.109	0.108	0.113	0.143	0.107	0.138	0.111	0.136	0.107	0.118	0.139	0.14	0.127	0.121	0.107	0.12	0.142	0.138	0.103	0.116	1327923.0	1564750.661083
sub-0150	0.107	0.134	0.114	0.151	0.091	0.12	0.131	0.119	0.122	0.13	0.126	0.129	0.125	0.13	0.109	0.117	0.117	0.156	0.125	0.129	0.114	0.15	0.109	0.127	0.145	0.137	0.127	0.125	0.096	0.128	0.147	0.121	0.113	0.116	1194002.0	1438480.083057
sub-0151	0.113	0.151	0.104	0.145	0.128	0.126	0.124	0.126	0.123	0.138	0.125	0.148	0.137	0.122	0.098	0.102	0.119	0.134	0.123	0.139	0.107	0.142	0.096	0.135	0.145	0.133	0.122	0.125	0.097	0.115	0.175	0.137	0.115	0.119	1246749.0	1676268.454142
sub-0152	0.108	0.11	0.108	0.149	0.131	0.128	0.12	0.122	0.133	0.139	0.136	0.137	0.121	0.126	0.095	0.103	0.104	0.133	0.129	0.139	0.118	0.131	0.107	0.124	0.126	0.134	0.117	0.111	0.101	0.127	0.162	0.144	0.1	0.116	1251317.0	1394407.333189
sub-0153	0.092	0.133	0.105	0.142	0.129	0.12	0.132	0.134	0.118	0.14	0.133	0.141	0.122	0.137	0.09	0.106	0.122	0.16	0.12	0.149	0.116	0.135	0.11	0.128	0.134	0.136	0.124	0.128	0.12	0.125	0.161	0.146	0.119	0.113	1225167.0	1611229.257359
sub-0154	0.107	0.115	0.116	0.139	0.136	0.127	0.126	0.129	0.127	0.137	0.136	0.133	0.12	0.127	0.096	0.095	0.115	0.149	0.125	0.124	0.115	0.135	0.104	0.125	0.106	0.134	0.114	0.118	0.109	0.118	0.155	0.129	0.092	0.116	1246900.0	1409137.408525
sub-0155	0.108	0.151	0.11	0.14	0.106	0.13	0.114	0.132	0.128	0.143	0.138	0.145	0.147	0.128	0.102	0.111	0.123	0.139	0.115	0.135	0.119	0.131	0.11	0.128	0.135	0.147	0.131	0.127	0.109	0.127	0.16	0.147	0.111	0.114	994286.0	1049766.083289
sub-0156	0.123	0.122	0.117	0.138	0.102	0.132	0.125	0.113	0.129	0.128	0.129	0.134	0.128	0.121	0.097	0.107	0.115	0.141	0.113	0.127	0.11	0.135	0.108	0.121	0.124	0.139	0.127	0.126	0.107	0.118	0.172	0.147	0.142	0.111	1264599.0	1432755.508625
sub-0157	0.09	0.143	0.118	0.159	0.14	0.141	0.125	0.136	0.134	0.14	0.136	0.145	0.129	0.148	0.119	0.108	0.129	0.144	0.136	0.14	0.129	0.141	0.122	0.13	0.132	0.143	0.129	0.131	0.117	0.132	0.168	0.18	0.116	0.121	1177199.0	1729902.861085
sub-0158	0.102	0.126	0.104	0.148	0.124	0.126	0.128	0.118	0.13	0.132	0.137	0.137	0.113	0.126	0.099	0.115	0.123	0.131	0.117	0.132	0.105	0.138	0.097	0.121	0.13	0.14	0.12	0.113	0.1	0.126	0.144	0.141	0.114	0.121	1343961.0	1603684.471626
sub-0159	0.117	0.13	0.122	0.153	0.13	0.121	0.127	0.136	0.123	0.142	0.132	0.149	0.12	0.133	0.123	0.099	0.118	0.122	0.124	0.13	0.122	0.138	0.109	0.125	0.139	0.137	0.128	0.126	0.104	0.123	0.217	0.157	0.127	0.116	1111586.0	1219311.015304
sub-0160	0.078	0.114	0.127	0.142	0.118	0.125	0.117	0.124	0.129	0.134	0.133	0.133	0.114	0.124	0.113	0.108	0.12	0.152	0.126	0.141	0.105	0.142	0.11	0.133	0.122	0.139	0.128	0.12	0.104	0.119	0.183	0.136	0.088	0.117	1120869.0	1253010.735341
sub-0161	0.086	0.145	0.118	0.152	0.096	0.119	0.117	0.129	0.126	0.139	0.125	0.13	0.125	0.125	0.083	0.109	0.115	0.139	0.119	0.13	0.115	0.131	0.105	0.119	0.151	0.139	0.128	0.124	0.103	0.126	0.166	0.133	0.109	0.109	1264910.0	1678825.014059
sub-0162	0.095	0.132	0.117	0.144	0.12	0.123	0.121	0.128	0.126	0.131	0.13	0.141	0.126	0.12	0.099	0.1	0.112	0.159	0.116	0.139	0.113	0.148	0.096	0.126	0.119	0.14	0.124	0.125	0.111	0.125	0.179	0.154	0.123	0.125	1348454.0	1593923.271011
sub-0163	0.115	0.113	0.107	0.14	0.115	0.134	0.122	0.127	0.124	0.139	0.141	0.14	0.12	0.133	0.106	0.103	0.107	0.144	0.117	0.128	0.112	0.13	0.107	0.128	0.123	0.13	0.122	0.123	0.106	0.129	0.167	0.133	0.102	0.122	1184842.0	1344675.479312
sub-0164	0.132	0.13	0.125	0.162	0.117	0.125	0.126	0.131	0.124	0.137	0.138	0.138	0.125	0.142	0.094	0.119	0.124	0.133	0.132	0.158	0.114	0.15	0.109	0.136	0.138	0.143	0.124	0.124	0.112	0.124	0.152	0.125	0.133	0.126	1243836.0	1385993.169429
sub-0165	0.095	0.136	0.116	0.14	0.111	0.139	0.117	0.121	0.122	0.133	0.126	0.138	0.115	0.128	0.119	0.106	0.117	0.135	0.125	0.128	0.099	0.123	0.1	0.123	0.134	0.135	0.121	0.127	0.107	0.125	0.187	0.132	0.117	0.119	1084384.0	1267159.926204
sub-0166	0.093	0.129	0.113	0.125	0.121	0.127	0.132	0.125	0.128	0.142	0.125	0.127	0.133	0.128	0.099	0.105	0.113	0.139	0.121	0.128	0.109	0.121	0.107	0.118	0.13	0.143	0.126	0.122	0.119	0.126	0.158	0.136	0.155	0.121	1162848.0	1340410.07163
sub-0167	0.095	0.138	0.116	0.137	0.128	0.108	0.12	0.124	0.127	0.138	0.132	0.133	0.13	0.141	0.101	0.096	0.115	0.136	0.121	0.135	0.104	0.134	0.1	0.127	0.15	0.14	0.118	0.111	0.116	0.121	0.156	0.139	0.089	0.113	1231796.0	1553483.641544
sub-0168	0.095	0.138	0.113	0.152	0.112	0.123	0.108	0.125	0.121	0.134	0.12	0.143	0.123	0.125	0.089	0.106	0.106	0.137	0.125	0.134	0.105	0.143	0.106	0.127	0.141	0.139	0.124	0.115	0.103	0.118	0.183	0.133	0.101	0.111	1440272.0	1642326.665107
sub-0169	0.105	0.135	0.115	0.154	0.114	0.128	0.127	0.137	0.136	0.142	0.134	0.148	0.133	0.127	0.121	0.119	0.118	0.148	0.123	0.127	0.119	0.146	0.111	0.135	0.137	0.14	0.124	0.131	0.113	0.127	0.157	0.122	0.116	0.123	1188887.0	1592950.809898
sub-0170	0.1	0.125	0.118	0.163	0.119	0.134	0.122	0.13	0.122	0.136	0.127	0.151	0.12	0.136	0.116	0.114	0.118	0.146	0.127	0.156	0.125	0.132	0.108	0.127	0.138	0.15	0.127	0.121	0.117	0.129	0.174	0.139	0.135	0.116	1152500.0	1368473.641263
sub-0171	0.089	0.147	0.115	0.145	0.117	0.138	0.125	0.12	0.131	0.133	0.131	0.132	0.126	0.125	0.113	0.108	0.112	0.135	0.113	0.13	0.113	0.122	0.104	0.117	0.122	0.133	0.122	0.117	0.11	0.12	0.17	0.136	0.114	0.116	1131183.0	1408471.73881
sub-0172	0.085	0.132	0.117	0.144	0.119	0.131	0.122	0.123	0.135	0.132	0.138	0.131	0.115	0.133	0.086	0.104	0.122	0.142	0.128	0.12	0.114	0.142	0.106	0.129	0.144	0.141	0.125	0.12	0.111	0.13	0.159	0.131	0.135	0.122	1068311.0	1256739.005345
sub-0173	0.109	0.129	0.107	0.14	0.127	0.123	0.121	0.127	0.121	0.141	0.129	0.143	0.114	0.131	0.09	0.109	0.107	0.147	0.119	0.117	0.118	0.119	0.096	0.127	0.116	0.124	0.113	0.121	0.105	0.126	0.188	0.121	0.126	0.114	1395388.0	1505148.555506
sub-0174	0.108	0.114	0.118	0.145	0.126	0.137	0.116	0.121	0.126	0.135	0.141	0.135	0.117	0.107	0.093	0.093	0.109	0.127	0.116	0.12	0.106	0.134	0.097	0.122	0.123	0.141	0.124	0.114	0.097	0.118	0.175	0.122	0.142	0.122	1216147.0	1505026.016838
sub-0175	0.093	0.137	0.115	0.143	0.125	0.134	0.123	0.131	0.133	0.148	0.132	0.147	0.114	0.125	0.088	0.114	0.122	0.142	0.123	0.139	0.119	0.142	0.108	0.124	0.132	0.138	0.126	0.127	0.111	0.127	0.194	0.132	0.108	0.114	1084525.0	1219229.961137
sub-0176	0.119	0.123	0.118	0.155	0.117	0.127	0.126	0.138	0.135	0.136	0.129	0.143	0.13	0.134	0.081	0.105	0.116	0.165	0.147	0.128	0.121	0.146	0.108	0.133	0.116	0.137	0.129	0.118	0.109	0.127	0.145	0.144	0.131	0.113	1151468.0	1369065.557594
sub-0177	0.091	0.148	0.115	0.142	0.131	0.14	0.123	0.123	0.131	0.138	0.131	0.146	0.125	0.126	0.103	0.099	0.119	0.16	0.113	0.142	0.116	0.138	0.105	0.13	0.133	0.142	0.124	0.117	0.102	0.127	0.179	0.143	0.133	0.114	1102495.0	1236126.400688
sub-0178	0.096	0.136	0.115	0.148	0.101	0.128	0.124	0.134	0.136	0.139	0.14	0.146	0.124	0.135	0.104	0.104	0.109	0.155	0.129	0.154	0.123	0.144	0.111	0.126	0.131	0.141	0.123	0.126	0.105	0.135	0.197	0.123	0.104	0.121	1063942.0	1278199.850986
sub-0179	0.089	0.132	0.125	0.148	0.113	0.125	0.12	0.131	0.131	0.131	0.134	0.146	0.129	0.129	0.078	0.107	0.113	0.133	0.123	0.123	0.116	0.132	0.105	0.129	0.137	0.135	0.113	0.117	0.116	0.126	0.172	0.129	0.091	0.127	1163461.0	1539951.066193
sub-0180	0.085	0.14	0.124	0.151	0.131	0.137	0.123	0.121	0.13	0.137	0.129	0.15	0.109	0.123	0.103	0.105	0.121	0.156	0.119	0.135	0.113	0.124	0.109	0.123	0.125	0.133	0.125	0.131	0.105	0.119	0.145	0.127	0.139	0.119	1141772.0	1220714.112255
sub-0181	0.115	0.118	0.112	0.145	0.125	0.123	0.119	0.12	0.134	0.127	0.116	0.127	0.105	0.124	0.126	0.098	0.104	0.124	0.107	0.133	0.107	0.144	0.098	0.122	0.112	0.134	0.124	0.115	0.103	0.131	0.144	0.144	0.144	0.121	1222504.0	1260620.308723
sub-0182	0.115	0.133	0.104	0.145	0.131	0.129	0.119	0.131	0.128	0.136	0.124	0.131	0.12	0.126	0.133	0.115	0.114	0.138	0.123	0.146	0.117	0.139	0.099	0.12	0.141	0.14	0.123	0.118	0.1	0.115	0.163	0.129	0.133	0.116	1040819.0	1115338.365317
sub-0183	0.092	0.13	0.114	0.141	0.108	0.124	0.115	0.122	0.119	0.132	0.134	0.142	0.125	0.138	0.098	0.115	0.114	0.118	0.113	0.116	0.124	0.138	0.109	0.12	0.12	0.143	0.128	0.121	0.113	0.123	0.127	0.13	0.117	0.107	1247749.0	1419483.508407
sub-0184	0.089	0.128	0.107	0.143	0.102	0.119	0.122	0.115	0.124	0.137	0.122	0.128	0.11	0.132	0.114	0.098	0.114	0.137	0.11	0.122	0.112	0.127	0.1	0.118	0.143	0.126	0.108	0.117	0.113	0.122	0.162	0.133	0.125	0.108	1267045.0	1583717.934061
sub-0185	0.108	0.121	0.121	0.146	0.115	0.124	0.124	0.116	0.132	0.14	0.13	0.131	0.121	0.126	0.109	0.095	0.112	0.143	0.123	0.127	0.114	0.136	0.108	0.118	0.126	0.136	0.119	0.127	0.104	0.127	0.16	0.134	0.122	0.112	1255090.0	1652330.028091
sub-0186	0.08	0.152	0.106	0.132	0.133	0.123	0.117	0.118	0.127	0.128	0.128	0.134	0.119	0.118	0.113	0.093	0.113	0.131	0.118	0.114	0.109	0.132	0.102	0.119	0.127	0.127	0.119	0.116	0.105	0.118	0.162	0.15	0.124	0.109	1149252.0	1512209.915563
sub-0187	0.094	0.132	0.118	0.145	0.117	0.125	0.115	0.126	0.128	0.13	0.129	0.137	0.112	0.124	0.09	0.105	0.116	0.143	0.126	0.128	0.121	0.146	0.11	0.122	0.14	0.141	0.127	0.12	0.111	0.125	0.149	0.128	0.09	0.117	1342404.0	1767804.677934
sub-0188	0.097	0.113	0.117	0.153	0.125	0.116	0.116	0.128	0.122	0.138	0.134	0.137	0.126	0.137	0.076	0.107	0.122	0.151	0.136	0.121	0.115	0.136	0.111	0.124	0.132	0.144	0.125	0.118	0.111	0.13	0.174	0.164	0.12	0.123	1111473.0	1476345.936567
sub-0189	0.098	0.131	0.117	0.165	0.123	0.131	0.127	0.126	0.136	0.141	0.137	0.153	0.121	0.133	0.095	0.12	0.115	0.146	0.119	0.151	0.112	0.15	0.104	0.132	0.144	0.141	0.128	0.131	0.102	0.134	0.167	0.14	0.134	0.112	1123761.0	1313718.823216
sub-0190	0.096	0.135	0.122	0.16	0.113	0.138	0.135	0.136	0.13	0.146	0.129	0.15	0.133	0.134	0.109	0.118	0.119	0.148	0.133	0.135	0.111	0.159	0.11	0.133	0.129	0.141	0.131	0.123	0.106	0.141	0.18	0.157	0.132	0.122	1020852.0	1151732.153181
sub-0191	0.099	0.128	0.122	0.154	0.124	0.126	0.117	0.124	0.123	0.136	0.128	0.135	0.121	0.117	0.105	0.096	0.119	0.139	0.118	0.124	0.109	0.14	0.104	0.126	0.132	0.13	0.124	0.113	0.102	0.121	0.155	0.135	0.116	0.119	1246126.0	1388287.289127
sub-0192	0.08	0.153	0.115	0.15	0.111	0.135	0.121	0.128	0.123	0.137	0.13	0.136	0.127	0.128	0.13	0.11	0.122	0.152	0.127	0.141	0.119	0.143	0.107	0.126	0.141	0.143	0.136	0.125	0.098	0.131	0.173	0.152	0.133	0.114	1081319.0	1162406.586257
sub-0193	0.107	0.138	0.126	0.141	0.154	0.131	0.12	0.127	0.124	0.129	0.142	0.137	0.125	0.13	0.108	0.115	0.11	0.136	0.111	0.126	0.11	0.139	0.108	0.118	0.119	0.145	0.133	0.125	0.104	0.131	0.16	0.148	0.111	0.121	1266662.0	1332789.425083
sub-0194	0.11	0.13	0.108	0.153	0.141	0.131	0.117	0.122	0.126	0.139	0.133	0.139	0.124	0.129	0.124	0.099	0.112	0.124	0.108	0.126	0.102	0.139	0.102	0.127	0.133	0.135	0.123	0.118	0.106	0.124	0.173	0.141	0.115	0.124	1067063.0	1285366.890815
sub-0195	0.094	0.13	0.105	0.155	0.132	0.128	0.118	0.119	0.129	0.13	0.137	0.148	0.118	0.126	0.104	0.103	0.101	0.124	0.13	0.141	0.115	0.137	0.1	0.122	0.124	0.132	0.121	0.118	0.102	0.124	0.178	0.155	0.102	0.11	1105382.0	1243040.5666
sub-0196	0.118	0.135	0.111	0.136	0.107	0.124	0.112	0.141	0.121	0.137	0.131	0.128	0.121	0.121	0.08	0.089	0.111	0.13	0.127	0.119	0.112	0.125	0.1	0.109	0.133	0.137	0.125	0.113	0.101	0.114	0.163	0.162	0.102	0.113	1088853.0	1489571.166021
sub-0197	0.109	0.127	0.114	0.158	0.132	0.129	0.119	0.128	0.13	0.149	0.131	0.138	0.123	0.129	0.094	0.111	0.123	0.152	0.136	0.129	0.113	0.132	0.111	0.121	0.125	0.145	0.122	0.124	0.105	0.129	0.181	0.148	0.128	0.103	1088199.0	1416704.752566
sub-0198	0.116	0.138	0.117	0.148	0.12	0.137	0.126	0.135	0.134	0.137	0.138	0.127	0.116	0.127	0.143	0.109	0.128	0.159	0.142	0.127	0.117	0.139	0.108	0.125	0.149	0.15	0.126	0.124	0.104	0.14	0.202	0.137	0.113	0.133	1161078.0	1383827.423432
sub-0199	0.101	0.152	0.119	0.149	0.128	0.131	0.127	0.133	0.123	0.146	0.128	0.142	0.115	0.129	0.079	0.109	0.115	0.129	0.12	0.132	0.123	0.139	0.108	0.132	0.123	0.138	0.121	0.122	0.111	0.14	0.162	0.125	0.148	0.123	1069053.0	1233451.763895
sub-0200	0.091	0.131	0.118	0.152	0.145	0.136	0.121	0.126	0.126	0.15	0.137	0.134	0.122	0.125	0.077	0.104	0.114	0.152	0.124	0.141	0.125	0.136	0.113	0.126	0.132	0.145	0.128	0.124	0.119	0.134	0.166	0.152	0.117	0.127	1038970.0	1173940.763711
sub-0201	0.091	0.13	0.112	0.139	0.115	0.125	0.127	0.133	0.14	0.136	0.131	0.137	0.121	0.128	0.096	0.103	0.114	0.126	0.128	0.136	0.115	0.135	0.107	0.125	0.141	0.13	0.126	0.123	0.099	0.125	0.163	0.134	0.108	0.111	1177150.0	1545884.798646
sub-0202	0.117	0.123	0.115	0.141	0.129	0.13	0.125	0.133	0.132	0.136	0.132	0.134	0.125	0.125	0.092	0.114	0.109	0.138	0.124	0.136	0.117	0.14	0.106	0.12	0.128	0.134	0.122	0.127	0.115	0.136	0.157	0.154	0.13	0.117	1218075.0	1521786.356362
sub-0203	0.088	0.132	0.123	0.127	0.134	0.128	0.126	0.135	0.126	0.132	0.131	0.136	0.134	0.132	0.1	0.098	0.108	0.158	0.121	0.133	0.114	0.136	0.104	0.13	0.139	0.139	0.126	0.117	0.105	0.124	0.172	0.124	0.112	0.115	1053666.0	1041570.907857
sub-0204	0.103	0.134	0.12	0.146	0.105	0.126	0.114	0.126	0.142	0.134	0.132	0.147	0.133	0.124	0.089	0.107	0.12	0.152	0.133	0.135	0.114	0.135	0.111	0.131	0.134	0.134	0.127	0.117	0.111	0.127	0.18	0.141	0.113	0.122	1237737.0	1446981.337919
sub-0205	0.089	0.137	0.108	0.126	0.14	0.129	0.122	0.118	0.132	0.132	0.134	0.138	0.113	0.123	0.099	0.106	0.11	0.145	0.114	0.121	0.109	0.134	0.104	0.125	0.126	0.136	0.122	0.119	0.104	0.124	0.19	0.124	0.109	0.115	1084128.0	1209532.464622
sub-0206	0.114	0.145	0.124	0.167	0.117	0.125	0.124	0.122	0.129	0.141	0.135	0.14	0.126	0.129	0.103	0.106	0.122	0.152	0.126	0.143	0.115	0.146	0.108	0.127	0.139	0.143	0.124	0.122	0.105	0.127	0.177	0.135	0.137	0.112	1163249.0	1381212.6498
sub-0207	0.089	0.131	0.119	0.144	0.115	0.12	0.126	0.12	0.135	0.131	0.136	0.139	0.12	0.13	0.106	0.112	0.108	0.136	0.118	0.134	0.111	0.137	0.108	0.133	0.131	0.139	0.13	0.116	0.102	0.128	0.161	0.128	0.105	0.125	1129949.0	1220692.410509
sub-0208	0.108	0.13	0.114	0.15	0.123	0.126	0.121	0.129	0.126	0.142	0.132	0.133	0.111	0.132	0.116	0.112	0.11	0.136	0.125	0.125	0.116	0.13	0.106	0.123	0.132	0.136	0.118	0.121	0.11	0.123	0.16	0.124	0.132	0.115	1211414.0	1447359.780846
sub-0209	0.097	0.137	0.115	0.156	0.101	0.13	0.114	0.128	0.127	0.134	0.126	0.141	0.122	0.129	0.104	0.116	0.124	0.138	0.129	0.131	0.118	0.135	0.108	0.129	0.153	0.149	0.122	0.121	0.103	0.129	0.188	0.14	0.12	0.113	1054415.0	1170960.651366
sub-0210	0.093	0.13	0.12	0.143	0.117	0.131	0.128	0.126	0.138	0.137	0.13	0.129	0.144	0.123	0.126	0.119	0.121	0.137	0.119	0.125	0.118	0.148	0.106	0.121	0.132	0.138	0.13	0.118	0.101	0.127	0.164	0.152	0.133	0.118	1100164.0	1216146.373715
sub-0211	0.102	0.146	0.116	0.142	0.135	0.133	0.119	0.135	0.131	0.142	0.135	0.136	0.132	0.127	0.118	0.102	0.126	0.123	0.14	0.12	0.111	0.137	0.104	0.125	0.117	0.141	0.127	0.121	0.103	0.126	0.196	0.105	0.13	0.125	1093112.0	1404315.885957
sub-0212	0.095	0.132	0.126	0.142	0.123	0.127	0.132	0.124	0.126	0.131	0.128	0.142	0.132	0.119	0.099	0.098	0.134	0.139	0.124	0.126	0.121	0.137	0.114	0.118	0.148	0.135	0.127	0.121	0.107	0.127	0.168	0.133	0.095	0.119	1000914.0	1190722.360776
sub-0213	0.115	0.119	0.123	0.154	0.124	0.127	0.123	0.123	0.124	0.144	0.144	0.154	0.129	0.133	0.12	0.114	0.122	0.15	0.143	0.142	0.124	0.134	0.111	0.132	0.12	0.149	0.129	0.119	0.114	0.133	0.22	0.147	0.12	0.125	1331382.0	1694139.422312
sub-0214	0.111	0.127	0.116	0.137	0.14	0.125	0.124	0.136	0.121	0.132	0.127	0.132	0.132	0.137	0.087	0.111	0.118	0.14	0.127	0.134	0.115	0.144	0.113	0.122	0.122	0.144	0.132	0.117	0.111	0.123	0.198	0.157	0.134	0.118	1238617.0	1571735.586718
sub-0215	0.114	0.137	0.117	0.147	0.122	0.148	0.115	0.153	0.13	0.137	0.154	0.153	0.127	0.142	0.12	0.105	0.117	0.19	0.125	0.113	0.115	0.123	0.114	0.13	0.126	0.155	0.132	0.126	0.113	0.132	0.189	0.176	0.128	0.122	947249.0	1203225.534668
sub-0216	0.124	0.145	0.113	0.147	0.118	0.124	0.127	0.145	0.132	0.137	0.127	0.139	0.101	0.121	0.085	0.097	0.111	0.138	0.123	0.136	0.126	0.141	0.106	0.139	0.118	0.143	0.13	0.127	0.111	0.127	0.167	0.138	0.114	0.113	1097996.0	1187253.773448
