lh.aparc.thickness	lh_bankssts_thickness	lh_caudalanteriorcingulate_thickness	lh_caudalmiddlefrontal_thickness	lh_cuneus_thickness	lh_entorhinal_thickness	lh_fusiform_thickness	lh_inferiorparietal_thickness	lh_inferiortemporal_thickness	lh_isthmuscingulate_thickness	lh_lateraloccipital_thickness	lh_lateralorbitofrontal_thickness	lh_lingual_thickness	lh_medialorbitofrontal_thickness	lh_middletemporal_thickness	lh_parahippocampal_thickness	lh_paracentral_thickness	lh_parsopercularis_thickness	lh_parsorbitalis_thickness	lh_parstriangularis_thickness	lh_pericalcarine_thickness	lh_postcentral_thickness	lh_posteriorcingulate_thickness	lh_precentral_thickness	lh_precuneus_thickness	lh_rostralanteriorcingulate_thickness	lh_rostralmiddlefrontal_thickness	lh_superiorfrontal_thickness	lh_superiorparietal_thickness	lh_superiortemporal_thickness	lh_supramarginal_thickness	lh_frontalpole_thickness	lh_temporalpole_thickness	lh_transversetemporal_thickness	lh_insula_thickness	lh_MeanThickness_thickness	BrainSegVolNotVent	eTIV
sub-0001	2.439	2.985	2.422	1.86	3.808	2.592	2.348	2.531	2.497	2.07	2.692	2.106	2.328	2.729	2.503	2.36	2.371	2.555	2.225	1.77	1.996	2.492	2.535	2.327	2.901	2.293	2.568	2.13	2.696	2.618	2.993	3.291	2.479	2.98	2.41158	1014544.0	1201948.163836
sub-0002	2.82	2.684	2.642	2.008	3.573	2.838	2.564	2.706	2.51	2.389	2.575	2.331	2.47	2.807	2.338	2.421	2.681	2.453	2.388	1.447	2.137	2.607	2.717	2.482	2.597	2.329	2.759	2.326	2.966	2.562	2.732	3.738	2.662	3.227	2.56002	1270074.0	1692712.587
sub-0003	2.365	2.832	2.538	1.864	3.479	2.658	2.399	2.804	2.193	2.123	2.566	2.158	2.393	2.835	2.912	2.527	2.657	2.399	2.496	1.552	2.195	2.438	2.61	2.497	2.695	2.397	2.897	2.189	2.874	2.566	2.743	3.861	2.681	2.926	2.51683	1184521.0	1325368.010617
sub-0004	2.475	2.861	2.488	2.082	2.997	2.755	2.538	2.647	2.369	2.35	2.75	2.271	2.57	2.808	2.822	2.555	2.592	2.671	2.415	1.832	2.19	2.391	2.604	2.622	2.744	2.344	2.646	2.341	2.786	2.599	2.732	3.506	2.766	3.082	2.54125	1119876.0	1338131.287899
sub-0005	2.691	2.566	2.742	2.067	3.222	2.795	2.774	2.616	2.421	2.284	2.734	2.233	2.572	3.021	2.769	2.519	2.666	2.848	2.562	1.658	2.204	2.554	2.743	2.581	2.711	2.427	2.874	2.376	2.757	2.753	2.491	3.603	2.714	3.147	2.6037	1225864.0	1581896.5295
sub-0006	2.617	2.876	2.589	2.15	3.195	2.724	2.58	2.584	2.307	2.347	2.665	2.226	2.573	2.777	2.725	2.72	2.576	2.601	2.341	1.67	2.194	2.466	2.726	2.518	2.916	2.328	2.847	2.403	2.797	2.701	3.112	3.462	2.718	3.104	2.55719	1247786.0	1354293.234785
sub-0007	2.691	2.509	2.619	1.944	3.175	2.842	2.597	2.798	2.412	2.383	2.779	2.176	2.591	2.784	2.711	2.669	2.643	3.003	2.402	1.607	2.281	2.49	2.789	2.521	3.071	2.354	2.859	2.395	2.843	2.615	2.697	3.588	2.574	3.067	2.60287	1134965.0	1427446.163529
sub-0008	2.447	2.835	2.639	2.07	3.412	2.738	2.602	2.851	2.382	2.441	2.729	2.189	2.633	2.73	2.685	2.534	2.63	2.605	2.605	1.938	2.254	2.747	2.748	2.616	3.157	2.436	2.813	2.406	2.87	2.713	2.825	4.009	2.463	3.272	2.62688	1271852.0	1654753.210314
sub-0009	2.698	2.731	2.429	1.993	3.422	2.694	2.575	2.691	2.538	2.236	2.744	2.21	2.52	2.759	2.637	2.423	2.503	2.838	2.336	1.775	2.148	2.382	2.423	2.425	2.825	2.236	2.511	2.18	2.73	2.648	2.867	3.154	2.801	2.982	2.46191	961027.0	1092941.805296
sub-0010	2.498	2.446	2.454	2.064	3.051	2.755	2.49	2.633	2.491	2.27	2.658	2.235	2.504	2.749	3.023	2.444	2.622	2.579	2.397	1.636	2.104	2.414	2.549	2.466	2.843	2.328	2.656	2.186	2.718	2.591	2.834	3.7	2.645	3.084	2.48295	996538.0	1093207.499499
sub-0011	2.533	3.012	2.555	2.127	3.111	2.819	2.546	2.76	2.178	2.409	2.803	2.206	2.494	2.712	2.886	2.364	2.586	2.655	2.514	1.696	2.081	2.537	2.511	2.491	2.872	2.408	2.671	2.255	2.768	2.542	2.304	3.598	2.445	3.106	2.52497	1074820.0	1243840.702788
sub-0012	2.321	2.492	2.492	2.094	3.332	2.718	2.361	2.637	2.505	2.133	2.688	2.093	2.466	2.727	2.864	2.262	2.715	2.629	2.373	1.756	1.999	2.36	2.523	2.246	2.827	2.203	2.521	2.097	2.713	2.506	2.538	3.565	2.553	3.21	2.41575	1111331.0	1264759.854439
sub-0013	2.393	2.585	2.214	1.898	3.255	2.644	2.199	2.54	2.365	2.115	2.685	1.933	2.491	2.477	2.76	2.342	2.384	2.737	2.229	1.652	1.948	2.324	2.239	2.235	2.614	2.125	2.399	2.078	2.576	2.4	3.128	3.3	2.241	3.026	2.32544	990010.0	1265525.676304
sub-0014	2.629	3.091	2.586	2.096	3.057	2.927	2.577	2.856	2.443	2.317	2.718	2.275	2.57	2.944	2.843	2.483	2.623	2.679	2.519	2.051	2.343	2.656	2.718	2.573	2.871	2.419	2.823	2.226	2.963	2.735	2.729	3.672	3.155	3.288	2.62587	1120069.0	1194162.842278
sub-0015	2.924	3.085	2.845	2.344	3.42	2.963	2.615	2.758	2.427	2.455	2.926	2.116	2.728	3.018	3.051	2.724	2.959	2.708	2.657	1.836	2.265	2.71	2.896	2.731	3.191	2.608	3.122	2.457	3.094	2.809	2.773	3.948	2.76	3.042	2.73472	1171623.0	1339820.259997
sub-0016	2.598	2.882	2.679	1.99	3.489	2.685	2.645	2.777	2.609	2.296	2.604	2.257	2.451	2.946	2.969	2.587	2.56	2.695	2.512	1.77	2.239	2.61	2.791	2.633	2.987	2.422	2.961	2.409	2.861	2.819	3.105	3.339	2.517	2.972	2.62501	1139249.0	1474210.897235
sub-0017	2.7	2.992	2.525	1.908	3.166	2.754	2.706	2.79	2.375	2.294	2.555	2.287	2.543	2.883	3.161	2.69	2.57	2.896	2.61	1.875	2.213	2.556	2.568	2.652	2.944	2.548	2.914	2.409	3.007	2.773	3.092	3.519	2.272	3.057	2.63182	1029582.0	1337595.153561
sub-0018	2.683	3.067	2.504	1.807	2.953	2.648	2.38	2.644	2.733	2.189	2.624	2.097	2.425	2.755	3.0	2.527	2.622	2.573	2.435	1.567	2.054	2.616	2.629	2.49	2.992	2.26	2.648	2.224	2.72	2.463	2.636	3.654	2.428	3.131	2.47194	1134499.0	1314539.920729
sub-0019	2.676	3.284	2.484	2.137	3.194	2.734	2.727	2.759	2.668	2.317	2.712	2.288	2.609	3.088	3.408	2.745	2.637	2.738	2.468	2.261	2.261	2.677	2.817	2.798	2.972	2.401	2.799	2.477	2.815	2.873	2.643	3.321	2.564	3.009	2.65778	1113947.0	1196587.615369
sub-0020	2.637	2.756	2.542	2.054	3.762	2.843	2.476	2.839	2.694	2.254	2.698	2.101	2.572	2.775	2.875	2.599	2.713	2.727	2.426	1.876	2.077	2.512	2.637	2.525	2.932	2.428	2.695	2.124	2.831	2.545	2.811	3.714	2.897	3.224	2.55027	1150630.0	1315502.237016
sub-0021	2.601	2.702	2.85	2.064	3.468	2.746	2.573	2.772	2.337	2.365	2.761	2.33	2.569	2.962	2.518	2.605	2.745	2.924	2.439	2.025	2.229	2.512	2.735	2.647	2.816	2.514	2.852	2.383	3.049	2.611	2.909	3.777	3.115	3.071	2.64558	1372085.0	1609779.54358
sub-0022	2.806	3.263	2.681	2.09	3.523	2.863	2.546	2.93	3.276	2.142	2.962	1.983	2.974	2.856	3.011	2.679	2.924	2.906	2.759	1.686	2.112	3.164	2.616	2.683	3.488	2.509	3.054	2.213	3.097	2.804	3.046	3.734	2.552	3.236	2.66776	1221000.0	1408518.840885
sub-0023	2.371	2.714	2.552	1.94	3.097	2.624	2.451	2.803	2.313	2.285	2.634	2.134	2.513	2.635	2.845	2.623	2.347	2.525	2.401	1.727	2.023	2.529	2.596	2.466	2.921	2.322	2.774	2.129	2.674	2.515	2.557	3.419	2.55	2.935	2.47171	1084941.0	1210037.224423
sub-0024	2.587	2.613	2.412	2.109	3.921	2.574	2.357	2.692	2.359	2.241	2.736	2.081	2.703	2.757	2.528	2.3	2.399	2.552	2.464	1.728	2.044	2.475	2.441	2.36	2.792	2.408	2.77	2.139	2.717	2.534	2.95	3.346	2.458	3.076	2.46272	1255311.0	1703918.889579
sub-0025	2.861	2.843	2.656	2.204	3.012	2.966	2.789	2.92	2.598	2.552	2.82	2.582	2.707	2.99	2.952	2.868	2.629	2.836	2.701	2.063	2.413	2.664	2.826	2.875	2.735	2.482	2.745	2.556	2.95	2.761	3.099	3.297	2.934	3.153	2.73372	1140770.0	1193695.388857
sub-0026	2.501	2.77	2.586	1.985	3.081	2.675	2.511	2.746	2.204	2.337	2.554	2.248	2.52	2.8	2.696	2.628	2.621	2.654	2.427	1.943	2.247	2.625	2.71	2.547	2.994	2.362	2.797	2.307	2.786	2.721	2.837	3.794	2.537	2.967	2.55268	1228402.0	1520543.146445
sub-0027	2.647	2.879	2.543	2.157	3.508	2.944	2.648	2.773	2.665	2.316	2.646	2.276	2.566	2.847	3.071	2.536	2.583	2.544	2.572	1.775	2.14	2.83	2.656	2.581	3.183	2.406	2.797	2.353	2.854	2.635	2.998	3.493	2.638	3.116	2.59693	1091162.0	1143148.09348
sub-0028	2.313	2.581	2.646	2.028	3.141	2.631	2.597	2.663	2.579	2.307	2.582	2.097	2.292	2.701	2.622	2.516	2.533	2.735	2.511	1.54	2.15	2.405	2.644	2.399	2.437	2.396	2.767	2.262	2.764	2.562	2.413	3.741	2.74	2.928	2.49791	1285061.0	1768709.871258
sub-0029	2.57	2.885	2.604	2.196	3.33	2.863	2.677	2.83	2.858	2.379	2.66	2.053	2.355	2.903	2.83	2.66	2.605	2.677	2.647	2.072	2.396	2.606	2.723	2.661	2.793	2.471	2.868	2.477	2.926	2.666	2.578	3.86	2.966	3.126	2.64242	1121926.0	1307248.794911
sub-0030	2.63	2.411	2.633	2.048	2.821	2.841	2.675	2.8	2.291	2.269	2.741	2.269	2.685	2.95	2.688	2.577	2.998	2.854	2.64	1.7	2.22	2.647	2.775	2.59	2.776	2.505	2.822	2.443	2.858	2.548	3.027	3.209	2.762	3.192	2.61505	1360253.0	1634121.287963
sub-0031	2.643	2.561	2.542	1.884	3.683	2.859	2.657	2.676	2.458	2.321	2.612	2.183	2.603	2.872	2.539	2.567	2.699	2.632	2.542	1.578	2.104	2.409	2.743	2.494	2.866	2.351	2.797	2.415	2.802	2.616	2.404	3.423	2.518	2.873	2.5562	1066825.0	1329892.526925
sub-0032	2.693	2.722	2.593	2.065	2.9	2.574	2.605	2.562	2.386	2.315	2.679	2.184	2.672	2.847	3.036	2.515	2.599	2.5	2.308	1.913	2.212	2.582	2.696	2.496	3.013	2.281	2.711	2.402	2.895	2.597	2.983	3.461	2.591	2.936	2.53879	1264512.0	1489493.778253
sub-0033	2.625	3.195	2.775	2.388	3.297	2.848	2.687	2.724	2.656	2.439	2.615	2.335	2.606	2.837	2.882	2.776	2.763	2.701	2.604	2.017	2.429	2.73	2.868	2.594	3.153	2.477	2.942	2.498	3.026	2.745	2.506	3.744	2.731	3.308	2.69995	1234151.0	1390204.431298
sub-0034	2.778	3.049	2.659	2.125	3.444	2.947	2.594	2.806	2.405	2.42	2.73	2.285	2.523	2.844	2.921	2.716	2.796	2.69	2.554	1.684	2.292	2.679	2.761	2.629	2.928	2.49	2.875	2.383	2.915	2.61	2.66	3.765	2.587	3.145	2.63986	1192164.0	1548854.973346
sub-0035	2.517	2.855	2.358	2.075	3.305	2.727	2.472	2.714	2.399	2.151	2.671	2.174	2.438	2.717	2.762	2.415	2.49	2.484	2.434	1.603	2.079	2.456	2.494	2.457	2.855	2.283	2.561	2.204	2.65	2.51	2.577	3.541	2.664	3.077	2.45535	1178058.0	1285548.492311
sub-0036	2.372	3.002	2.616	1.894	3.208	2.705	2.576	2.701	2.465	2.31	2.588	2.168	2.509	2.7	2.94	2.606	2.709	2.739	2.499	1.654	2.089	2.594	2.614	2.504	2.894	2.455	2.734	2.385	2.756	2.554	2.725	3.485	2.772	2.849	2.53989	1206564.0	1325186.698783
sub-0037	2.498	2.918	2.466	2.027	3.206	2.763	2.501	2.576	2.379	2.336	2.657	2.382	2.561	2.743	2.728	2.544	2.751	2.198	2.387	1.817	2.206	2.41	2.624	2.429	2.739	2.345	2.678	2.237	2.789	2.6	2.797	3.336	2.706	3.181	2.52392	1040608.0	1039161.90809
sub-0038	2.458	2.868	2.645	2.149	3.504	2.745	2.523	2.733	2.315	2.17	2.71	2.224	2.531	2.779	2.86	2.511	2.6	2.682	2.462	1.716	2.152	2.62	2.553	2.454	3.004	2.489	2.847	2.104	2.861	2.576	2.889	3.655	2.853	3.046	2.53094	1176616.0	1370328.370742
sub-0039	2.777	2.779	2.554	1.968	3.386	2.75	2.558	2.701	2.544	2.417	2.627	2.177	2.592	2.826	2.585	2.59	2.71	2.654	2.603	1.939	2.069	2.724	2.607	2.518	3.122	2.407	2.822	2.309	2.898	2.582	2.887	3.222	2.644	2.955	2.57386	1126390.0	1282072.917977
sub-0040	2.736	2.697	2.44	2.179	3.185	2.652	2.544	2.637	2.355	2.265	2.629	2.215	2.486	2.725	3.444	2.287	2.424	2.482	2.377	1.863	2.104	2.515	2.455	2.472	2.987	2.234	2.534	2.269	2.819	2.537	2.606	3.213	2.514	3.01	2.46947	1365708.0	1776357.318161
sub-0041	2.586	2.534	2.492	1.949	3.179	2.592	2.543	2.631	2.239	2.254	2.501	2.2	2.375	2.777	2.404	2.406	2.515	2.402	2.422	1.915	2.079	2.422	2.484	2.527	2.859	2.238	2.564	2.228	2.746	2.551	2.595	3.788	2.557	2.954	2.46617	1123563.0	1211554.573673
sub-0042	2.484	2.627	2.53	1.858	3.553	2.749	2.594	2.526	2.423	2.264	2.589	2.206	2.431	2.698	2.855	2.683	2.541	2.663	2.35	1.687	2.153	2.513	2.631	2.55	2.722	2.245	2.719	2.429	2.765	2.642	2.514	3.896	2.548	2.977	2.52417	1260747.0	1595125.765693
sub-0043	2.441	2.726	2.611	2.059	2.969	2.767	2.584	2.649	2.494	2.212	2.622	2.167	2.546	2.715	3.084	2.491	2.798	2.749	2.612	1.783	2.144	2.472	2.731	2.475	3.026	2.379	2.676	2.307	2.948	2.663	2.504	3.317	2.236	3.149	2.54334	1207592.0	1573892.518748
sub-0044	2.547	2.881	2.737	2.347	3.31	2.878	2.556	2.936	2.226	2.42	2.663	2.439	2.608	2.905	2.983	2.746	2.952	2.75	2.682	1.927	2.351	2.585	2.882	2.639	2.978	2.487	3.005	2.479	3.004	2.644	2.742	3.739	2.708	3.209	2.69472	1263702.0	1447858.351082
sub-0045	2.524	2.509	2.685	2.33	3.069	2.664	2.579	2.695	2.339	2.267	2.573	2.231	2.394	2.921	2.542	2.541	2.677	2.544	2.553	1.98	2.218	2.453	2.874	2.559	2.708	2.416	2.842	2.428	2.815	2.582	2.61	3.734	2.886	2.973	2.57629	1384451.0	1641357.40128
sub-0046	2.675	2.769	2.57	2.234	3.378	2.849	2.602	2.836	2.377	2.317	2.638	2.266	2.59	3.016	3.141	2.549	2.645	2.502	2.597	1.827	2.22	2.566	2.794	2.722	2.908	2.35	2.863	2.449	3.038	2.741	2.759	3.085	2.997	3.304	2.64064	1196331.0	1302253.120518
sub-0047	2.492	2.663	2.521	2.011	3.315	2.705	2.619	2.665	2.374	2.255	2.843	2.031	2.647	2.899	2.659	2.319	2.672	2.561	2.283	1.704	2.101	2.353	2.553	2.416	2.907	2.313	2.58	2.237	2.719	2.568	3.013	3.769	2.459	2.944	2.49232	1131089.0	1352635.107834
sub-0048	2.451	2.474	2.638	1.952	3.702	2.685	2.367	2.773	2.195	2.297	2.582	2.132	2.468	2.776	2.858	2.521	2.474	2.567	2.46	1.826	2.149	2.487	2.678	2.486	2.848	2.353	2.727	2.237	2.787	2.513	2.565	3.682	2.541	2.998	2.50953	1065029.0	1275646.579865
sub-0049	2.723	2.803	2.445	1.947	2.972	2.784	2.483	2.672	2.242	2.214	2.572	1.979	2.476	2.677	2.82	2.566	2.68	2.662	2.303	1.577	2.118	2.53	2.616	2.629	2.881	2.276	2.668	2.288	2.765	2.664	2.589	3.372	2.423	3.012	2.50625	1063425.0	1241971.165177
sub-0050	2.643	2.482	2.631	2.042	3.663	2.802	2.652	2.627	2.564	2.373	2.604	2.245	2.69	2.948	2.81	2.556	2.483	2.791	2.479	1.76	2.048	2.545	2.657	2.553	3.098	2.362	2.736	2.421	2.853	2.692	2.598	3.577	2.57	2.926	2.58062	1004192.0	1167348.605998
sub-0051	2.402	2.463	2.373	1.805	3.695	2.588	2.344	2.58	2.173	2.141	2.485	2.177	2.45	2.686	2.847	2.273	2.408	2.716	2.423	1.723	1.94	2.377	2.501	2.296	2.867	2.185	2.525	2.077	2.8	2.411	2.63	3.58	2.54	2.94	2.38607	1129476.0	1367177.983431
sub-0052	2.507	2.649	2.731	2.099	3.294	2.737	2.506	2.701	2.353	2.308	2.656	2.311	2.462	2.726	2.814	2.508	2.727	2.746	2.422	1.815	2.149	2.451	2.794	2.589	3.006	2.443	2.846	2.321	2.806	2.642	2.589	3.615	2.586	3.125	2.57006	1393928.0	1612813.686328
sub-0053	2.666	3.044	2.566	1.984	2.921	2.792	2.517	2.708	2.344	2.241	2.777	2.162	2.843	2.745	2.789	2.691	2.586	2.694	2.565	1.71	2.146	2.452	2.657	2.466	2.805	2.369	2.74	2.27	2.727	2.566	2.868	3.109	2.84	3.187	2.53948	1085378.0	1448329.281742
sub-0054	2.711	2.516	2.626	2.207	3.543	2.717	2.616	2.77	2.413	2.321	2.835	2.259	2.666	3.001	2.704	2.527	2.577	2.679	2.561	1.809	2.199	2.488	2.697	2.574	2.728	2.398	2.834	2.388	2.842	2.659	2.652	3.784	2.525	2.963	2.6046	1051119.0	1474969.459443
sub-0055	2.773	2.51	2.547	1.832	3.314	2.671	2.565	2.657	2.604	2.178	2.595	2.139	2.381	2.904	3.031	2.63	2.622	2.707	2.544	1.539	2.093	2.426	2.649	2.494	2.659	2.378	2.82	2.136	2.945	2.685	2.631	3.645	2.514	3.101	2.52251	1281831.0	1559112.265607
sub-0056	2.505	2.794	2.405	2.135	3.068	2.593	2.399	2.543	2.46	2.22	2.458	2.13	2.452	2.719	2.894	2.467	2.62	2.616	2.308	1.758	2.134	2.507	2.599	2.495	2.93	2.238	2.599	2.244	2.789	2.585	2.252	3.466	2.525	2.982	2.45889	1128463.0	1159536.339825
sub-0057	2.567	2.599	2.593	2.035	3.889	2.869	2.592	2.675	2.452	2.405	2.792	2.183	2.603	2.844	2.922	2.46	2.706	2.804	2.653	1.836	2.139	2.488	2.613	2.566	3.137	2.309	2.725	2.318	2.87	2.692	2.684	3.538	2.641	2.867	2.57532	920873.0	1012605.008482
sub-0058	2.623	3.231	2.567	1.907	3.41	2.695	2.549	2.711	2.302	2.094	2.57	2.02	2.417	2.79	2.507	2.652	2.477	2.453	2.498	1.632	2.172	2.497	2.681	2.381	2.865	2.349	2.776	2.22	2.909	2.664	2.963	2.644	2.61	3.039	2.50622	1324301.0	1600616.506302
sub-0059	2.644	2.749	2.651	1.899	3.577	2.788	2.755	2.778	2.457	2.26	2.551	2.033	2.501	2.98	2.794	2.538	2.836	2.957	2.661	1.782	2.227	2.717	2.522	2.599	2.87	2.386	2.798	2.402	2.788	2.725	2.718	3.38	2.725	2.935	2.57671	1142257.0	1501855.143357
sub-0060	2.626	2.954	2.61	2.254	3.298	2.864	2.666	2.768	2.336	2.503	2.81	2.218	2.571	2.846	3.106	2.862	2.752	2.849	2.602	1.929	2.241	2.584	2.808	2.608	3.004	2.516	2.931	2.558	3.043	2.783	2.679	3.112	2.694	3.128	2.68926	1205004.0	1505207.336789
sub-0061	2.973	3.008	2.865	2.063	2.748	2.71	2.766	2.749	2.598	2.407	2.661	2.374	2.463	2.941	2.759	2.632	2.692	2.663	2.424	1.977	2.314	2.666	2.766	2.653	3.115	2.471	2.888	2.425	3.039	2.843	2.9	3.614	2.827	3.218	2.66815	1181018.0	1369511.409073
sub-0062	2.54	2.835	2.522	1.933	3.559	2.806	2.559	2.764	2.43	2.313	2.63	2.044	2.493	2.908	2.7	2.431	2.634	3.062	2.538	1.934	2.335	2.597	2.663	2.501	3.065	2.353	2.666	2.287	2.826	2.748	2.666	3.508	2.713	2.86	2.57851	1084223.0	1272209.610922
sub-0063	2.434	2.334	2.363	1.973	3.4	2.733	2.342	2.602	2.384	2.176	2.543	2.007	2.471	2.683	3.062	2.35	2.39	2.46	2.392	1.8	2.127	2.381	2.491	2.387	2.683	2.236	2.464	2.143	2.733	2.484	2.751	3.119	2.555	3.198	2.41405	1086311.0	1170114.002443
sub-0064	2.455	2.58	2.633	2.011	3.182	2.667	2.351	2.776	2.552	2.137	2.702	2.08	2.546	2.658	2.862	2.437	2.758	2.539	2.546	1.688	1.892	2.567	2.628	2.341	2.758	2.334	2.694	2.081	2.785	2.568	2.522	3.241	2.614	3.214	2.47493	984512.0	1157736.089383
sub-0065	2.321	2.686	2.445	1.966	3.479	2.841	2.399	2.703	2.385	2.231	2.552	2.084	2.612	2.78	2.261	2.371	2.473	2.619	2.234	1.811	2.07	2.598	2.455	2.5	2.948	2.302	2.561	2.185	2.697	2.505	2.563	4.006	2.442	2.977	2.46088	1072697.0	1274150.700682
sub-0066	2.415	2.588	2.475	2.197	2.622	2.673	2.596	2.661	2.397	2.315	2.771	2.18	2.752	2.753	3.007	2.648	2.536	2.713	2.609	1.726	2.138	2.499	2.636	2.668	2.97	2.258	2.728	2.369	2.651	2.549	2.766	3.388	2.625	3.055	2.53573	1223530.0	1314873.090574
sub-0067	2.534	2.459	2.496	1.984	3.38	2.63	2.413	2.542	2.467	2.094	2.527	2.099	2.368	2.685	3.248	2.441	2.505	2.519	2.257	1.744	2.225	2.447	2.641	2.377	2.81	2.162	2.578	2.242	2.665	2.639	2.665	3.366	2.476	2.847	2.43923	1108653.0	1454330.520659
sub-0068	2.589	2.89	2.617	2.046	3.461	2.6	2.566	2.763	2.378	2.186	2.583	2.089	2.553	2.618	2.991	2.406	2.709	2.739	2.506	1.568	2.127	2.645	2.664	2.564	3.215	2.471	2.762	2.41	2.959	2.7	3.201	3.498	2.724	3.022	2.56701	1126409.0	1186125.767314
sub-0069	2.395	2.859	2.807	2.204	2.825	2.647	2.433	2.61	2.575	2.159	2.703	2.201	2.438	2.725	2.676	2.399	2.721	2.459	2.492	1.79	2.321	2.535	2.723	2.378	2.842	2.31	2.808	2.265	2.709	2.583	2.608	3.491	2.717	2.787	2.51662	1094167.0	1221414.088014
sub-0070	2.69	2.766	2.559	2.282	3.336	2.709	2.514	2.874	2.579	2.424	2.345	2.182	2.292	2.671	2.643	2.337	2.545	2.637	2.322	1.937	2.134	2.403	2.606	2.294	2.693	2.285	2.637	2.32	2.898	2.639	2.461	3.594	2.921	2.933	2.51334	1292486.0	1755328.487204
sub-0071	2.642	2.669	2.758	2.143	3.209	2.706	2.646	2.675	2.635	2.343	2.705	2.193	2.496	2.873	2.892	2.591	2.69	2.814	2.466	1.682	2.276	2.704	2.845	2.653	2.955	2.505	2.955	2.358	2.931	2.712	2.751	3.618	2.714	3.014	2.62769	1249893.0	1634089.751352
sub-0072	2.7	2.7	2.512	1.915	3.06	2.767	2.565	2.612	2.439	2.26	2.536	2.175	2.297	2.795	2.677	2.7	2.422	2.597	2.469	1.943	2.234	2.484	2.738	2.506	2.756	2.342	2.761	2.34	2.876	2.568	2.696	3.587	2.455	2.899	2.53774	1157016.0	1303487.747039
sub-0073	2.69	2.908	2.605	2.034	3.446	2.786	2.601	2.762	2.817	2.359	2.727	2.347	2.802	2.763	3.003	2.502	2.521	2.673	2.52	1.79	2.168	2.948	2.69	2.567	3.142	2.346	2.848	2.269	2.843	2.654	2.638	3.899	2.786	3.082	2.59829	1058891.0	1187048.694322
sub-0074	2.637	2.551	2.549	1.917	3.037	2.677	2.481	2.549	2.647	2.312	2.618	2.347	2.537	2.732	2.697	2.531	2.82	2.526	2.498	1.693	2.21	2.594	2.622	2.476	2.911	2.352	2.714	2.335	2.85	2.513	2.268	3.27	2.692	3.199	2.5326	1500430.0	1961809.725767
sub-0075	2.819	2.698	2.658	2.079	2.945	2.596	2.65	2.524	2.465	2.304	2.396	2.242	2.242	2.741	2.606	2.618	2.606	2.622	2.333	2.055	2.203	2.497	2.718	2.63	2.697	2.37	2.7	2.397	2.785	2.65	2.378	2.594	2.828	2.96	2.53554	1318890.0	1699569.476078
sub-0076	2.622	2.586	2.551	1.824	3.333	2.68	2.447	2.573	2.254	2.191	2.346	2.19	2.283	2.692	3.058	2.53	2.563	2.627	2.57	1.599	1.959	2.495	2.689	2.459	2.63	2.217	2.649	2.233	2.731	2.408	2.406	3.714	2.646	2.917	2.44896	1389071.0	1624560.177194
sub-0077	2.384	2.629	2.516	1.807	3.813	2.569	2.476	2.707	2.463	2.04	2.906	1.976	2.739	2.818	2.619	2.384	2.739	2.78	2.556	1.635	2.0	2.684	2.471	2.258	2.835	2.465	2.744	2.194	2.836	2.715	2.5	3.463	2.456	3.396	2.49077	1031018.0	1438180.560507
sub-0078	2.349	2.682	2.478	2.227	3.079	2.618	2.525	2.61	2.46	2.26	2.649	2.246	2.629	2.718	3.004	2.375	2.639	2.662	2.361	1.948	1.957	2.426	2.443	2.448	3.026	2.328	2.721	2.165	2.703	2.506	2.561	3.441	2.871	3.033	2.48406	1163738.0	1405179.745512
sub-0079	2.611	2.895	2.549	2.116	3.895	2.887	2.758	2.846	2.66	2.412	2.65	2.184	2.518	2.973	3.369	2.603	2.786	2.543	2.469	1.759	2.179	2.664	2.588	2.645	2.851	2.459	2.681	2.415	2.935	2.752	2.899	3.909	2.449	2.98	2.60103	1237550.0	1670680.937755
sub-0080	2.691	2.593	2.448	1.848	3.357	2.563	2.564	2.624	2.135	2.335	2.478	2.036	2.434	2.761	2.694	2.402	2.583	2.614	2.613	1.64	2.209	2.471	2.701	2.448	2.688	2.327	2.694	2.348	2.789	2.57	2.941	3.776	2.582	2.859	2.50711	1152858.0	1245058.25468
sub-0081	2.589	2.764	2.533	2.182	2.945	2.764	2.625	2.741	2.423	2.469	2.638	2.342	2.603	2.874	2.917	2.651	2.636	2.548	2.504	1.862	2.118	2.687	2.785	2.598	2.674	2.272	2.738	2.458	2.823	2.565	2.347	3.932	2.769	3.203	2.59463	1429029.0	1813905.93453
sub-0082	2.514	2.504	2.564	1.895	3.567	2.691	2.58	2.564	2.276	2.302	2.433	2.051	2.322	2.844	2.734	2.396	2.578	2.454	2.411	1.842	2.021	2.547	2.556	2.506	2.64	2.213	2.574	2.254	2.8	2.624	2.401	3.531	2.34	3.017	2.46278	1204055.0	1664552.018743
sub-0083	2.647	2.422	2.548	2.105	3.661	2.831	2.606	2.752	2.429	2.287	2.469	2.156	2.36	2.829	2.716	2.476	2.7	2.625	2.364	1.605	2.182	2.342	2.742	2.572	3.0	2.366	2.656	2.329	2.866	2.585	2.348	3.601	2.751	3.135	2.54084	1263837.0	1642311.48061
sub-0084	2.288	2.593	2.549	2.115	2.91	2.498	2.67	2.553	2.401	2.409	2.446	2.198	2.399	2.615	2.481	2.47	2.713	2.359	2.412	1.948	2.179	2.501	2.674	2.512	2.559	2.312	2.77	2.427	2.835	2.666	2.617	3.471	2.648	3.086	2.51773	1251650.0	1375169.673746
sub-0085	2.528	2.721	2.736	1.922	3.587	2.769	2.603	2.729	2.39	2.259	2.545	2.128	2.233	2.99	3.001	2.662	2.75	2.529	2.517	1.726	2.197	2.598	2.637	2.43	2.947	2.356	2.947	2.266	2.986	2.678	2.527	3.48	2.685	3.004	2.5649	962921.0	1025878.102196
sub-0086	2.417	2.805	2.627	2.166	3.699	2.704	2.82	2.877	2.334	2.442	2.727	2.322	2.799	2.556	2.984	2.582	2.612	2.644	2.493	1.908	2.303	2.674	2.728	2.637	3.106	2.507	2.832	2.544	2.899	2.71	3.233	3.614	2.773	3.107	2.65946	1277219.0	1557559.838422
sub-0087	2.485	2.922	2.573	1.998	3.346	2.7	2.742	2.714	2.53	2.32	2.698	2.164	2.737	3.01	2.823	2.671	2.563	2.629	2.485	1.893	2.257	2.492	2.596	2.559	3.091	2.438	2.781	2.424	2.939	2.721	2.869	3.624	2.553	2.994	2.60597	1135006.0	1199212.396541
sub-0088	2.688	2.934	2.564	2.069	2.937	2.737	2.557	2.732	2.452	2.352	2.565	2.456	2.575	2.665	2.869	2.551	2.752	2.619	2.664	1.742	2.278	2.618	2.701	2.534	2.649	2.384	2.721	2.271	2.948	2.718	2.881	3.337	2.771	3.146	2.57935	1367947.0	1749974.361296
sub-0089	2.558	2.804	2.45	1.994	3.4	2.628	2.41	2.594	2.392	2.124	2.692	2.145	2.472	2.609	3.055	2.534	2.584	2.725	2.33	1.774	1.972	2.549	2.495	2.361	2.838	2.302	2.595	2.096	2.802	2.389	2.369	3.611	2.596	2.919	2.43177	1109753.0	1266847.45001
sub-0090	2.428	2.688	2.309	1.789	2.999	2.704	2.336	2.613	2.385	2.013	2.469	1.975	2.505	2.615	3.177	2.413	2.478	2.315	2.238	1.601	1.894	2.318	2.357	2.279	3.12	2.091	2.498	2.092	2.616	2.332	2.896	3.187	2.514	2.883	2.35106	1083879.0	1379263.516306
sub-0091	2.621	2.53	2.301	2.21	3.99	2.643	2.608	2.605	2.377	2.254	2.491	2.269	2.383	2.733	2.504	2.53	2.496	2.417	2.337	1.956	2.098	2.493	2.572	2.46	2.831	2.142	2.55	2.19	2.643	2.545	2.849	3.184	2.657	2.974	2.45671	1197099.0	1582574.563044
sub-0092	2.663	2.78	2.47	2.04	3.977	2.841	2.463	2.803	2.685	2.382	2.585	2.205	2.375	2.85	2.651	2.38	2.537	2.55	2.502	1.837	2.19	2.778	2.625	2.463	2.736	2.409	2.748	2.158	2.962	2.683	2.753	3.552	2.799	2.966	2.55185	1297126.0	1766651.713107
sub-0093	2.583	2.888	2.554	1.955	3.752	2.665	2.534	2.667	2.652	2.159	2.71	2.211	2.652	2.892	2.669	2.322	2.564	2.67	2.456	1.692	2.153	2.613	2.535	2.552	2.778	2.354	2.646	2.315	2.919	2.629	2.676	3.724	2.788	3.077	2.52839	1087119.0	1460791.342004
sub-0094	2.715	2.771	2.656	1.986	3.183	2.83	2.663	2.848	2.266	2.364	2.663	2.384	2.598	2.886	2.917	2.611	2.782	2.886	2.518	1.681	2.188	2.378	2.684	2.572	3.038	2.404	2.851	2.34	2.949	2.715	2.548	3.432	2.905	3.219	2.61211	1090472.0	1225095.466245
sub-0095	2.569	2.382	2.654	2.224	3.13	2.746	2.516	2.667	2.396	2.352	2.658	2.256	2.495	2.862	2.705	2.393	2.511	2.487	2.459	1.706	2.091	2.409	2.561	2.553	2.629	2.412	2.75	2.312	2.851	2.534	2.68	3.695	2.556	2.939	2.52977	1176761.0	1393838.718019
sub-0096	2.624	2.804	2.743	2.299	3.434	2.86	2.682	2.929	2.333	2.415	2.869	2.341	2.769	2.959	2.912	2.658	2.75	2.989	2.679	2.016	2.431	2.505	2.694	2.77	3.374	2.537	3.0	2.444	3.007	2.832	2.878	3.63	2.755	3.443	2.72201	1103258.0	1267541.963561
sub-0097	2.523	2.767	2.555	2.046	3.209	2.624	2.526	2.449	2.466	2.185	2.566	2.176	2.362	2.685	2.52	2.586	2.465	2.57	2.397	1.943	2.101	2.712	2.749	2.52	3.011	2.342	2.732	2.292	2.672	2.616	2.613	3.101	2.439	2.909	2.49256	1105184.0	1291641.31448
sub-0098	2.715	2.524	2.69	1.987	3.071	2.753	2.586	2.576	2.277	2.307	2.592	2.332	2.403	2.805	2.841	2.507	2.745	2.489	2.392	1.703	2.306	2.496	2.704	2.533	2.738	2.448	2.76	2.373	3.113	2.621	2.73	3.679	2.786	3.181	2.58541	1324428.0	1767706.388905
sub-0099	2.445	2.708	2.521	1.995	3.992	2.772	2.558	2.819	2.314	2.287	2.677	2.265	2.544	2.737	3.071	2.439	2.624	2.563	2.454	1.939	2.069	2.365	2.604	2.404	3.016	2.325	2.707	2.306	2.876	2.522	2.614	4.027	2.746	3.154	2.5225	1340357.0	1787979.018134
sub-0100	2.678	2.75	2.495	2.287	3.168	2.919	2.771	2.594	2.443	2.442	2.713	2.382	2.635	2.94	3.005	2.581	2.684	2.885	2.543	2.162	2.173	2.693	2.638	2.694	3.023	2.381	2.757	2.501	2.899	2.625	3.014	3.696	2.714	3.163	2.63623	1326269.0	1662847.267452
sub-0101	2.872	2.571	2.57	1.92	3.244	2.915	2.509	2.864	2.413	2.21	2.518	2.155	2.526	2.873	2.783	2.574	2.828	2.904	2.486	1.665	2.207	2.297	2.748	2.43	2.671	2.529	2.642	2.211	2.905	2.655	2.606	3.761	2.853	3.254	2.55614	1170530.0	1448074.530533
sub-0102	2.822	2.674	2.46	2.128	3.668	2.802	2.57	2.735	2.687	2.365	2.623	2.37	2.574	2.865	2.54	2.453	2.633	2.523	2.443	1.864	2.144	2.529	2.585	2.525	2.904	2.451	2.654	2.266	2.809	2.529	2.719	3.314	2.82	3.251	2.56222	1366345.0	1743921.110547
sub-0103	2.402	2.507	2.214	1.951	3.339	2.632	2.489	2.513	2.375	2.167	2.533	2.224	2.33	2.717	2.95	2.332	2.463	2.667	2.292	1.669	2.0	2.221	2.35	2.416	2.798	2.236	2.531	2.217	2.591	2.499	3.017	3.281	2.643	2.875	2.39907	1042847.0	1306228.032015
sub-0104	2.481	2.762	2.568	2.033	3.456	2.825	2.524	2.665	2.406	2.29	2.453	2.256	2.653	2.893	2.667	2.524	2.852	2.608	2.436	1.78	2.181	2.381	2.683	2.585	3.204	2.451	2.929	2.424	2.618	2.585	2.801	3.599	2.474	2.864	2.57126	1030459.0	1117095.897251
sub-0105	2.655	2.398	2.366	1.93	3.32	2.728	2.65	2.656	2.307	2.24	2.551	2.002	2.493	2.809	2.683	2.589	2.58	2.339	2.318	1.717	2.11	2.363	2.63	2.502	2.579	2.246	2.607	2.269	2.681	2.736	2.274	3.067	2.583	3.169	2.47037	1145351.0	1374946.138192
sub-0106	2.788	2.815	2.587	2.007	3.511	2.809	2.556	2.769	2.449	2.284	2.641	2.399	2.653	2.928	3.303	2.511	2.758	2.83	2.436	1.79	2.22	2.54	2.65	2.463	2.96	2.43	2.866	2.211	2.869	2.792	3.39	3.94	2.938	3.163	2.59299	1097629.0	1232802.279774
sub-0107	2.855	2.806	2.535	2.094	3.357	2.874	2.571	2.829	2.835	2.446	2.667	2.128	2.549	2.816	3.041	2.41	2.575	2.357	2.479	1.866	2.244	2.73	2.623	2.526	3.028	2.328	2.751	2.299	2.905	2.549	3.13	3.529	2.664	3.186	2.60083	1233475.0	1531951.741104
sub-0108	2.545	2.553	2.515	2.235	3.89	2.747	2.57	2.642	2.448	2.482	2.504	2.25	2.627	2.744	2.76	2.532	2.724	2.418	2.423	1.899	2.217	2.461	2.704	2.542	2.728	2.387	2.729	2.285	2.755	2.597	2.612	2.937	2.857	3.037	2.56514	1362511.0	1837369.163244
sub-0109	2.736	2.499	2.668	2.224	3.392	2.84	2.521	2.7	2.599	2.35	2.67	2.099	2.604	2.717	2.942	2.647	2.672	2.569	2.53	1.787	2.21	2.458	2.768	2.55	2.965	2.5	2.867	2.298	2.96	2.666	2.667	2.993	2.64	3.221	2.59782	1364880.0	1792922.374976
sub-0110	2.522	2.891	2.555	1.899	3.311	2.771	2.481	2.737	2.579	2.264	2.648	2.202	2.482	2.77	2.958	2.438	2.521	2.594	2.616	1.697	2.089	2.51	2.564	2.524	2.734	2.379	2.683	2.215	2.667	2.552	2.371	3.348	2.516	3.11	2.5113	1355261.0	1680204.683201
sub-0111	2.682	2.849	2.733	2.073	3.275	2.685	2.595	2.746	2.473	2.316	2.886	2.162	2.719	3.055	2.767	2.535	2.673	2.944	2.712	1.758	2.19	3.003	2.737	2.537	3.012	2.583	2.904	2.258	2.876	2.611	2.976	3.393	2.554	3.032	2.62271	1018030.0	1380530.526494
sub-0112	2.529	3.068	2.491	1.902	3.103	2.858	2.605	2.875	2.796	2.27	2.596	2.184	2.417	2.777	2.934	2.328	2.687	2.625	2.425	1.891	2.012	2.746	2.6	2.473	3.011	2.411	2.603	2.305	2.86	2.595	2.682	3.86	2.671	2.955	2.53858	1065066.0	1267466.560021
sub-0113	2.652	2.911	2.703	1.859	3.429	2.753	2.693	2.859	2.552	2.349	2.679	2.243	2.48	3.001	3.148	2.541	2.788	2.77	2.576	1.633	2.238	2.617	2.667	2.465	3.009	2.368	2.763	2.354	3.038	2.788	2.786	3.211	2.767	3.069	2.60551	1045706.0	1293806.7876
sub-0114	2.436	2.791	2.317	2.033	3.454	2.677	2.532	2.691	2.327	2.179	2.568	2.17	2.532	2.809	2.888	2.433	2.483	2.315	2.346	1.737	2.053	2.461	2.524	2.451	2.862	2.2	2.524	2.292	2.647	2.456	2.375	3.543	2.468	3.03	2.45388	1090531.0	1197587.80593
sub-0115	2.667	2.903	2.554	2.142	3.092	2.582	2.479	2.658	2.49	2.213	2.482	2.111	2.342	2.847	2.616	2.458	2.487	2.423	2.328	1.746	2.031	2.441	2.4	2.407	2.771	2.231	2.552	2.149	2.584	2.486	2.073	3.766	2.379	3.006	2.42441	1032477.0	1392108.138436
sub-0116	2.6	3.03	2.592	1.952	3.232	2.809	2.529	2.78	2.351	2.383	2.711	2.308	2.555	2.732	3.111	2.64	2.669	2.609	2.4	1.981	2.198	2.693	2.72	2.419	2.918	2.406	2.69	2.247	2.834	2.611	3.05	3.927	2.793	3.119	2.562	1063668.0	1294870.702796
sub-0117	2.411	2.718	2.485	2.099	3.401	2.693	2.423	2.668	2.363	2.148	2.71	2.126	2.457	2.657	2.889	2.443	2.458	2.627	2.409	1.867	2.214	2.448	2.624	2.357	3.144	2.313	2.622	2.148	2.806	2.525	2.638	3.511	2.661	3.108	2.46829	1126977.0	1349473.739635
sub-0118	2.668	2.608	2.629	2.092	3.634	2.644	2.566	2.549	2.259	2.263	2.426	2.137	2.487	2.832	2.731	2.608	2.681	2.626	2.525	1.863	2.303	2.664	2.627	2.517	2.787	2.305	2.699	2.307	2.905	2.605	2.676	3.582	2.675	3.029	2.54421	1282660.0	1728881.825442
sub-0119	2.473	2.458	2.559	2.085	2.733	2.636	2.618	2.795	2.451	2.317	2.61	2.134	2.428	2.943	2.736	2.569	2.476	2.581	2.598	1.626	2.112	2.446	2.691	2.592	2.764	2.378	2.71	2.357	2.887	2.666	2.63	3.564	2.748	2.94	2.54266	1121020.0	1229718.867021
sub-0120	2.616	2.527	2.46	1.833	3.518	2.725	2.349	2.633	2.308	2.145	2.585	2.018	2.697	2.732	2.863	2.363	2.554	2.689	2.424	1.505	2.049	2.398	2.373	2.3	2.697	2.31	2.578	2.044	2.717	2.43	2.941	3.367	2.546	3.115	2.42457	1124240.0	1546825.809346
sub-0121	2.582	2.726	2.699	1.802	3.793	2.585	2.484	2.664	2.769	2.056	2.565	1.939	2.506	2.838	2.275	2.399	2.753	2.586	2.51	1.554	2.141	2.541	2.707	2.304	2.682	2.415	2.681	2.263	2.81	2.661	2.587	3.61	2.615	3.303	2.4867	1116627.0	1430410.226792
sub-0122	2.644	2.919	2.784	2.35	3.286	2.793	2.786	2.969	2.532	2.537	2.864	2.263	2.678	2.956	2.808	2.728	3.02	2.655	2.676	1.782	2.363	2.533	3.014	2.675	3.217	2.604	2.909	2.507	3.175	2.735	2.668	3.939	2.928	3.381	2.75706	1188271.0	1308183.182692
sub-0123	2.393	2.487	2.554	1.934	2.845	2.66	2.536	2.636	2.368	2.241	2.496	2.172	2.435	2.634	2.459	2.448	2.588	2.362	2.229	1.603	2.065	2.353	2.574	2.38	2.734	2.27	2.575	2.249	2.716	2.522	2.536	3.535	2.399	2.985	2.44571	1309732.0	1702131.883701
sub-0124	2.686	2.776	2.67	2.018	2.561	2.739	2.637	2.641	2.524	2.32	2.78	2.072	2.308	2.916	3.149	2.688	2.695	3.004	2.636	1.612	2.212	2.609	2.783	2.494	2.987	2.393	3.008	2.261	3.009	2.692	2.464	3.735	2.419	3.084	2.60249	935840.0	1052334.054241
sub-0125	2.425	2.493	2.618	1.958	3.169	2.658	2.521	2.612	2.439	2.114	2.574	2.175	2.498	2.671	2.717	2.417	2.675	2.798	2.44	1.797	2.072	2.651	2.666	2.449	2.731	2.347	2.717	2.358	2.824	2.582	2.57	3.605	2.549	3.228	2.51789	1235556.0	1368269.34666
sub-0126	2.704	2.841	2.615	2.221	3.719	2.677	2.59	2.88	2.363	2.395	2.617	2.302	2.484	2.939	2.784	2.614	2.698	2.554	2.355	1.788	2.334	2.652	2.738	2.594	2.741	2.486	2.819	2.374	2.92	2.704	2.882	3.478	2.702	3.134	2.63051	1168528.0	1354407.834998
sub-0127	2.903	2.783	2.568	2.033	3.434	2.801	2.637	2.846	2.736	2.504	2.723	2.34	2.483	3.029	3.258	2.536	2.68	2.917	2.667	1.732	2.228	2.6	2.708	2.559	2.896	2.419	2.782	2.358	3.004	2.739	2.91	3.788	2.77	3.315	2.64943	1189014.0	1388551.522021
sub-0128	2.542	3.128	2.708	2.327	3.16	2.633	2.665	2.685	2.525	2.324	2.582	2.383	2.702	2.943	3.03	2.62	2.712	2.681	2.532	1.972	2.201	2.548	2.811	2.548	3.24	2.507	2.885	2.338	2.994	2.755	2.899	3.975	2.621	2.958	2.62194	1241378.0	1614246.708114
sub-0129	2.482	2.931	2.704	1.904	3.905	2.881	2.674	2.711	2.478	2.399	2.769	2.147	2.454	2.878	2.878	2.612	2.595	2.449	2.575	1.839	2.213	2.419	2.748	2.486	3.109	2.412	2.73	2.427	2.816	2.67	2.743	3.852	2.637	3.064	2.6028	1100023.0	1286549.332646
sub-0130	2.519	2.709	2.429	1.932	3.442	2.728	2.403	2.572	2.462	2.106	2.715	2.155	2.707	2.856	2.848	2.389	2.404	2.375	2.403	1.621	2.018	2.579	2.455	2.428	2.826	2.242	2.756	2.164	2.711	2.433	2.875	3.561	2.538	3.097	2.451	1100980.0	1271007.993467
sub-0131	2.626	2.731	2.704	2.005	3.633	2.866	2.728	3.033	2.454	2.461	2.728	2.322	2.475	2.925	3.5	2.564	2.9	2.832	2.774	1.899	2.208	2.493	2.76	2.658	3.076	2.574	2.949	2.43	3.137	2.822	2.915	3.761	2.647	3.282	2.69828	1304447.0	1764190.675041
sub-0132	2.643	3.125	2.54	2.146	3.138	2.645	2.615	2.732	2.527	2.29	2.742	2.192	2.509	2.892	2.532	2.597	2.634	2.741	2.592	1.769	2.148	2.685	2.689	2.607	3.276	2.384	2.858	2.441	2.884	2.631	2.367	3.153	2.704	3.253	2.60068	1022236.0	1162101.650501
sub-0133	3.01	3.157	2.754	1.908	3.049	2.858	2.74	2.902	2.586	2.352	2.628	2.246	2.592	2.959	2.924	2.665	2.742	2.621	2.496	1.982	2.195	2.777	2.722	2.623	3.029	2.453	2.842	2.465	2.892	2.831	3.003	3.779	2.85	2.931	2.6609	1267941.0	1387763.249643
sub-0134	2.595	2.412	2.631	2.113	3.787	2.799	2.642	2.926	2.624	2.318	2.521	2.286	2.393	3.052	2.25	2.637	2.663	2.86	2.554	1.881	2.066	2.843	2.637	2.592	2.873	2.391	2.822	2.374	3.042	2.631	3.089	3.484	2.744	3.13	2.6023	1148514.0	1328781.652489
sub-0135	2.639	2.84	2.454	2.022	3.171	2.954	2.634	2.701	2.559	2.467	2.608	2.142	2.305	2.988	2.775	2.648	2.639	2.673	2.703	1.804	2.15	2.544	2.72	2.58	2.987	2.414	2.731	2.359	2.693	2.61	2.697	3.478	2.689	3.184	2.57992	1087460.0	1211561.579842
sub-0136	2.427	2.274	2.381	1.965	3.168	2.681	2.434	2.645	2.266	2.166	2.504	2.143	2.344	2.753	2.46	2.454	2.556	2.225	2.287	1.627	2.069	2.282	2.413	2.381	2.935	2.125	2.474	2.165	2.688	2.567	2.588	3.424	2.903	3.009	2.4107	1016367.0	1270118.732709
sub-0137	2.682	2.689	2.544	1.93	3.247	2.851	2.592	2.791	2.675	2.459	2.676	2.18	2.652	2.784	2.46	2.411	2.687	2.606	2.546	1.782	2.132	2.759	2.542	2.54	2.921	2.416	2.686	2.278	2.939	2.581	2.691	3.467	2.843	3.251	2.57735	1214336.0	1528498.946679
sub-0138	2.908	2.782	2.687	1.98	3.458	2.861	2.725	2.824	2.543	2.233	2.632	2.279	2.565	2.983	3.02	2.593	2.725	2.767	2.358	1.67	2.248	2.493	2.711	2.556	2.993	2.474	2.839	2.316	2.862	2.746	2.698	3.428	2.516	3.078	2.61546	1156408.0	1332201.738154
sub-0139	2.699	3.161	2.719	2.152	3.56	2.902	2.771	2.753	2.805	2.41	2.801	2.233	2.624	3.068	3.224	2.731	2.752	2.555	2.58	1.908	2.255	2.611	2.803	2.592	2.917	2.587	2.919	2.475	2.985	2.718	2.686	3.995	2.894	3.229	2.68169	1079355.0	1273293.645814
sub-0140	2.522	2.827	2.437	2.154	3.216	2.669	2.666	2.681	2.472	2.304	2.594	2.13	2.412	2.746	2.635	2.64	2.601	2.489	2.408	2.04	2.157	2.641	2.704	2.569	2.963	2.33	2.718	2.312	2.719	2.65	2.773	3.329	2.699	3.092	2.53412	1146479.0	1309036.588567
sub-0141	2.727	2.919	2.774	2.353	3.578	2.985	2.925	3.032	2.674	2.613	2.878	2.428	2.833	3.064	3.331	2.567	2.952	2.942	2.7	2.033	2.328	2.648	2.936	2.894	2.995	2.669	3.116	2.656	3.1	2.905	2.992	3.868	3.182	3.464	2.84407	1269841.0	1568906.612169
sub-0142	2.543	2.551	2.452	1.951	3.076	2.814	2.452	2.732	2.604	2.427	2.659	2.295	2.582	2.834	2.687	2.429	2.599	2.602	2.519	1.555	2.195	2.543	2.492	2.528	2.878	2.375	2.642	2.17	2.79	2.485	3.075	3.576	2.596	3.024	2.50788	1107974.0	1419047.042238
sub-0143	2.56	2.681	2.662	2.319	3.593	2.85	2.676	2.824	2.51	2.533	2.655	2.368	2.713	2.954	3.188	2.532	2.727	2.751	2.691	1.807	2.224	2.381	2.674	2.533	2.625	2.372	2.797	2.436	3.16	2.801	2.521	3.679	2.87	3.123	2.64993	1159677.0	1261795.146594
sub-0144	2.679	2.645	2.499	1.88	3.214	2.807	2.714	2.706	2.475	2.281	2.586	2.367	2.576	2.753	3.221	2.41	2.722	2.703	2.428	1.673	2.167	2.502	2.712	2.533	2.871	2.423	2.805	2.384	2.78	2.661	2.618	3.097	2.584	3.319	2.58148	1196989.0	1377598.763074
sub-0145	2.463	2.988	2.533	1.96	3.274	2.798	2.558	2.729	2.443	2.167	2.528	2.191	2.356	2.923	2.664	2.557	2.536	2.717	2.525	2.015	2.045	2.641	2.548	2.449	2.964	2.299	2.674	2.248	2.863	2.746	3.134	3.653	2.571	3.068	2.51831	1038528.0	1181004.283169
sub-0146	2.467	2.769	2.698	2.003	2.846	2.689	2.524	2.658	2.41	2.116	2.601	2.021	2.501	2.731	2.308	2.686	2.707	2.704	2.681	1.854	2.11	2.77	2.704	2.415	2.918	2.432	2.828	2.293	2.805	2.551	2.932	2.881	2.839	3.131	2.52409	1309750.0	1713343.66495
sub-0147	2.598	2.669	2.488	2.0	2.956	2.562	2.512	2.6	2.205	2.309	2.498	2.193	2.408	2.742	2.845	2.438	2.533	2.851	2.443	1.794	2.117	2.37	2.542	2.534	2.682	2.352	2.649	2.362	2.698	2.508	2.633	3.568	2.796	2.812	2.48184	1108780.0	1526747.497947
sub-0148	2.777	2.75	2.559	2.264	3.81	2.778	2.611	2.657	2.264	2.283	2.72	2.179	2.398	2.828	3.282	2.677	2.705	2.621	2.56	1.827	2.124	2.705	2.656	2.617	2.882	2.45	2.811	2.274	2.85	2.727	2.627	3.733	2.642	3.079	2.57681	1270800.0	1649087.282336
sub-0149	2.487	2.905	2.688	2.169	2.967	2.788	2.676	2.795	2.431	2.378	2.356	2.318	2.554	3.001	2.947	2.406	2.759	2.628	2.424	1.893	2.203	2.533	2.677	2.628	2.961	2.348	2.864	2.418	2.787	2.611	2.385	3.719	2.499	3.143	2.58867	1327923.0	1564750.661083
sub-0150	2.551	2.525	2.592	2.221	3.609	2.759	2.613	2.57	2.309	2.211	2.52	2.149	2.459	2.85	3.213	2.454	2.687	2.408	2.303	1.971	2.167	2.398	2.607	2.469	2.797	2.285	2.666	2.231	2.71	2.629	2.743	3.309	2.752	2.986	2.5172	1194002.0	1438480.083057
sub-0151	2.782	2.784	2.58	2.156	3.622	2.518	2.612	2.628	2.566	2.166	2.554	2.16	2.523	2.753	2.883	2.464	2.678	2.88	2.486	1.715	2.177	2.401	2.703	2.428	2.881	2.274	2.895	2.133	2.852	2.604	2.892	3.619	2.743	3.053	2.53915	1246749.0	1676268.454142
sub-0152	2.861	2.643	2.666	2.117	3.638	2.891	2.805	2.906	2.547	2.513	2.607	2.208	2.626	3.065	3.164	2.495	2.618	2.783	2.541	1.842	2.284	2.673	2.79	2.629	3.139	2.38	2.931	2.396	2.917	2.645	2.609	3.583	2.724	3.074	2.66701	1251317.0	1394407.333189
sub-0153	2.55	2.76	2.662	1.978	3.575	2.602	2.662	2.677	2.515	2.277	2.724	2.126	2.655	2.718	2.765	2.553	2.506	2.538	2.41	1.859	2.237	2.649	2.639	2.614	3.024	2.475	2.753	2.505	2.909	2.651	2.683	3.733	2.637	3.001	2.5773	1225167.0	1611229.257359
sub-0154	2.557	2.473	2.488	2.137	2.997	2.578	2.537	2.588	2.403	2.345	2.569	2.114	2.735	2.833	2.664	2.482	2.525	2.548	2.491	1.834	2.224	2.357	2.599	2.541	2.613	2.361	2.668	2.356	2.864	2.677	2.652	3.511	2.622	3.133	2.53167	1246900.0	1409137.408525
sub-0155	2.522	2.845	2.423	2.039	3.318	2.742	2.433	2.663	2.403	2.211	2.671	2.213	2.71	2.782	3.232	2.514	2.595	2.383	2.458	2.01	2.079	2.371	2.531	2.422	2.823	2.222	2.609	2.287	2.838	2.535	2.466	3.793	2.694	3.186	2.49041	994286.0	1049766.083289
sub-0156	2.619	2.789	2.634	1.951	2.934	2.719	2.525	2.65	2.493	2.273	2.765	2.277	2.627	2.972	2.665	2.64	2.592	2.645	2.457	1.807	2.185	2.541	2.602	2.499	3.102	2.442	2.864	2.348	2.851	2.579	2.752	3.571	2.487	2.937	2.56825	1264599.0	1432755.508625
sub-0157	2.607	3.0	2.663	2.252	3.037	2.659	2.538	2.631	2.521	2.522	2.78	2.203	2.768	2.768	2.742	2.586	2.803	2.589	2.644	1.775	2.207	2.48	2.731	2.632	3.029	2.471	2.95	2.391	2.799	2.723	2.549	3.889	2.978	2.986	2.62855	1177199.0	1729902.861085
sub-0158	2.451	2.661	2.688	2.236	3.347	2.959	2.61	2.878	2.545	2.364	2.717	2.348	2.467	2.903	3.107	2.743	2.75	2.973	2.482	1.825	2.199	2.631	2.729	2.518	2.79	2.473	2.803	2.297	2.939	2.722	2.676	3.847	2.704	3.3	2.63448	1343961.0	1603684.471626
sub-0159	2.753	2.782	2.643	2.198	3.551	2.698	2.605	2.806	2.448	2.316	2.74	2.364	2.59	2.852	3.226	2.589	2.687	2.44	2.468	1.799	2.23	2.607	2.745	2.58	3.384	2.536	2.89	2.416	2.734	2.569	3.29	3.297	2.83	3.036	2.61711	1111586.0	1219311.015304
sub-0160	2.503	2.692	2.528	2.161	3.48	2.742	2.477	2.734	2.274	2.321	2.735	2.226	2.424	2.852	3.022	2.383	2.696	2.988	2.546	1.681	2.008	2.567	2.59	2.392	2.68	2.387	2.664	2.194	2.74	2.503	2.889	3.407	2.455	3.089	2.5122	1120869.0	1253010.735341
sub-0161	2.627	2.716	2.746	2.081	3.714	2.796	2.677	2.804	2.416	2.356	2.835	2.312	2.511	2.789	2.566	2.72	2.725	2.775	2.65	1.717	2.153	2.632	2.746	2.678	3.072	2.524	2.891	2.434	2.779	2.601	2.957	3.282	2.641	3.196	2.63554	1264910.0	1678825.014059
sub-0162	2.583	2.62	2.674	2.061	3.125	2.913	2.511	2.752	2.326	2.264	2.725	2.075	2.459	2.925	2.938	2.438	2.606	2.762	2.44	1.736	2.187	2.555	2.673	2.561	2.794	2.455	2.929	2.266	3.004	2.645	2.961	3.698	2.641	2.955	2.57223	1348454.0	1593923.271011
sub-0163	2.415	2.515	2.499	2.015	3.116	2.71	2.59	2.741	2.342	2.299	2.548	2.225	2.348	2.807	2.932	2.634	2.58	2.736	2.385	1.848	2.106	2.507	2.597	2.592	2.916	2.326	2.665	2.351	2.752	2.578	2.804	3.648	2.83	2.957	2.5303	1184842.0	1344675.479312
sub-0164	2.573	2.551	2.482	2.123	3.133	2.742	2.482	2.681	2.281	2.171	2.811	2.054	2.535	2.791	2.779	2.295	2.605	2.671	2.362	1.669	2.115	2.266	2.505	2.448	2.888	2.366	2.607	2.233	2.76	2.529	2.68	3.467	2.52	3.043	2.47361	1243836.0	1385993.169429
sub-0165	2.384	2.813	2.397	2.103	3.173	2.686	2.469	2.765	2.816	2.202	2.558	2.117	2.631	2.73	3.174	2.536	2.592	2.43	2.426	1.729	2.084	2.698	2.574	2.488	2.931	2.315	2.737	2.221	2.759	2.567	2.656	3.385	2.717	3.133	2.49884	1084384.0	1267159.926204
sub-0166	2.392	3.024	2.69	2.115	3.457	2.819	2.454	2.702	2.253	2.285	2.673	2.022	2.534	2.786	2.848	2.406	2.514	2.587	2.488	1.618	2.162	2.64	2.616	2.418	2.907	2.346	2.799	2.234	2.939	2.583	2.406	3.674	2.806	2.96	2.53401	1162848.0	1340410.07163
sub-0167	2.456	3.176	2.617	2.228	3.205	2.819	2.781	2.791	2.537	2.366	2.717	2.188	2.701	2.966	3.089	2.506	2.719	2.658	2.575	1.689	2.197	2.691	2.756	2.528	3.297	2.538	2.874	2.437	3.055	2.8	2.757	3.63	2.889	2.99	2.65742	1231796.0	1553483.641544
sub-0168	2.782	2.764	2.64	2.085	3.287	2.75	2.787	2.932	2.383	2.444	2.504	2.275	2.436	2.907	2.847	2.542	2.662	2.901	2.562	1.753	2.169	2.494	2.758	2.596	2.78	2.343	2.73	2.533	2.871	2.771	2.711	3.883	2.899	3.035	2.61541	1440272.0	1642326.665107
sub-0169	2.396	2.801	2.578	2.056	3.355	2.655	2.478	2.697	2.303	2.39	2.835	2.157	2.559	2.798	2.893	2.472	2.537	2.911	2.455	1.785	2.147	2.458	2.504	2.546	3.072	2.444	2.646	2.362	2.771	2.584	2.852	3.453	2.654	3.124	2.54276	1188887.0	1592950.809898
sub-0170	2.633	2.881	2.529	2.081	3.598	2.858	2.636	2.934	2.384	2.419	2.555	2.001	2.571	2.938	2.756	2.58	2.59	2.885	2.435	1.622	2.298	2.447	2.703	2.471	2.977	2.391	2.76	2.307	2.976	2.634	2.989	3.388	2.98	3.168	2.59724	1152500.0	1368473.641263
sub-0171	2.707	3.111	2.576	2.275	3.411	2.872	2.578	2.718	2.546	2.468	2.828	2.337	2.523	3.044	3.26	2.591	2.691	2.924	2.688	1.897	2.257	2.649	2.711	2.56	3.058	2.571	2.844	2.396	2.805	2.654	3.071	3.939	2.893	3.417	2.65797	1131183.0	1408471.73881
sub-0172	2.65	2.427	2.57	2.101	3.36	2.57	2.534	2.611	2.268	2.251	2.548	2.249	2.332	2.721	2.575	2.353	2.647	2.671	2.437	1.758	2.129	2.413	2.487	2.381	2.974	2.383	2.625	2.253	2.932	2.66	2.713	3.625	2.592	3.067	2.49227	1068311.0	1256739.005345
sub-0173	2.653	2.771	2.624	1.904	3.727	2.8	2.695	2.794	2.248	2.247	2.817	2.217	2.597	2.878	2.788	2.594	2.679	2.629	2.571	1.797	2.154	2.397	2.812	2.583	2.862	2.395	2.791	2.38	3.022	2.671	2.833	3.887	3.021	3.238	2.61831	1395388.0	1505148.555506
sub-0174	2.619	2.792	2.457	2.05	3.246	2.699	2.6	2.586	2.378	2.302	2.53	2.27	2.396	2.915	3.002	2.439	2.699	2.653	2.536	1.667	2.042	2.571	2.713	2.493	2.626	2.294	2.556	2.294	2.804	2.613	2.719	3.443	2.479	2.974	2.50413	1216147.0	1505026.016838
sub-0175	2.581	2.328	2.588	1.962	3.196	2.643	2.544	2.642	2.505	2.115	2.601	1.898	2.681	2.813	2.737	2.464	2.781	2.749	2.457	1.603	2.202	2.442	2.57	2.416	2.846	2.429	2.808	2.309	2.933	2.575	3.107	3.782	2.829	3.288	2.53897	1084525.0	1219229.961137
sub-0176	2.452	2.61	2.443	1.929	3.013	2.594	2.484	2.649	2.449	2.151	2.651	2.068	2.499	2.709	2.514	2.363	2.521	2.56	2.404	1.638	2.149	2.631	2.449	2.466	2.817	2.232	2.552	2.165	2.575	2.546	2.415	3.401	2.36	3.021	2.42366	1151468.0	1369065.557594
sub-0177	2.557	2.983	2.562	1.926	3.071	2.81	2.638	2.712	2.322	2.313	2.82	2.231	2.651	2.704	2.703	2.508	2.736	2.641	2.283	1.812	2.142	2.47	2.477	2.461	2.989	2.449	2.813	2.268	2.722	2.64	2.981	3.125	2.386	2.912	2.53593	1102495.0	1236126.400688
sub-0178	2.55	2.903	2.409	1.824	3.902	2.777	2.381	2.906	2.427	2.163	2.611	2.147	2.412	2.869	2.826	2.333	2.488	2.452	2.389	1.668	2.027	2.572	2.447	2.285	2.806	2.218	2.544	2.062	2.64	2.514	2.932	3.51	2.295	3.144	2.43013	1063942.0	1278199.850986
sub-0179	2.428	2.571	2.496	2.007	3.686	2.564	2.449	2.544	2.472	2.121	2.614	2.159	2.371	2.69	2.564	2.299	2.526	2.505	2.336	2.031	1.936	2.341	2.479	2.298	2.787	2.211	2.704	2.039	2.654	2.44	2.571	3.526	2.551	3.2	2.41072	1163461.0	1539951.066193
sub-0180	2.612	3.032	2.67	2.117	3.321	2.852	2.7	2.586	2.571	2.313	2.746	2.05	2.507	2.991	3.195	2.795	2.784	2.843	2.508	1.759	2.259	2.708	2.688	2.716	3.009	2.561	3.129	2.364	3.027	2.805	2.777	3.381	2.592	3.217	2.66963	1141772.0	1220714.112255
sub-0181	2.622	2.524	2.646	2.167	2.751	2.702	2.511	2.677	2.335	2.151	2.562	2.089	2.284	2.75	2.798	2.58	2.504	2.799	2.494	1.924	2.251	2.522	2.681	2.564	2.629	2.335	2.754	2.291	2.665	2.632	2.628	3.169	2.24	2.926	2.50365	1222504.0	1260620.308723
sub-0182	2.502	2.679	2.612	2.086	3.079	2.725	2.487	2.814	2.243	2.396	2.589	2.183	2.412	2.843	3.157	2.531	2.549	2.571	2.551	1.776	2.27	2.371	2.771	2.596	3.057	2.337	2.657	2.31	2.798	2.611	2.466	3.743	2.717	3.268	2.55754	1040819.0	1115338.365317
sub-0183	2.753	2.542	2.499	2.203	3.316	2.754	2.662	2.603	2.384	2.302	2.828	2.335	2.655	2.855	2.768	2.607	2.754	2.835	2.629	1.949	2.334	2.44	2.857	2.666	2.848	2.46	2.93	2.486	2.867	2.741	2.867	3.671	2.543	3.167	2.64278	1247749.0	1419483.508407
sub-0184	2.462	2.636	2.601	2.251	3.25	2.83	2.611	2.608	2.51	2.358	2.613	2.231	2.536	2.838	2.789	2.655	2.682	2.772	2.373	2.011	2.309	2.551	2.749	2.503	2.684	2.347	2.784	2.355	2.824	2.648	2.635	3.694	2.718	2.839	2.58417	1267045.0	1583717.934061
sub-0185	2.531	2.489	2.513	1.877	3.809	2.705	2.484	2.581	2.721	2.323	2.58	1.994	2.363	2.746	2.727	2.421	2.683	2.575	2.38	1.803	2.205	2.56	2.614	2.425	2.774	2.231	2.624	2.271	2.802	2.587	2.574	3.785	2.608	3.06	2.49906	1255090.0	1652330.028091
sub-0186	2.501	2.476	2.531	2.198	2.769	2.742	2.516	2.622	2.262	2.333	2.606	2.386	2.419	2.793	2.997	2.444	2.624	2.607	2.479	1.964	2.241	2.27	2.589	2.524	2.707	2.378	2.695	2.223	2.813	2.618	2.789	3.548	2.728	2.962	2.52617	1149252.0	1512209.915563
sub-0187	2.439	3.19	2.513	2.285	3.696	2.696	2.564	2.782	2.453	2.429	2.793	2.282	2.575	2.856	2.861	2.425	2.608	2.85	2.579	1.833	2.251	2.625	2.632	2.66	3.195	2.332	2.828	2.445	2.904	2.668	3.26	3.816	2.671	3.275	2.61615	1342404.0	1767804.677934
sub-0188	2.493	2.334	2.509	1.957	3.068	2.692	2.581	2.611	2.217	2.165	2.693	2.123	2.471	2.872	2.292	2.442	2.684	2.776	2.624	1.672	2.208	2.487	2.688	2.519	2.706	2.277	2.775	2.33	2.808	2.743	2.489	3.632	2.371	3.092	2.5185	1111473.0	1476345.936567
sub-0189	2.738	3.06	2.795	2.197	3.391	2.868	2.577	2.9	2.533	2.421	2.901	2.447	2.465	3.125	2.847	2.657	2.876	2.757	2.47	1.779	2.221	2.524	2.789	2.62	3.199	2.451	2.936	2.435	2.988	2.757	2.721	3.278	2.552	2.88	2.68336	1123761.0	1313718.823216
sub-0190	2.51	2.883	2.469	1.944	3.453	2.82	2.612	2.685	2.251	2.223	2.717	2.156	2.421	2.804	3.098	2.464	2.574	2.545	2.408	1.747	2.001	2.68	2.552	2.575	2.945	2.261	2.569	2.165	2.682	2.64	2.715	3.308	2.579	3.045	2.499	1020852.0	1151732.153181
sub-0191	2.706	2.73	2.43	2.091	3.535	2.819	2.459	2.807	2.455	2.349	2.779	2.351	2.586	2.764	3.14	2.393	2.584	2.663	2.334	1.953	2.084	2.362	2.501	2.473	2.918	2.339	2.597	2.225	2.664	2.505	2.491	3.594	2.541	3.0	2.51192	1246126.0	1388287.289127
sub-0192	2.629	2.757	2.361	1.981	3.328	2.703	2.571	2.737	2.156	2.282	2.651	2.194	2.46	2.727	2.936	2.519	2.604	2.491	2.412	1.632	2.062	2.474	2.556	2.485	2.872	2.346	2.6	2.3	2.774	2.691	2.823	3.126	2.527	3.068	2.49789	1081319.0	1162406.586257
sub-0193	2.645	2.827	2.438	2.057	2.815	2.91	2.512	2.752	2.377	2.222	2.655	2.255	2.614	2.887	2.965	2.386	2.613	2.525	2.346	1.824	1.942	2.471	2.489	2.419	2.676	2.238	2.591	2.225	2.96	2.566	2.586	3.504	3.07	3.062	2.49966	1266662.0	1332789.425083
sub-0194	2.609	2.763	2.531	2.135	3.165	2.742	2.605	2.706	2.224	2.379	2.768	2.176	2.684	2.885	3.014	2.507	2.686	2.501	2.411	1.797	2.15	2.489	2.611	2.535	2.991	2.419	2.665	2.43	2.841	2.774	2.862	2.708	2.843	3.014	2.56459	1067063.0	1285366.890815
sub-0195	2.929	2.868	2.64	2.233	3.019	2.652	2.681	2.809	2.709	2.359	2.874	2.402	2.567	2.927	3.009	2.715	2.867	2.689	2.593	1.975	2.316	2.575	2.823	2.582	3.124	2.381	2.92	2.443	3.009	2.856	3.274	3.502	2.925	3.005	2.66639	1105382.0	1243040.5666
sub-0196	2.548	2.934	2.626	2.189	3.246	2.966	2.698	3.058	2.292	2.542	2.831	2.335	2.695	3.086	2.543	2.743	2.754	2.644	2.568	1.898	2.163	2.799	2.885	2.756	3.253	2.478	2.994	2.396	2.925	2.791	2.633	3.392	3.07	3.337	2.71558	1088853.0	1489571.166021
sub-0197	2.557	2.619	2.597	1.965	3.725	2.59	2.565	2.733	2.384	2.217	2.736	2.021	2.891	2.879	2.694	2.576	2.641	2.951	2.558	1.831	2.128	2.51	2.662	2.51	2.961	2.403	2.621	2.321	2.71	2.621	3.045	2.947	2.477	3.055	2.53787	1088199.0	1416704.752566
sub-0198	2.479	2.536	2.468	1.987	3.224	2.703	2.481	2.81	2.341	2.286	2.659	1.996	2.655	2.786	2.857	2.396	2.638	2.621	2.525	1.625	2.088	2.383	2.504	2.314	3.45	2.304	2.495	2.108	2.693	2.609	2.849	3.647	2.736	3.225	2.48046	1161078.0	1383827.423432
sub-0199	2.584	2.889	2.606	1.947	2.836	2.495	2.474	2.544	2.262	2.148	2.571	2.068	2.464	2.626	2.604	2.298	2.606	2.337	2.533	1.645	2.033	2.399	2.508	2.367	2.775	2.31	2.604	2.239	2.617	2.624	2.708	3.011	2.698	2.851	2.42679	1069053.0	1233451.763895
sub-0200	2.186	2.56	2.34	1.945	3.179	2.458	2.333	2.419	2.498	2.13	2.788	2.019	3.25	2.619	2.571	2.21	2.41	2.717	2.501	1.61	2.051	2.718	2.436	2.323	2.964	2.466	2.696	2.098	2.608	2.471	3.303	3.064	2.312	3.072	2.40987	1038970.0	1173940.763711
sub-0201	2.842	2.652	2.56	1.717	3.267	2.793	2.541	2.646	2.594	2.22	2.688	2.101	2.437	2.871	2.76	2.588	2.685	2.776	2.563	1.509	2.17	2.504	2.651	2.496	2.664	2.458	2.851	2.355	2.886	2.651	2.739	3.491	2.54	2.952	2.55031	1177150.0	1545884.798646
sub-0202	2.271	2.905	2.423	2.144	3.648	2.796	2.451	2.805	2.291	2.333	2.569	2.163	2.645	2.77	2.966	2.318	2.548	2.678	2.371	1.897	1.981	2.393	2.504	2.404	2.735	2.309	2.674	2.295	2.705	2.395	2.866	3.737	2.493	3.107	2.48736	1218075.0	1521786.356362
sub-0203	2.542	2.69	2.614	2.087	3.65	2.762	2.574	2.64	2.271	2.343	2.663	2.162	2.57	2.694	2.786	2.572	2.503	2.838	2.451	1.926	2.217	2.409	2.675	2.519	3.359	2.358	2.716	2.349	2.676	2.511	2.902	3.34	2.67	3.041	2.54122	1053666.0	1041570.907857
sub-0204	2.587	2.363	2.475	1.92	3.089	2.576	2.508	2.833	2.545	2.132	2.368	2.227	2.556	2.822	2.241	2.218	2.688	2.34	2.36	1.785	1.996	2.303	2.581	2.496	2.698	2.266	2.65	2.151	2.742	2.605	2.657	3.405	2.14	3.034	2.45607	1237737.0	1446981.337919
sub-0205	2.694	2.652	2.599	2.002	3.096	2.703	2.573	2.81	2.279	2.321	2.628	2.3	2.536	2.919	2.983	2.634	2.691	2.458	2.654	1.861	2.076	2.546	2.7	2.559	2.963	2.351	2.776	2.275	2.816	2.532	2.8	3.559	2.536	2.852	2.55758	1084128.0	1209532.464622
sub-0206	2.593	2.489	2.587	2.059	3.768	2.806	2.512	2.582	2.184	2.196	2.49	2.118	2.409	2.646	2.835	2.487	2.644	2.741	2.315	1.795	2.131	2.388	2.598	2.444	2.768	2.312	2.725	2.223	2.83	2.585	2.537	3.545	2.544	2.938	2.49399	1163249.0	1381212.6498
sub-0207	2.659	2.773	2.572	1.8	2.977	2.747	2.668	2.772	2.439	2.25	2.608	2.139	2.307	2.881	3.143	2.541	2.64	2.596	2.518	1.689	2.221	2.542	2.631	2.449	2.919	2.395	2.736	2.209	2.933	2.709	2.371	3.759	2.591	2.869	2.54596	1129949.0	1220692.410509
sub-0208	2.496	2.678	2.595	2.203	4.084	2.786	2.521	2.71	2.258	2.291	2.714	2.216	2.514	2.761	2.91	2.524	2.636	2.817	2.553	1.809	2.116	2.496	2.754	2.576	2.769	2.411	2.787	2.333	3.005	2.688	2.822	3.83	2.531	3.105	2.5936	1211414.0	1447359.780846
sub-0209	2.592	2.65	2.538	2.094	3.592	2.895	2.507	2.811	2.452	2.306	2.681	2.157	2.618	2.737	2.95	2.442	2.548	2.86	2.492	1.741	2.155	2.492	2.604	2.484	3.192	2.382	2.698	2.237	2.781	2.584	2.985	3.908	2.479	3.107	2.54522	1054415.0	1170960.651366
sub-0210	2.521	2.629	2.467	2.221	3.138	2.672	2.549	2.802	2.453	2.22	2.815	2.285	2.612	2.832	3.349	2.557	2.608	3.029	2.439	1.782	2.077	2.48	2.483	2.557	2.655	2.306	2.631	2.25	2.703	2.555	2.422	3.645	2.466	2.938	2.51562	1100164.0	1216146.373715
sub-0211	2.487	2.447	2.571	2.006	3.623	2.722	2.557	2.761	2.328	2.239	2.783	2.09	2.656	2.91	3.233	2.602	2.72	2.644	2.535	1.76	2.06	2.531	2.64	2.505	3.171	2.431	2.804	2.279	2.832	2.528	2.842	3.363	2.64	3.143	2.56122	1093112.0	1404315.885957
sub-0212	2.563	2.402	2.572	1.99	3.305	2.709	2.671	2.743	2.523	2.234	2.863	2.177	2.568	2.895	3.124	2.491	2.738	2.719	2.564	1.842	2.273	2.399	2.757	2.48	3.472	2.392	2.81	2.311	2.746	2.662	2.952	3.51	2.297	3.031	2.57823	1000914.0	1190722.360776
sub-0213	2.59	2.78	2.68	2.229	3.403	2.853	2.741	2.857	2.557	2.335	2.945	2.291	2.657	2.877	3.305	2.568	2.866	2.859	2.705	1.805	2.313	2.642	2.738	2.786	2.923	2.566	2.883	2.611	2.921	2.757	2.8	3.589	2.837	3.418	2.69768	1331382.0	1694139.422312
sub-0214	2.495	2.608	2.509	2.137	3.164	2.764	2.572	2.369	2.368	2.229	2.929	2.289	2.759	2.729	2.817	2.541	2.616	2.665	2.506	1.892	2.125	2.382	2.682	2.459	3.148	2.422	2.892	2.296	2.661	2.573	3.098	3.173	2.363	3.052	2.53818	1238617.0	1571735.586718
sub-0215	2.251	3.029	2.649	1.902	3.281	2.822	2.407	2.736	2.422	2.247	2.812	2.14	2.907	2.696	3.213	2.465	2.641	2.626	2.436	1.849	2.141	2.581	2.5	2.399	3.288	2.328	2.877	2.198	2.606	2.471	3.227	3.847	2.407	3.205	2.51657	947249.0	1203225.534668
sub-0216	2.464	2.855	2.454	1.905	3.35	2.666	2.479	2.697	2.335	2.081	2.742	2.154	2.39	2.844	2.547	2.284	2.585	2.593	2.491	1.617	2.109	2.452	2.624	2.31	2.909	2.393	2.663	2.172	2.933	2.566	2.638	3.602	2.712	3.184	2.48707	1097996.0	1187253.773448
