Measure:mean	Left-Lateral-Ventricle	Left-Inf-Lat-Vent	Left-Cerebellum-White-Matter	Left-Cerebellum-Cortex	Left-Thalamus-Proper	Left-Caudate	Left-Putamen	Left-Pallidum	3rd-Ventricle	4th-Ventricle	Brain-Stem	Left-Hippocampus	Left-Amygdala	CSF	Left-Accumbens-area	Left-VentralDC	Left-vessel	Left-choroid-plexus	Right-Lateral-Ventricle	Right-Inf-Lat-Vent	Right-Cerebellum-White-Matter	Right-Cerebellum-Cortex	Right-Thalamus-Proper	Right-Caudate	Right-Putamen	Right-Pallidum	Right-Hippocampus	Right-Amygdala	Right-Accumbens-area	Right-VentralDC	Right-vessel	Right-choroid-plexus	5th-Ventricle	WM-hypointensities	Left-WM-hypointensities	Right-WM-hypointensities	non-WM-hypointensities	Left-non-WM-hypointensities	Right-non-WM-hypointensities	Optic-Chiasm	CC_Posterior	CC_Mid_Posterior	CC_Central	CC_Mid_Anterior	CC_Anterior
sub-0001	20.4759	34.2942	87.1831	54.6337	83.5436	69.4622	73.6278	95.7103	26.4847	22.4487	83.2908	56.2249	54.7446	37.9261	63.719	88.5119	52.6029	47.0202	22.2461	36.782	86.3508	53.6889	82.5909	68.8397	72.7951	93.5427	57.3384	55.6703	64.3346	88.5964	53.2143	47.6978	0.0	69.7336	0.0	0.0	0.0	0.0	0.0	68.2246	102.6687	96.5919	99.4449	102.2183	106.7143
sub-0002	22.2817	39.9	85.8564	58.9127	83.9569	72.4853	79.0729	93.5061	29.5868	27.4383	83.0758	61.4007	59.2572	41.9305	66.2673	87.9034	57.5	47.6737	22.5589	31.3515	85.3923	57.1276	82.6797	70.9052	78.2497	92.7001	58.865	58.9192	67.7689	87.3256	57.0	46.004	0.0	66.2434	0.0	0.0	0.0	0.0	0.0	71.3961	99.0347	91.4831	91.4761	97.9488	101.3681
sub-0003	22.675	34.7572	85.3634	59.5372	81.278	68.1619	74.9906	92.7183	35.8	25.9205	83.7188	58.6796	55.6831	40.4123	62.4862	87.2634	46.3333	47.4887	28.7428	25.3205	84.9798	57.4734	82.3317	67.3043	74.4478	92.535	58.1308	55.902	63.6821	87.819	45.3571	50.8927	0.0	66.3592	0.0	0.0	0.0	0.0	0.0	73.9	98.6965	92.183	94.995	96.2068	101.5365
sub-0004	22.2523	38.3759	82.8338	55.1798	84.6136	71.7929	79.7617	95.8084	34.6769	22.2626	82.8131	60.1694	59.02	35.3658	66.936	89.4641	50.977	49.5409	20.7547	36.4545	82.9384	54.2239	83.2706	71.6552	77.944	93.1626	59.2149	59.621	68.4131	88.7031	50.0	46.7607	0.0	68.1404	0.0	0.0	0.0	0.0	0.0	76.6792	104.039	91.1339	94.905	99.5103	103.1545
sub-0005	24.1612	36.7391	85.6826	57.2252	82.09	68.1718	73.1027	89.9972	28.5327	21.6936	82.8759	58.5987	55.9372	37.4042	62.4291	87.6986	54.8125	54.4073	26.6331	27.976	84.401	54.8429	79.4636	67.9539	73.3004	89.4614	56.3121	55.4497	64.6433	85.7379	49.5	50.7401	0.0	66.5583	0.0	0.0	0.0	0.0	0.0	67.0637	97.8229	90.8636	91.5063	94.7933	103.0623
sub-0006	29.2406	30.8611	87.9451	58.1419	83.715	72.4046	80.5258	97.3298	27.1153	19.9753	82.5402	60.088	57.3316	34.0067	66.5964	87.219	53.4	52.5179	28.7356	29.2659	86.8474	55.5292	81.7602	73.4382	80.4458	97.5881	58.108	56.8509	68.1926	87.152	59.4286	53.3987	0.0	67.3342	0.0	0.0	0.0	0.0	0.0	71.0244	102.277	100.4718	97.1575	97.1289	103.5569
sub-0007	18.6915	34.7024	84.2843	56.7105	82.7715	68.5827	76.2995	96.878	28.454	19.6685	83.3268	59.94	59.0446	36.208	66.6869	88.4953	49.95	48.7153	16.483	35.1263	85.1467	55.8427	81.2482	68.4369	75.8223	96.2224	59.6211	60.1644	67.6341	88.7008	38.8333	46.6443	0.0	65.412	0.0	0.0	0.0	0.0	0.0	73.3548	99.9184	89.0293	94.496	97.7654	99.1453
sub-0008	26.5404	42.7033	86.5264	57.686	85.1751	71.9471	78.1856	95.3288	35.7687	21.3866	84.7662	62.685	58.83	39.8648	64.7106	90.2316	54.0	49.6481	27.5749	33.3401	86.3801	56.5236	83.9014	71.4548	76.8519	93.9729	60.2501	59.4033	65.4959	89.2891	49.75	49.7812	0.0	64.4387	0.0	0.0	0.0	0.0	0.0	67.0593	101.562	92.5596	96.7722	100.7153	102.8045
sub-0009	21.5573	38.7844	85.2963	54.4782	83.3247	69.7309	73.2367	92.9038	31.1014	21.9684	84.2136	58.6612	56.3837	41.6219	64.0163	87.9589	45.0526	46.1452	22.7669	27.1587	86.1758	54.2415	81.9011	69.3987	72.7917	93.3926	56.2518	56.7725	64.9584	88.3676	53.25	46.3828	0.0	68.4546	0.0	0.0	81.0	0.0	0.0	73.6134	102.5286	90.4194	97.3878	100.8583	103.8768
sub-0010	26.2577	35.164	85.4468	56.882	81.9796	69.6555	73.7063	93.2905	33.0967	23.1566	83.4626	59.512	56.7901	38.6736	64.4582	89.2742	48.5273	50.9186	33.9967	34.4414	85.5224	56.0617	83.4482	70.5816	73.4439	94.6244	58.2098	57.2954	64.7393	88.5543	49.1667	50.283	0.0	66.3893	0.0	0.0	0.0	0.0	0.0	70.5041	102.5792	100.451	95.7958	95.7666	105.1887
sub-0011	29.5999	32.8061	83.7222	56.2987	83.7752	71.7239	76.2931	92.522	40.257	19.408	81.4592	58.0231	55.4363	37.3123	65.1669	86.7983	52.6	52.976	31.1884	27.8571	83.6582	54.9695	81.501	70.8904	76.0386	93.7012	56.8076	56.1659	66.6452	86.4249	0.0	54.9752	0.0	67.4675	0.0	0.0	0.0	0.0	0.0	73.4314	102.1165	95.4633	94.4182	96.275	103.6452
sub-0012	20.3096	38.2837	84.4197	55.8532	84.1645	71.3732	80.0431	96.763	33.3333	19.3813	82.8548	60.656	59.0507	34.2226	67.0611	88.4679	52.6667	48.2094	18.8944	34.8981	84.6401	54.0454	83.1337	71.6617	78.7554	95.662	58.5194	58.0654	67.8428	87.5353	53.7143	48.1751	0.0	69.3222	0.0	0.0	0.0	0.0	0.0	68.461	101.1854	90.1031	96.1691	100.8629	102.6129
sub-0013	24.9953	40.6858	85.2337	55.7016	79.307	70.1818	75.0869	92.6759	26.2464	23.4266	83.8286	57.5352	57.5993	33.5486	65.3095	85.1723	50.9783	46.7548	25.6866	32.9113	84.4572	53.0919	78.6571	69.2729	74.9414	92.1366	55.6224	57.5074	64.9111	85.3191	43.0667	46.8318	0.0	65.332	0.0	0.0	0.0	0.0	0.0	65.2613	99.6255	93.8847	92.5741	97.8692	104.1973
sub-0014	23.6856	35.9324	84.3409	53.0804	79.4324	68.6936	73.4824	91.6376	28.3038	15.5866	82.1066	55.87	53.782	30.3426	62.14	86.6252	52.3	48.2711	24.8953	34.1053	85.1628	52.5688	78.969	67.9055	72.5865	91.0117	55.3475	53.7916	63.6183	85.4717	44.8889	51.5345	0.0	67.3261	0.0	0.0	0.0	0.0	0.0	72.8	102.7635	94.2344	96.8489	99.1185	104.3811
sub-0015	28.6042	32.0731	86.1914	58.9839	83.9098	69.2073	75.8083	93.8756	33.7104	21.8962	84.0261	59.0226	57.1774	39.1875	64.8693	87.5698	50.0769	51.5599	26.0562	32.5501	85.485	57.6076	82.7646	69.5647	75.3644	94.3636	58.3993	56.8591	66.893	87.203	47.3333	47.46	0.0	65.4062	0.0	0.0	0.0	0.0	0.0	70.065	95.8106	92.574	93.1552	92.8183	105.5089
sub-0016	22.8788	38.1481	85.0722	57.841	79.5244	70.5657	76.4125	91.8918	33.5088	20.7681	83.0937	59.3879	58.2291	42.775	63.6484	86.8581	51.3333	50.7675	23.9131	29.5783	86.9467	56.6018	80.2739	70.6151	75.9279	92.2901	57.7711	55.4863	65.8774	85.6365	48.9655	50.256	0.0	66.0698	0.0	0.0	0.0	0.0	0.0	65.9926	96.3909	89.6335	94.765	95.3148	99.6412
sub-0017	22.4693	33.8007	86.1608	56.3699	81.0304	68.1094	75.3114	92.9333	25.885	19.7873	82.1772	57.4019	55.2502	35.0342	63.7083	86.6009	54.2	48.8407	25.4568	30.2698	84.8371	53.7596	80.5155	67.3188	74.2874	91.6393	56.6742	54.8317	64.7267	85.5885	45.5714	48.5879	0.0	66.4944	0.0	0.0	0.0	0.0	0.0	64.6312	99.3012	94.3431	94.4712	97.1914	102.1797
sub-0018	20.7394	38.7597	84.2939	53.9728	84.4264	72.0716	80.0323	98.9302	28.8726	22.2302	83.2626	58.6245	57.0592	33.8097	67.7962	89.5463	53.2895	50.8366	21.3354	25.209	84.9362	54.1078	85.0442	74.2443	78.6947	98.0334	55.7761	57.9741	69.2422	88.8834	59.6923	48.3037	0.0	69.9374	0.0	0.0	0.0	0.0	0.0	77.3107	102.5006	88.5948	97.5164	100.2121	105.8554
sub-0019	25.891	32.3976	84.4035	55.9491	82.396	69.9984	76.884	93.1799	34.3694	23.697	82.9224	56.7357	58.3573	35.8316	65.7956	87.9303	49.4615	54.0154	23.0038	36.0842	84.3417	54.8331	80.836	69.4053	76.3996	92.6488	57.4772	57.6409	66.8234	87.6534	58.6667	51.682	0.0	65.4708	0.0	0.0	0.0	0.0	0.0	83.1846	98.4646	89.739	98.0021	95.5438	104.1623
sub-0020	28.9399	33.2593	83.4998	56.4287	80.738	72.1635	77.1055	93.4146	33.712	22.8067	83.0901	58.9909	57.8258	34.9458	66.2532	87.4911	48.0847	52.8056	24.5964	35.019	84.6378	56.4175	82.0183	72.5556	77.7235	93.8955	59.0633	58.8478	67.4826	88.3592	42.8039	52.0154	0.0	66.0693	0.0	0.0	0.0	0.0	0.0	68.7127	100.1408	91.1174	92.4292	99.5658	103.0552
sub-0021	19.7617	35.8063	86.7649	56.2484	83.1892	69.0429	75.4026	93.5428	26.2065	21.6245	81.554	60.556	58.1487	34.8844	62.058	88.0963	55.4375	49.106	18.5119	30.9115	84.4294	53.4624	79.1795	69.137	74.014	91.5107	56.8362	55.1213	64.7571	85.7621	50.2105	44.4856	0.0	66.9247	0.0	0.0	0.0	0.0	0.0	67.6424	104.5429	90.8049	92.0283	96.4679	105.5437
sub-0022	27.8671	41.5616	83.374	58.1314	84.1787	72.3827	79.0685	94.9771	33.232	20.5966	81.6342	62.0602	60.1915	41.5202	65.5372	88.5887	57.0588	50.3455	21.9963	38.9082	81.7858	55.6776	81.673	70.9258	77.1169	93.2442	59.5852	52.4938	67.3474	86.3724	56.25	47.5117	0.0	66.677	0.0	0.0	0.0	0.0	0.0	61.7801	98.3527	84.4181	89.3361	89.5411	102.8499
sub-0023	18.8805	35.8542	84.0349	54.1826	82.7833	70.3397	76.5209	94.9551	31.0924	21.2662	81.6313	58.2844	57.0065	31.9504	65.1814	87.9797	53.7143	46.5786	23.2336	26.6128	83.8815	53.165	82.1464	69.5971	75.6032	93.5151	57.208	57.2928	66.2402	87.2353	51.1875	51.0109	0.0	61.7333	0.0	0.0	0.0	0.0	0.0	71.3669	103.2591	95.6966	93.4006	99.0401	103.3634
sub-0024	22.8199	40.2962	86.6384	60.2289	78.6765	70.3659	76.1169	93.165	26.9545	24.353	83.5795	61.0324	58.4501	35.3682	66.4434	85.9543	42.4444	47.2762	20.9706	36.2941	86.5154	57.8593	78.5434	68.88	74.5706	91.354	58.0071	56.7288	66.3863	84.2871	42.7895	46.9225	0.0	68.8251	0.0	0.0	0.0	0.0	0.0	65.162	97.384	87.6087	86.52	88.4942	101.0763
sub-0025	21.7251	35.0767	84.56	55.9692	81.5802	67.4699	74.2017	91.8467	26.9008	19.6425	82.2315	58.251	57.6009	32.3824	62.9388	87.6435	43.2857	49.1522	27.1429	24.5581	83.3557	54.1003	81.2458	67.7755	73.5247	91.6858	55.8017	57.6772	64.9807	87.5058	41.3929	50.7006	0.0	66.9253	0.0	0.0	0.0	0.0	0.0	70.7133	100.5515	93.2816	95.3418	97.2671	106.5956
sub-0026	19.5634	36.5088	84.976	55.7947	80.2483	66.2845	72.3043	90.9461	27.5618	19.1759	81.9175	57.1602	55.2563	33.597	59.8427	85.6068	46.4	47.3514	18.7214	24.752	84.8896	54.5806	79.4971	66.4154	71.7239	90.26	54.979	53.335	62.2829	84.7749	48.4167	47.3132	0.0	64.2991	0.0	0.0	0.0	0.0	0.0	71.5833	101.2707	90.5535	93.4492	96.3099	100.5778
sub-0027	24.5754	38.8125	85.3064	57.1298	82.2365	70.8829	76.8606	94.256	38.1773	21.0868	83.8979	58.757	55.2513	37.5789	66.8713	88.5391	55.0769	53.9585	28.1304	39.1401	85.0428	54.6445	81.7127	71.9196	76.0863	94.2584	57.5903	56.5191	67.3263	89.4034	46.3571	48.3647	0.0	60.8173	0.0	0.0	0.0	0.0	0.0	71.4653	101.3878	93.0405	96.0556	98.3693	107.8059
sub-0028	14.6579	33.0629	88.9475	58.645	83.0329	66.9334	74.3331	96.1848	29.6084	27.8807	84.0571	59.2521	59.0249	37.212	61.8349	89.2319	42.0342	41.9421	14.9494	32.9232	87.5275	56.3593	81.0295	65.413	72.5031	94.7389	57.9566	57.286	62.6733	88.3193	36.6197	41.5461	0.0	66.9933	0.0	0.0	0.0	0.0	0.0	75.4737	92.8484	91.1381	95.5851	95.9415	97.8706
sub-0029	17.7349	36.4718	84.1843	54.1103	83.0104	68.6724	73.9845	92.2758	28.3278	15.9506	83.0624	59.8752	57.0071	35.4676	60.8558	88.2025	55.6667	45.2975	19.3336	30.0586	83.6681	52.6567	80.3381	67.4014	72.4656	90.7279	57.1774	57.0912	62.8669	87.0282	51.625	46.2865	0.0	65.8507	0.0	0.0	0.0	0.0	0.0	71.7669	99.4024	94.1031	96.7221	100.9591	102.1418
sub-0030	23.0629	37.708	86.3279	58.7789	79.3583	67.3192	74.1152	90.5844	31.6744	23.8347	83.4706	60.3182	58.7823	35.8012	63.4271	88.0823	50.7188	46.3127	25.7011	32.7125	85.9103	56.9539	78.578	68.1215	73.2912	89.9497	59.0534	56.1809	64.303	86.3161	55.8095	47.9783	0.0	67.4344	0.0	0.0	0.0	0.0	0.0	69.2786	97.9609	91.6716	91.851	90.6011	101.7942
sub-0031	25.04	40.3648	85.0437	55.9832	83.9789	70.8837	77.398	94.8277	30.5712	20.7514	82.3789	59.1376	57.3276	37.9204	65.2	88.1923	53.6154	49.2959	22.1578	37.4297	84.6649	54.3556	83.6286	69.3944	76.8273	94.7489	57.6709	57.1353	65.8245	88.019	49.9412	45.1724	0.0	63.2431	0.0	0.0	0.0	0.0	0.0	76.1429	102.2272	95.3499	93.9537	94.5367	103.1751
sub-0032	20.0611	38.9034	84.3268	57.1491	84.5814	70.6658	78.9192	95.9223	31.0	24.4956	82.7295	61.2592	57.3057	40.5872	65.0063	88.1434	54.8776	47.0369	24.4555	36.7659	84.2043	55.4474	83.704	71.4967	77.8464	95.4575	59.8684	58.1729	67.8204	86.3089	54.5294	48.6026	0.0	67.8629	0.0	0.0	0.0	0.0	0.0	69.3846	99.97	91.4384	95.6775	98.3933	99.4588
sub-0033	21.4936	43.1338	86.4983	57.5223	83.4255	70.6654	76.6871	91.08	33.6006	20.9975	83.7462	60.9096	59.9749	38.4512	63.9905	86.9447	49.3529	51.0791	20.6944	39.4822	85.3264	56.177	80.9405	70.0936	76.0685	91.6471	59.1595	58.0557	64.1685	86.0687	51.3125	51.0686	0.0	67.5375	0.0	0.0	0.0	0.0	0.0	73.3664	103.0724	91.4066	96.0123	97.9342	101.4966
sub-0034	21.7041	39.2911	84.0912	55.4273	83.9997	72.2944	79.9283	97.022	30.7924	17.8498	82.7572	61.7105	59.5457	30.9265	67.6136	89.4135	52.2222	46.7608	20.4609	35.8375	83.6673	54.3334	82.7941	72.1147	79.4753	96.0048	61.1265	60.9167	68.766	89.5496	54.45	45.6583	0.0	65.1401	0.0	0.0	0.0	0.0	0.0	77.4604	102.2	92.2424	91.4884	95.8701	102.4232
sub-0035	22.1536	38.5955	83.0882	53.6646	83.8827	72.3089	79.1823	96.1614	31.6691	17.434	83.2671	59.1248	58.8172	36.4852	65.9134	88.8392	49.0	53.6327	23.6009	29.5433	81.4169	51.1479	83.8501	71.8656	78.4316	95.5521	58.5523	57.3479	68.0026	89.4542	43.5714	50.2045	0.0	71.4551	0.0	0.0	0.0	0.0	0.0	80.1803	104.5394	93.3671	95.1526	103.4288	103.3463
sub-0036	26.691	36.5114	83.3901	55.9647	82.2491	68.6839	73.8429	91.7803	33.394	19.3627	83.3099	60.1713	57.3756	36.2815	63.2123	88.8667	52.1818	49.0054	26.6492	34.355	81.2867	52.1547	82.0418	68.578	74.7015	92.938	57.5889	58.0015	64.8189	86.2859	51.875	49.3216	0.0	66.6568	0.0	0.0	0.0	0.0	0.0	66.6716	101.0882	98.5722	96.4738	101.3225	101.7131
sub-0037	29.9216	31.8785	84.0507	55.9237	81.9386	72.0904	75.7277	94.6669	35.5514	22.6265	81.4254	57.5213	57.0619	37.5315	65.4978	85.262	39.1667	53.9922	28.0436	31.4173	84.0669	54.19	82.2322	72.2752	75.662	94.4196	57.391	58.6033	66.1186	84.8439	40.0	49.8248	0.0	67.1201	0.0	0.0	0.0	0.0	0.0	66.6239	102.5143	94.458	92.8698	99.2432	106.153
sub-0038	27.8093	38.3408	84.5774	57.7842	82.0444	70.7114	76.4284	92.1699	36.4815	26.2942	82.4165	59.9854	58.2804	38.7046	66.0518	84.7975	52.5	49.0301	29.647	40.7176	82.4281	54.5679	82.2132	71.7742	75.3508	90.9768	58.3311	58.5273	67.0351	85.2356	48.6667	49.7213	0.0	69.6226	0.0	0.0	0.0	0.0	0.0	67.3287	98.9803	93.6595	91.3289	91.174	104.1764
sub-0039	24.0513	38.625	86.0549	59.1366	85.2921	73.5071	79.8405	96.6674	36.3333	21.6796	84.977	61.2503	58.0417	40.8084	68.9235	88.8021	0.0	46.2505	27.0847	35.2772	85.2268	56.1351	85.7604	73.5856	80.2537	95.6522	60.3796	59.9078	69.8661	88.7091	53.2	49.4221	0.0	68.5938	0.0	0.0	0.0	0.0	0.0	80.2443	101.0846	96.442	94.0059	95.1837	108.1841
sub-0040	19.4277	34.6414	84.1931	56.5993	82.0212	67.3919	75.0819	93.5743	22.7004	20.8125	81.9386	58.5266	56.9105	29.9831	63.4585	86.6608	41.3766	46.0216	17.9975	36.687	84.5318	55.5286	81.1744	66.5335	74.028	91.9695	56.8736	55.2021	64.4021	85.727	50.75	46.9213	0.0	64.313	0.0	0.0	0.0	0.0	0.0	71.433	99.8324	89.6199	96.2164	97.629	100.7314
sub-0041	29.9662	39.8239	86.0185	57.3933	83.4325	71.9292	77.0383	92.8586	30.4127	20.8289	84.4495	57.5557	59.0723	37.0083	67.7933	86.9956	53.6	51.7089	24.5204	36.2925	85.1955	54.8179	80.3129	71.4155	75.4986	90.2124	56.9271	57.0194	67.5202	87.1715	50.8	48.5887	0.0	64.4668	0.0	0.0	0.0	0.0	0.0	74.6408	101.4254	91.4369	95.3927	100.9442	106.0115
sub-0042	24.682	43.2471	85.1135	57.3778	84.3522	70.6575	77.2648	94.7555	31.7593	22.6301	83.0147	60.3549	56.2093	38.1991	65.5104	87.9128	51.8333	51.3472	25.8866	34.7553	85.9345	56.3416	82.4675	70.7163	77.4894	94.296	59.6239	57.6529	68.029	87.1189	51.4286	49.95	0.0	64.1519	0.0	0.0	0.0	0.0	0.0	70.2986	99.2529	94.2533	95.3164	93.1627	103.7992
sub-0043	28.1417	38.451	85.8292	56.1371	79.8769	70.8998	76.634	94.6544	35.5036	20.8401	82.7883	59.5999	57.8568	39.6993	63.7377	87.6703	53.6923	53.2811	25.5686	39.141	85.8551	54.4992	81.9524	70.3591	76.1144	92.6375	57.8972	56.8833	65.2683	87.8126	54.1111	51.5839	0.0	61.4644	0.0	0.0	0.0	0.0	0.0	73.4577	97.0034	92.039	96.5064	94.6658	105.5226
sub-0044	29.5773	42.7814	85.5107	56.8858	82.0114	67.42	73.6376	88.826	37.6725	21.4358	81.1759	59.2744	54.9694	41.9009	61.439	84.3667	54.75	51.6907	27.6686	30.7801	83.5519	54.222	78.1213	68.3762	72.4548	89.1361	55.9276	54.4828	63.6129	82.5403	50.6	52.9159	0.0	67.9832	0.0	0.0	0.0	0.0	0.0	74.619	99.8102	92.9924	92.9606	96.879	104.7896
sub-0045	22.5949	37.2686	85.2801	56.8668	81.0484	66.6698	73.0551	91.8667	31.3147	19.4377	82.8876	58.0731	57.8751	31.8595	60.8206	86.8377	39.8	53.068	20.341	33.6151	84.4467	54.6806	80.1069	66.2333	72.2741	90.8776	56.8689	57.5002	63.8776	86.5698	53.1818	52.3786	0.0	67.1721	0.0	0.0	0.0	0.0	0.0	70.4878	96.5392	90.7263	96.4286	99.4275	101.6857
sub-0046	25.6919	40.4886	86.3463	56.7116	83.1427	70.6284	75.4374	93.4373	35.6528	23.1682	82.6229	59.8582	58.99	38.0013	65.1388	87.4245	54.5882	50.3097	25.3721	34.3004	84.2583	53.4431	82.0361	70.0744	74.3493	92.3901	57.616	56.3335	65.2382	86.7611	43.8158	48.353	0.0	67.126	0.0	0.0	0.0	0.0	0.0	70.2422	105.2077	91.631	98.45	99.8791	107.4865
sub-0047	24.3745	36.5189	85.9228	55.9673	84.3644	67.9942	74.0097	93.6937	27.8536	22.4425	83.1619	60.2117	57.6017	32.5223	65.511	88.5322	49.9643	52.8586	24.1996	30.1156	83.4088	53.0509	82.3594	67.7513	74.1995	93.8581	58.2056	56.8101	66.1942	88.0522	45.4828	48.6493	0.0	68.0842	0.0	0.0	0.0	0.0	0.0	69.8934	102.0538	91.2611	93.5413	93.9819	104.5256
sub-0048	17.7981	33.0721	83.6144	55.1175	80.7238	69.5181	76.0416	94.8497	29.5092	18.9124	81.7442	56.3776	57.0191	35.5488	63.6948	86.9832	45.8235	46.4699	24.2644	23.819	83.0115	53.6125	81.5244	69.8692	74.3707	93.015	56.0488	55.6403	65.2576	87.0335	46.5	51.6483	0.0	65.1807	0.0	0.0	0.0	0.0	0.0	73.3942	101.2045	94.1225	95.7309	98.165	102.5986
sub-0049	18.8277	33.1996	84.1515	56.6325	81.8759	71.7279	79.216	94.895	31.2163	20.9417	83.0002	58.8521	57.5429	38.6965	65.2072	89.1029	54.0	47.0609	19.0521	28.3914	85.1654	56.0729	81.7467	71.5075	77.9955	93.7781	58.6043	57.4394	66.8024	88.5314	49.7	46.5941	0.0	63.4582	0.0	0.0	0.0	0.0	0.0	73.45	100.5404	88.6106	97.873	100.6911	102.352
sub-0050	23.2359	32.0733	85.5233	57.3298	85.8264	73.8408	79.0718	95.424	40.9661	26.8815	82.5052	61.7406	59.0587	42.7939	67.8303	88.9753	54.7692	52.049	22.2141	32.872	86.268	56.3687	85.167	72.839	78.4947	95.3475	60.4249	57.516	68.6835	88.6229	46.0811	51.1358	0.0	67.8833	0.0	0.0	0.0	0.0	0.0	72.0364	102.4707	90.8757	94.7852	100.5444	104.4936
sub-0051	27.8206	45.4296	83.4425	53.4296	85.3549	73.3477	80.267	96.113	32.6716	18.9959	82.4055	60.7553	58.2386	38.0606	67.8849	89.1338	53.275	51.7258	24.406	31.9189	84.2552	52.6159	83.3477	72.3004	77.9719	94.6617	57.5054	55.6368	67.2833	88.4599	53.6364	51.9286	0.0	66.4657	0.0	0.0	0.0	0.0	0.0	68.6111	102.8201	96.8805	95.373	92.2862	105.6221
sub-0052	28.581	40.8269	86.3153	52.8141	83.6648	69.887	74.0035	93.1558	34.0639	20.4329	83.7531	60.1285	56.3657	35.7586	62.5925	88.3857	50.1936	54.6271	25.2359	38.2825	85.5727	51.4213	81.4028	68.0182	73.3674	92.1226	59.1235	56.9956	62.5466	87.5874	57.1429	50.3704	0.0	61.8131	0.0	0.0	0.0	0.0	0.0	70.1928	99.4404	92.5836	91.2684	92.0505	103.2885
sub-0053	23.3063	39.1618	85.1723	56.1401	79.1154	67.6813	73.3939	91.7832	29.9245	22.7165	81.6137	58.8889	54.6697	32.6572	61.5483	84.7328	52.7105	47.7368	19.8609	33.6667	85.479	55.3564	78.1554	66.56	72.1377	91.8357	57.1082	55.7024	63.2078	82.2847	49.6364	46.9631	0.0	68.1472	0.0	0.0	0.0	0.0	0.0	64.789	103.2677	88.05	90.2146	92.6886	101.5918
sub-0054	17.7578	28.456	90.8546	58.9464	80.2628	66.1694	74.7505	93.2099	21.8667	16.3788	83.4301	56.7581	58.153	28.2791	60.464	88.2335	51.2593	46.1629	18.6428	31.8505	88.702	56.0303	78.1016	66.024	72.478	91.3952	55.0028	56.3941	62.8817	87.097	49.5263	47.7338	0.0	64.0772	0.0	0.0	0.0	0.0	0.0	67.6429	99.9585	91.2144	93.0737	97.1529	100.8855
sub-0055	15.4	28.4685	85.2648	55.7936	84.4442	67.074	76.6104	96.4413	24.3355	17.7286	82.5654	56.7786	58.6148	35.441	62.105	88.5832	48.9286	44.1948	16.0362	27.6041	84.1115	53.6259	81.5529	66.2603	73.5196	93.1986	56.3955	57.0164	63.0012	88.0491	46.6429	43.6003	0.0	66.3903	0.0	0.0	0.0	0.0	0.0	67.8211	94.5918	88.9757	93.9189	97.2459	99.3621
sub-0056	21.5741	36.3831	85.0009	55.647	81.535	70.3897	74.4291	93.3665	27.7068	21.3188	82.1955	56.5495	52.3302	31.1443	64.1162	87.9609	41.0196	46.5233	20.897	25.7691	83.7443	53.3114	80.9276	69.1152	74.5287	92.915	54.4955	52.7827	64.6033	87.4125	39.1176	47.8	0.0	66.5883	0.0	0.0	0.0	0.0	0.0	66.125	102.4265	89.448	95.6725	97.6562	102.3146
sub-0057	24.8662	35.1034	84.0514	54.1969	84.3423	71.4756	77.8451	96.6103	28.7945	19.0802	82.3028	58.6946	54.302	37.2504	67.1607	86.9923	53.4	51.9779	22.6731	30.0453	84.1377	52.0125	83.4744	70.541	75.7158	95.0233	56.4822	54.5387	67.0968	86.6836	49.7333	53.1753	0.0	63.1323	0.0	0.0	0.0	0.0	0.0	75.5882	103.4339	99.8342	96.7113	102.3393	104.8172
sub-0058	26.3417	36.4289	86.5102	55.9666	81.382	69.2639	75.3228	92.7625	29.7098	21.4432	83.3292	59.1508	58.134	38.1819	64.2087	87.3246	55.875	48.9205	23.7561	32.7282	86.9642	54.9018	81.1308	70.4864	75.5622	93.2334	56.7382	57.4125	67.1547	87.465	48.127	44.6752	0.0	65.5967	0.0	0.0	0.0	0.0	0.0	71.0993	100.2358	89.2032	96.2275	95.9776	99.2554
sub-0059	31.5374	40.0311	83.6906	56.5005	84.0015	70.8919	76.4495	93.6834	38.7651	23.1249	81.7274	56.9685	57.2929	38.646	67.4286	87.9151	49.8611	55.294	28.7848	35.8842	83.4306	56.0246	83.1279	69.357	75.6186	93.2086	57.9177	57.4735	66.3457	86.4971	45.8378	51.3082	0.0	67.4265	0.0	0.0	0.0	0.0	0.0	68.4404	102.0408	96.652	92.3468	94.7535	108.3286
sub-0060	22.3406	38.6951	85.5973	56.1453	82.2165	67.9864	73.3353	92.1448	27.5247	18.8723	82.362	59.4601	54.3902	32.4653	60.7814	87.0049	46.9412	50.8502	20.2033	27.9024	84.8664	53.8316	79.468	66.2442	72.6928	92.6919	57.5285	55.3142	61.2456	87.0812	52.5625	49.1863	0.0	65.4972	0.0	0.0	0.0	0.0	0.0	65.9493	102.568	94.5833	93.5617	91.5294	100.8656
sub-0061	23.1494	39.8667	85.2808	58.0582	83.2288	70.7721	76.1273	95.937	38.0653	19.5405	82.3251	57.5109	56.8146	39.5607	66.5492	87.7365	53.4444	48.2729	27.3327	29.1319	85.7513	56.9101	80.4828	69.905	74.5642	93.6882	55.7083	55.2235	66.0591	85.4993	51.3958	52.2549	0.0	64.0507	0.0	0.0	0.0	0.0	0.0	73.812	98.1997	93.9229	91.6615	94.0942	104.3204
sub-0062	22.5622	42.3518	87.081	59.6764	84.3216	72.513	78.6235	94.71	30.3648	22.6626	83.6874	60.7228	60.1296	39.6461	66.4086	89.0907	54.2712	47.2769	23.119	37.5139	86.5273	57.6921	83.6212	72.0783	77.0411	94.2047	59.8311	58.9152	67.6866	88.2144	54.4444	49.3553	0.0	66.8685	0.0	0.0	0.0	0.0	0.0	70.4939	101.8932	93.6377	95.1271	96.4984	103.1448
sub-0063	26.8169	36.0199	83.3982	52.7149	82.3365	69.4584	73.8093	92.56	32.7606	18.2731	80.9325	57.5196	55.2086	36.0609	66.1586	85.8724	51.0824	51.8867	26.1459	35.8357	83.097	50.8731	82.4253	69.8827	74.0277	93.1534	56.0679	55.2952	65.4146	87.9955	53.5333	50.2451	0.0	69.7538	0.0	0.0	0.0	0.0	0.0	75.0246	105.1394	96.8669	94.8829	96.8989	106.7178
sub-0064	18.4956	32.8254	84.4257	54.6847	83.6577	72.6959	79.2022	95.9209	24.8877	21.8623	81.0732	57.8919	55.7502	31.7254	68.3355	89.188	57.3333	48.0517	18.984	36.9172	82.4041	51.8153	82.7023	72.2396	77.1447	95.0186	56.7884	56.1345	67.5475	89.6922	57.75	48.1271	0.0	71.856	0.0	0.0	0.0	0.0	0.0	72.7669	108.3987	93.2552	99.6324	102.3708	104.6887
sub-0065	17.8024	35.1879	85.373	54.4808	80.1173	68.5399	75.2018	90.8775	22.623	18.336	82.5939	56.1786	56.068	29.2933	65.2269	85.5134	49.9	43.4522	18.2195	31.5783	86.0014	54.5535	78.9798	68.2647	74.5924	91.4181	54.628	55.2143	68.6649	84.9437	47.3667	46.7822	0.0	68.0731	0.0	0.0	0.0	0.0	0.0	76.4661	104.419	88.0864	96.5157	99.5243	103.6597
sub-0066	24.6399	33.8173	84.5205	53.8246	80.7468	65.1454	72.9972	90.7591	35.2749	18.4956	81.4686	56.3452	57.1434	36.7562	60.1356	87.9728	54.48	52.3437	24.8667	29.7546	83.4842	52.1195	79.2382	65.8717	71.2979	88.5459	55.5386	55.0371	60.8462	84.8491	45.4348	51.8084	0.0	68.2248	0.0	0.0	0.0	0.0	0.0	71.8323	98.1116	90.3693	89.6468	93.6134	105.0476
sub-0067	23.0381	33.8837	86.0375	57.1987	83.5554	72.3568	78.8127	97.2752	31.5277	22.0257	83.3694	58.1049	57.5893	34.5232	65.5843	89.1024	54.907	50.3035	23.8595	25.2802	86.8402	56.0522	82.8464	70.6324	76.6196	95.9056	57.3227	54.0067	67.0947	88.7289	49.0	50.4334	0.0	67.3183	0.0	0.0	0.0	0.0	0.0	73.1579	101.6359	88.3174	96.1328	99.3	100.8651
sub-0068	27.1367	39.3129	85.1309	57.5089	81.948	70.1322	76.5053	94.1655	30.3142	22.0448	83.0795	57.5899	58.2589	33.3918	65.7672	88.201	54.5333	50.1658	26.5959	31.8173	85.2354	55.7832	80.8924	69.4413	74.8232	95.9286	57.7889	57.4876	66.2148	88.1986	49.0	48.7412	0.0	66.4754	0.0	0.0	0.0	0.0	0.0	70.8571	101.5742	92.7052	96.191	97.4053	105.9967
sub-0069	26.5835	38.1168	85.0621	58.5765	84.8725	73.5755	78.8898	94.3891	30.928	19.711	83.0545	60.6789	58.5937	35.5032	66.805	87.5217	42.1538	51.8588	27.0716	29.96	85.394	55.5081	83.5318	73.6502	77.6484	93.5038	60.0304	58.4094	68.0655	87.7153	53.5556	50.46	0.0	68.7538	0.0	0.0	0.0	0.0	0.0	73.1322	103.8739	94.9959	96.3278	98.5765	101.8241
sub-0070	23.9039	41.1791	87.4133	58.018	85.0222	70.4352	77.8798	93.0617	29.7472	22.8938	85.1161	62.0416	61.8818	37.5078	67.6	89.5349	48.3333	49.1368	22.3563	32.6145	87.5109	56.4618	84.5342	71.364	77.3721	93.0319	61.2688	61.824	68.374	90.1455	47.2581	50.0557	0.0	67.3108	0.0	0.0	0.0	0.0	0.0	72.0789	99.7167	91.1252	96.03	95.8639	102.2869
sub-0071	24.327	36.1062	84.9215	56.0582	79.8953	68.253	76.0554	92.4875	32.5837	21.7693	83.4893	57.8335	55.6757	35.6638	64.0452	85.69	51.8621	47.9811	28.3978	27.9983	86.047	54.8187	83.0993	68.1324	75.1467	90.9062	56.4791	56.5128	65.6591	86.1646	44.6316	49.4455	0.0	66.003	0.0	0.0	0.0	0.0	0.0	70.1154	97.2573	90.4197	95.5605	97.2427	109.172
sub-0072	17.3417	38.6975	83.9011	55.9665	80.2363	67.937	74.8292	95.2539	29.0287	22.5977	80.9167	57.1175	56.8967	30.7795	62.7	86.3188	56.5938	45.3796	17.4585	36.2341	82.1141	52.9488	80.4418	66.8288	73.4299	92.909	56.0392	57.2326	63.7381	85.4394	48.7778	46.706	0.0	64.3336	0.0	0.0	0.0	0.0	0.0	77.4207	98.972	88.6411	96.7064	99.5529	100.5083
sub-0073	19.812	35.2209	84.9353	54.6994	82.18	71.68	76.1087	94.1953	31.3512	18.8674	81.3138	58.5298	55.8597	39.9938	66.4903	86.4653	54.1667	48.42	24.3923	32.116	85.5234	53.4028	81.6174	71.7426	76.0121	93.963	57.9064	56.1647	67.0472	85.8345	55.7143	49.8163	0.0	67.9224	0.0	0.0	0.0	0.0	0.0	75.017	105.7045	92.9732	100.6275	100.4903	104.9017
sub-0074	23.0768	34.3709	83.9936	54.835	84.4054	67.8478	73.7351	92.9498	30.8557	19.9817	82.4454	60.6	57.2267	37.0866	62.6889	86.7048	46.2051	51.0658	23.3539	39.3909	83.1952	51.7952	83.3988	66.8537	73.4324	91.8515	59.2043	56.8103	63.9428	85.8183	46.6667	49.5353	0.0	67.4229	0.0	0.0	0.0	0.0	0.0	72.0379	103.016	96.6536	96.3744	97.5346	102.1959
sub-0075	26.1151	35.0435	83.3334	54.0648	79.7014	68.3354	73.6269	90.4138	35.2992	18.4109	80.3601	59.2668	55.4807	37.9205	60.92	85.4572	53.5588	50.1629	21.8981	32.6691	85.3344	53.2708	79.879	70.1487	73.3673	89.8716	56.8905	54.1685	63.2351	87.3537	46.8333	48.8981	0.0	63.1823	0.0	0.0	0.0	0.0	0.0	62.828	101.7504	90.8832	93.6216	96.0027	102.6211
sub-0076	30.622	33.5778	86.0948	57.5493	85.7675	72.8945	79.252	95.4493	32.6905	24.0597	83.5567	60.24	58.5672	39.7713	66.1503	88.9365	57.5455	53.2038	25.6309	41.9534	85.452	55.9705	84.6877	73.7668	79.3009	95.0413	59.5439	58.7122	67.2558	87.6416	54.4211	52.8053	0.0	65.6793	0.0	0.0	0.0	0.0	0.0	72.8389	100.5441	91.0962	93.0355	94.2537	102.9671
sub-0077	25.8372	43.1197	84.6348	55.8804	79.1721	67.8484	74.8998	89.1956	32.3182	20.6651	78.7139	57.077	58.1247	32.6596	62.0151	82.0843	48.5714	50.2715	27.0154	42.4096	83.5979	53.5673	78.2201	67.7926	72.8194	87.3041	54.1484	55.2708	63.1128	81.3732	40.0714	48.516	0.0	71.226	0.0	0.0	0.0	0.0	0.0	68.0462	98.6684	90.4428	90.2297	95.8042	99.5746
sub-0078	18.1786	34.378	86.2458	56.6769	79.3829	66.8312	74.6143	92.3484	22.9917	21.4405	83.1659	55.3661	55.16	29.8062	61.7219	86.2082	44.8511	46.2647	20.5658	27.1759	84.915	54.1977	80.1865	66.3864	73.6564	91.9978	54.441	57.4409	61.8282	86.4255	37.625	45.9327	0.0	65.9158	0.0	0.0	0.0	0.0	0.0	73.0127	100.5074	89.6281	92.8653	96.7065	104.2767
sub-0079	24.0813	43.701	85.3611	58.8809	84.6712	69.8245	77.2262	94.8358	30.4176	22.1721	82.7852	62.1178	60.414	34.2913	64.899	89.2394	47.9412	51.0518	23.6038	27.4649	85.1279	57.0497	82.5403	70.0991	75.9079	94.7885	59.4568	59.5172	66.4897	87.8819	47.5128	47.5787	0.0	65.903	0.0	0.0	0.0	0.0	0.0	70.7049	97.5597	92.2204	90.426	97.8468	100.2318
sub-0080	27.2281	32.4132	86.0011	56.2057	83.9521	71.4454	76.8576	93.5483	31.7395	19.4673	83.9541	58.8612	57.3436	37.4044	65.782	88.4601	49.1	53.4501	25.1582	25.3348	84.6794	53.6674	81.7419	71.7644	77.4293	94.79	57.4507	56.7122	66.3824	87.3717	55.1111	48.1401	0.0	64.9455	0.0	0.0	0.0	0.0	0.0	73.0696	101.7766	91.7608	94.1254	95.4069	106.7549
sub-0081	27.5119	38.9021	85.8984	57.098	83.5124	69.4479	75.8309	92.0241	33.6101	21.5051	81.926	59.8229	59.6341	40.5633	63.8262	87.1631	52.8	50.622	27.0813	28.4878	84.0222	53.8658	82.319	68.9425	75.1942	92.3554	58.4531	58.1122	65.3732	86.7855	55.5	52.2567	0.0	65.5914	0.0	0.0	0.0	0.0	0.0	67.604	98.7548	95.8399	92.817	94.3861	102.7834
sub-0082	16.9822	34.7275	86.2338	54.6661	80.0886	67.3811	75.0183	93.7084	26.4991	18.4212	82.9758	58.1372	58.1169	33.8112	60.5813	87.7645	51.2436	46.4588	20.7806	27.7408	86.4173	53.5635	79.9378	66.6438	73.7891	91.5918	57.675	56.9359	62.9736	87.4055	49.0566	49.9917	0.0	67.0937	0.0	0.0	0.0	0.0	0.0	70.4041	99.7948	89.7008	94.7099	97.791	100.9748
sub-0083	17.8146	34.7832	86.1713	57.7079	82.7077	68.8437	76.1787	95.5403	27.1742	22.1114	85.0692	59.6042	60.3878	34.7933	64.8304	90.3939	53.375	48.004	17.8863	36.5108	86.1182	56.1481	81.3561	69.9765	76.3906	95.6578	59.3215	60.2368	67.0616	89.2148	55.8	48.3919	0.0	67.0863	0.0	0.0	0.0	0.0	0.0	68.2822	100.9732	82.1074	93.9112	97.6192	103.1243
sub-0084	28.4096	42.9561	86.352	57.4214	84.9649	71.85	78.6603	95.7635	33.734	23.6628	83.7498	62.9248	60.1162	36.7168	66.0126	89.3087	44.8101	53.5166	25.6756	36.708	85.936	55.5142	84.2574	72.2338	77.4297	95.1055	60.5351	58.7233	68.0526	89.463	56.6923	51.4615	0.0	70.3366	0.0	0.0	0.0	0.0	0.0	72.7407	103.012	95.1784	95.5459	99.3979	108.4688
sub-0085	28.6132	45.2683	86.0944	57.7198	82.8586	70.0195	75.9442	92.5097	34.3459	24.0589	81.0098	60.0047	56.1127	39.0984	62.3653	86.5766	52.4583	55.1919	28.0258	36.295	85.6073	55.5498	83.5335	70.6462	75.0483	91.7663	58.1047	56.5684	64.9908	86.4004	55.1	53.5778	0.0	67.9497	0.0	0.0	0.0	0.0	0.0	76.0469	102.6921	94.2617	95.0706	99.3801	103.1838
sub-0086	26.8168	33.8307	83.8509	57.4829	83.6101	68.9151	76.0002	93.8446	31.3557	22.322	80.1924	59.9755	58.0229	39.5132	65.1895	87.8111	57.6538	53.4625	26.2609	28.8511	84.1087	56.1959	81.9183	70.555	75.6418	92.701	58.1151	58.2454	67.0775	86.598	57.0	52.2909	0.0	66.085	0.0	0.0	0.0	0.0	0.0	68.6944	100.5572	91.6802	92.0434	91.1368	101.3289
sub-0087	27.2785	38.6593	84.837	54.0806	84.2208	72.9518	77.6907	94.6701	32.281	21.5418	83.1316	58.6412	56.216	34.6695	65.3717	90.7249	0.0	54.0206	27.4037	33.2107	85.0819	52.6801	83.2907	74.1549	77.9356	96.042	58.622	57.4992	68.8475	91.1143	61.125	54.4868	0.0	68.1359	0.0	0.0	0.0	0.0	0.0	74.3267	105.3636	94.3788	97.0825	101.1384	104.1108
sub-0088	15.5455	36.7389	84.7684	53.9841	81.0702	66.7293	74.5545	90.9118	24.0427	17.5044	82.8257	58.2431	57.0661	34.1667	62.0027	86.8276	54.0377	45.475	19.5255	31.8424	84.6867	52.5893	80.7416	67.5679	74.1689	90.1002	55.9512	56.1204	65.4262	85.8877	46.3333	49.6955	0.0	61.3857	0.0	0.0	0.0	0.0	0.0	66.8931	102.4514	88.0991	95.4675	99.387	100.9012
sub-0089	19.8944	37.2691	87.2424	59.0451	85.0851	74.5082	81.7509	98.1478	28.5656	21.9983	85.0471	60.7923	59.1856	33.25	70.7948	89.4486	49.4	49.1944	21.3031	29.7188	85.9426	56.8889	83.9405	74.5632	81.0895	97.5366	58.8076	59.0408	70.6362	89.64	53.1944	48.6391	0.0	66.7885	0.0	0.0	0.0	0.0	0.0	69.5267	100.8644	87.3167	97.1707	99.6913	103.0145
sub-0090	17.4287	36.6554	84.4406	53.38	81.3367	68.8028	74.253	92.4432	24.6036	18.7841	83.7412	55.8071	54.461	28.695	64.2488	87.9221	56.0	46.3534	17.2856	32.1337	83.2685	51.2892	80.3251	67.6429	74.0988	92.543	54.6278	57.1307	64.5402	88.0	46.7273	43.1966	0.0	66.8025	0.0	0.0	0.0	0.0	0.0	67.9701	102.9932	94.2398	94.5878	98.7664	100.541
sub-0091	26.3543	33.1417	87.787	57.1598	83.8008	72.0064	76.1946	93.5752	31.2305	21.8178	85.3371	59.089	57.5693	34.3654	64.3153	89.3153	54.2581	50.7584	19.9292	36.5216	86.4911	55.0729	82.224	70.7951	75.2965	92.5727	57.6436	54.1338	65.7423	87.9795	50.6667	46.4374	0.0	66.5776	0.0	0.0	0.0	0.0	0.0	66.5441	100.3494	89.2037	94.1693	99.6284	101.9427
sub-0092	20.6715	35.8726	83.9753	57.1365	84.3885	71.6862	78.3268	95.5995	28.6204	19.475	82.605	60.7152	56.6465	38.778	65.0427	88.7685	56.3103	44.1889	19.1998	35.7579	83.654	54.609	82.3706	70.3031	75.6908	94.4758	58.5085	58.475	66.5856	87.6477	44.5556	45.3735	0.0	65.2243	0.0	0.0	36.8	0.0	0.0	70.9149	99.3167	89.1203	92.2551	96.6957	102.731
sub-0093	23.6547	36.6469	86.0015	55.1843	83.937	69.4462	75.9993	93.5175	28.7118	19.9883	82.4641	58.8857	59.4625	35.726	64.6906	87.82	54.0	47.6145	21.6854	33.8166	85.2185	53.455	82.3785	69.3351	75.3101	92.8272	58.6744	57.6074	65.0044	87.7653	45.6667	46.515	0.0	65.9483	0.0	0.0	0.0	0.0	0.0	71.5368	100.1063	88.4352	92.9465	92.8809	102.8439
sub-0094	39.3694	40.9084	84.0754	56.2045	80.5612	68.8069	73.8683	91.2643	39.3663	20.8282	83.4653	57.7732	55.8855	42.8989	62.9536	88.0074	47.88	58.6277	32.1137	38.6297	83.627	54.4403	79.4781	68.4485	73.733	90.5901	56.7821	55.1806	64.209	86.2853	53.1333	48.4514	0.0	65.5342	0.0	0.0	0.0	0.0	0.0	70.1159	96.8193	96.8615	95.9102	97.4441	106.3282
sub-0095	27.1541	37.6082	85.5492	55.8156	84.1327	69.4969	74.7767	94.0266	29.8577	21.528	82.6011	58.8861	58.3915	40.5053	63.3063	88.6399	51.8889	52.1802	24.415	29.8234	83.2965	53.077	81.6696	69.2277	74.2879	92.9838	55.8819	57.6683	64.4049	87.1894	55.7857	51.3108	0.0	67.3944	0.0	0.0	0.0	0.0	0.0	70.438	101.2247	92.6952	95.8786	96.5242	102.1945
sub-0096	19.7554	32.201	87.2081	54.9192	79.1955	68.3064	73.0949	92.0472	25.6549	18.3196	81.0439	56.0095	53.8559	31.593	62.0624	85.8946	44.4	46.5269	19.8313	32.4375	86.2861	53.8819	78.7595	66.844	73.1283	92.6381	54.8092	54.9385	63.5127	86.2056	51.0	48.3511	0.0	66.6654	0.0	0.0	0.0	0.0	0.0	71.663	100.9927	95.3805	94.6366	92.2394	104.004
sub-0097	28.2671	41.6483	85.6245	55.7684	80.7157	67.7904	73.1667	89.8617	30.9249	20.6821	81.6297	58.8318	57.1645	36.0505	61.5599	83.7221	55.0	50.5201	26.0092	33.8015	85.5981	54.5093	79.6621	66.6833	71.6253	88.9983	57.1919	54.3115	63.5686	83.1641	50.1538	47.9357	0.0	67.596	0.0	0.0	0.0	0.0	0.0	63.099	99.428	93.5335	95.5233	94.5469	104.5128
sub-0098	17.1072	34.833	84.5914	56.435	81.6036	68.0423	75.5162	94.1776	37.1192	23.0528	81.7283	59.6342	58.1139	36.6109	63.6015	87.5168	52.2353	44.8317	15.1221	34.7709	85.1619	55.2981	81.7218	67.9402	74.1477	90.9615	58.6299	55.6935	65.0952	85.8389	47.2759	44.2177	0.0	64.4088	0.0	0.0	0.0	0.0	0.0	65.935	97.3531	91.6192	93.5639	97.666	95.8248
sub-0099	19.3355	36.8174	84.7526	56.8375	83.1218	68.4809	76.968	91.9261	41.3904	22.097	82.7571	58.5462	58.4487	37.5689	62.1586	86.8017	55.8	47.2249	15.7493	29.4412	84.73	55.5823	81.1831	67.9309	75.1437	91.4789	57.9704	57.329	64.551	87.6516	54.0	44.5975	0.0	66.4128	0.0	0.0	0.0	0.0	0.0	79.482	98.3885	96.2655	97.0069	96.893	96.6124
sub-0100	26.1399	34.457	85.3335	57.923	83.5948	69.4988	76.1353	92.6357	27.4599	20.6151	81.9445	58.4093	59.3399	37.0836	64.2319	86.5537	50.9375	52.5066	20.9934	29.8969	83.7699	55.1917	81.503	68.1353	75.3684	92.4555	58.4242	56.912	66.0791	87.4044	50.5714	50.8563	0.0	70.6311	0.0	0.0	0.0	0.0	0.0	69.6512	100.443	93.902	95.0818	98.4614	98.5152
sub-0101	26.2425	43.1375	85.7711	54.601	85.6245	74.4342	79.1038	96.9494	30.8506	21.5534	82.5296	59.7683	58.0747	40.5432	68.352	88.0273	50.1111	52.103	22.1514	37.2722	85.3075	52.4125	84.9631	72.8445	76.7974	96.0595	58.9596	58.1303	66.8979	88.058	42.72	46.8416	0.0	68.3854	0.0	0.0	0.0	0.0	0.0	70.7203	102.1699	93.5924	96.652	99.7419	105.1259
sub-0102	19.408	35.2632	83.7028	54.2957	79.7536	67.3208	74.4815	91.6712	27.3051	19.8988	82.1246	56.8184	56.4905	34.6748	64.1863	87.8864	45.7037	43.4659	23.4157	43.5408	85.0145	53.8914	80.6831	68.465	74.8241	92.2885	57.173	57.0595	66.5846	87.6834	46.6667	45.7037	0.0	64.6104	0.0	0.0	0.0	0.0	0.0	67.9118	98.2465	89.5487	95.4847	96.2159	99.1898
sub-0103	26.1269	41.9551	84.6689	53.061	82.3737	69.8813	74.2448	94.0628	30.8716	19.4048	83.021	59.2077	57.4045	36.118	65.344	87.9018	38.5286	50.069	23.2101	33.8333	84.6279	51.6329	83.1273	69.6196	74.0166	92.9338	57.7888	57.5192	64.8912	87.183	52.1538	47.4967	0.0	68.5724	0.0	0.0	0.0	0.0	0.0	72.1544	102.8363	90.9779	94.8545	97.9128	102.0181
sub-0104	30.5579	41.5266	85.8192	56.0504	84.5719	69.8014	75.3188	93.459	40.7735	24.0313	82.8931	60.2902	58.6681	43.208	63.8887	87.8385	47.3636	52.924	30.7314	33.5014	85.9571	54.3351	82.82	70.4675	74.8165	93.5567	57.6305	57.8333	65.4341	88.0716	48.2414	49.5433	0.0	69.8938	0.0	0.0	0.0	0.0	0.0	76.7156	102.5498	95.8848	98.9077	101.1061	104.8995
sub-0105	28.2252	42.5862	83.2153	54.8176	84.8699	71.7051	79.4066	97.1363	34.3384	21.5708	82.8588	60.3919	59.2482	37.249	66.3487	88.0142	45.5714	53.3918	31.557	30.4556	83.172	53.9925	83.9298	72.1704	78.2548	96.5762	59.5858	59.5333	67.5121	86.4539	46.5556	53.257	0.0	67.8037	0.0	0.0	0.0	0.0	0.0	70.6148	104.5198	97.1497	95.0167	103.0516	104.5985
sub-0106	25.0142	36.5066	86.2683	55.6763	85.2843	71.3777	76.5332	96.513	31.2236	18.9138	83.7938	59.6175	56.2173	39.2997	68.8681	90.1236	55.3571	47.7087	20.4931	30.9816	84.7739	53.5095	84.0569	70.898	75.7584	96.0263	57.0301	57.1357	69.3343	89.6517	55.9375	45.7268	0.0	60.5017	0.0	0.0	0.0	0.0	0.0	71.0806	102.9378	92.4452	94.124	98.0437	100.6513
sub-0107	19.6269	37.3903	84.6524	56.1614	82.5405	70.1266	77.1913	93.4492	38.1634	20.4695	82.4671	59.4689	59.3178	42.0792	69.3449	87.1077	44.6087	47.8083	24.4895	26.565	84.8711	55.4452	82.6907	71.133	78.9008	94.8197	58.5236	60.3316	71.7388	88.6322	43.1111	54.9353	0.0	67.5604	0.0	0.0	0.0	0.0	0.0	80.5984	97.666	94.1712	95.6696	96.394	99.7663
sub-0108	16.6283	34.1026	84.1848	53.8198	80.1004	64.7487	73.6632	91.9197	26.3275	18.7341	80.9572	59.8399	58.1608	34.5974	61.2628	86.7062	49.6885	43.0963	18.2718	38.388	83.8468	51.8893	79.33	64.5891	71.3908	89.9383	57.6059	56.5948	63.3039	85.2956	48.3	45.6409	0.0	68.1007	0.0	0.0	0.0	0.0	0.0	71.3453	101.5107	89.1355	94.8972	99.2767	101.568
sub-0109	22.3395	32.017	85.2925	53.6301	83.5443	68.2559	73.7937	93.4421	27.4907	19.992	81.362	57.6089	55.3815	32.5458	60.8164	86.7667	48.5	45.2165	21.7085	30.3343	85.4865	53.1843	82.8965	68.8148	74.8421	93.3844	56.8179	56.5018	63.8025	86.6751	50.2222	47.6172	0.0	67.6198	0.0	0.0	0.0	0.0	0.0	69.22	101.4725	93.9506	94.868	98.0301	102.5397
sub-0110	21.703	39.206	85.1188	54.4259	83.4385	67.0368	73.9572	91.9698	31.6317	21.0184	83.7865	58.894	56.9293	33.6605	61.9311	88.1724	51.9545	53.3321	25.4486	37.2311	84.3548	54.2648	81.7122	67.6196	73.6562	91.9247	56.4054	56.9042	64.9173	87.7961	50.125	51.1436	0.0	68.3765	0.0	0.0	0.0	0.0	0.0	72.645	99.7494	91.8322	95.0663	99.6997	100.7114
sub-0111	17.939	34.6123	86.1963	54.2578	80.2293	68.8752	76.5691	96.7276	27.156	16.163	83.5181	58.3848	54.8494	34.9989	65.1464	87.6679	51.8889	44.4176	23.4677	26.1026	86.8423	53.2967	80.838	68.3496	75.723	96.1151	57.8203	55.6609	65.8042	88.5107	47.8333	47.453	0.0	65.8641	0.0	0.0	0.0	0.0	0.0	74.3597	101.4145	88.0044	93.4905	96.328	99.1429
sub-0112	16.1878	34.9144	86.5624	56.4497	84.4579	70.5019	76.7214	96.3523	26.1444	19.1398	84.011	58.9705	57.9319	31.9571	64.6741	89.4032	57.5172	46.5745	14.7642	30.226	85.7367	55.6825	84.1719	69.4469	75.0571	94.9	58.6446	56.9271	67.2151	88.9767	52.0	45.2556	0.0	68.1203	0.0	0.0	0.0	0.0	0.0	72.381	103.6761	93.75	95.6505	100.0853	102.2682
sub-0113	24.1204	41.602	83.3426	54.6073	82.9901	73.2383	78.1622	95.5629	34.9946	19.7224	81.4516	59.1644	58.0538	35.7736	66.2186	86.7723	48.6667	50.3416	22.22	34.924	82.9823	53.6931	80.7725	72.5354	76.6828	93.0644	57.6955	55.568	66.6968	86.062	52.5	48.3326	0.0	66.7509	0.0	0.0	0.0	0.0	0.0	68.0076	101.0888	93.3719	94.817	99.4027	101.9062
sub-0114	26.2646	42.9238	83.6949	53.8739	81.922	69.9903	76.3898	94.0405	28.8502	20.5073	81.5945	59.5498	58.2409	34.1151	64.31	86.1085	50.02	50.8729	26.3385	34.7706	82.0527	51.56	81.1943	70.6292	76.477	93.7853	58.2394	58.6061	67.2527	87.8526	54.1875	49.7442	0.0	69.4361	0.0	0.0	0.0	0.0	0.0	72.5375	103.8411	92.902	95.7195	96.7551	107.8894
sub-0115	19.9702	34.8406	86.2606	56.3636	84.9669	72.9427	78.7025	97.0423	28.5859	25.1192	83.9752	58.6832	56.6842	35.5006	69.3744	89.467	57.3333	46.7094	20.6817	38.2857	85.7014	54.8143	84.4424	72.1049	78.028	97.0171	58.5593	59.079	69.2934	89.0954	54.3529	45.8411	0.0	67.9951	0.0	0.0	0.0	0.0	0.0	70.7545	101.223	91.1135	94.0232	98.5563	102.2743
sub-0116	29.9494	39.7268	84.5353	54.3027	86.5575	73.0922	78.985	96.5224	32.3487	19.5071	83.832	60.9373	58.6924	37.2922	69.4681	88.4356	52.5567	57.1359	30.7137	35.2917	84.2883	52.6336	86.5871	73.1424	76.8046	95.5633	59.0149	57.5187	68.8231	88.1946	43.156	54.1105	0.0	69.1889	0.0	0.0	0.0	0.0	0.0	72.5285	102.4479	97.8357	96.6922	94.1606	104.8708
sub-0117	29.0969	39.5985	85.1182	55.3465	81.9418	70.506	75.3245	94.2457	39.7526	22.89	81.9457	58.888	56.273	34.8944	65.6565	87.3608	49.4286	48.9148	27.8291	35.8963	84.9177	53.3658	81.0563	70.8949	75.6088	95.2564	58.8638	58.2433	66.3989	86.8926	48.3448	48.9423	0.0	67.4197	0.0	0.0	0.0	0.0	0.0	77.104	100.8927	93.7931	97.1966	95.3193	105.4029
sub-0118	19.7622	37.8476	84.908	55.5008	81.8384	68.5789	75.103	93.7581	29.5054	18.7102	82.9128	57.4971	56.7364	30.5783	66.4513	87.8563	46.9762	51.8311	16.2345	32.2306	84.3414	53.8982	80.8398	68.0901	75.1328	94.4946	57.5936	57.5613	65.8554	88.1191	43.1667	47.7696	19.25	66.541	0.0	0.0	0.0	0.0	0.0	70.5447	99.1002	93.8381	93.7143	95.5448	106.2134
sub-0119	19.6334	33.9906	84.2861	56.6283	82.4078	70.468	77.4502	94.6444	28.3867	21.2096	82.5987	59.969	59.2547	39.297	64.0438	87.9511	54.2069	46.5724	24.1381	29.8759	85.1116	55.9727	81.801	70.032	76.858	93.9529	57.726	58.1886	64.7286	87.0819	50.4848	52.2487	0.0	64.4492	0.0	0.0	0.0	0.0	0.0	72.795	98.3936	91.1752	95.0719	97.7954	102.1445
sub-0120	17.5503	32.8402	83.6185	55.0347	84.2308	69.5052	76.919	96.1501	22.8418	19.6131	83.548	58.6969	58.2122	35.8731	66.1254	87.5334	51.0435	44.1381	19.0088	33.2049	82.1597	52.3988	83.713	69.6422	77.6822	97.9324	59.4686	60.543	67.602	87.812	51.6923	44.2405	0.0	65.1664	0.0	0.0	0.0	0.0	0.0	69.9264	98.2039	87.0793	92.6143	94.3606	99.5614
sub-0121	18.256	40.1372	86.3457	58.3447	85.0754	70.2547	77.0028	95.2177	31.4982	19.4899	83.4056	60.8646	59.1505	36.9448	65.0984	87.9291	55.0	48.9032	22.2689	38.3183	85.5345	55.8701	84.1219	69.5436	76.1676	93.1099	58.8124	59.2959	66.1886	87.4733	53.75	51.6852	0.0	66.0357	0.0	0.0	0.0	0.0	0.0	71.1497	98.2454	87.8805	94.4846	98.0558	101.8858
sub-0122	23.203	32.1743	85.7363	57.1174	81.5531	68.745	74.6442	92.1428	28.7164	21.2885	83.7641	55.9835	54.5482	35.399	63.4745	87.5136	53.6	51.0542	22.869	32.9432	85.6165	55.8982	81.0385	68.1752	74.3106	92.1389	54.9879	55.5915	65.7077	87.2441	59.1	48.4402	0.0	69.1309	0.0	0.0	0.0	0.0	0.0	72.2313	104.7451	93.3344	92.0826	93.8571	107.0203
sub-0123	24.6248	25.7325	85.1008	54.9537	83.1926	70.911	77.7736	96.8445	28.9185	19.4731	81.9578	59.5202	58.0395	34.6075	62.8392	87.3165	49.1753	50.5788	21.108	41.214	84.9322	53.8993	80.6925	68.6954	72.5914	92.5552	60.369	58.5346	64.1247	85.322	42.1538	46.774	0.0	61.3675	0.0	0.0	0.0	0.0	0.0	77.4667	100.6206	93.278	96.9728	96.6172	102.4444
sub-0124	29.2832	35.038	83.4634	55.5327	83.5786	69.8087	75.5334	92.0851	34.013	21.0302	79.557	59.3729	57.4775	34.4737	65.2616	86.7129	54.8636	51.7652	28.9314	28.6343	82.8395	53.2006	81.7892	69.8052	74.6617	91.9914	58.4036	56.6934	66.0829	86.6243	55.4	51.7321	0.0	68.4321	0.0	0.0	0.0	0.0	0.0	75.7423	103.9244	96.3072	94.604	100.2542	103.7937
sub-0125	27.8049	40.071	85.0403	56.318	84.4493	68.7322	74.3386	91.6052	31.637	20.1502	81.6483	60.3515	58.3405	39.595	63.8896	87.5161	49.7647	54.5461	22.2298	41.2406	85.3675	55.4567	83.4954	68.899	75.0371	91.8905	58.36	58.1188	65.2904	85.4899	48.5789	47.9019	0.0	67.6479	0.0	0.0	0.0	0.0	0.0	69.6188	103.2673	96.4518	94.0694	95.1248	104.8476
sub-0126	23.6883	44.2634	84.0921	55.8161	83.6148	71.09	78.1075	96.7977	29.0467	17.1629	83.4118	60.704	60.5908	35.2558	66.2247	87.9843	51.4643	50.8278	21.3609	43.3011	84.4265	53.7515	82.0562	71.7214	77.8591	96.0692	59.0072	59.0956	67.4432	87.5061	50.0455	51.8315	0.0	68.4311	0.0	0.0	0.0	0.0	0.0	73.8534	100.3866	90.6783	97.7006	97.8752	104.1203
sub-0127	17.5019	39.2511	85.2672	56.9751	82.2946	68.5849	75.9527	93.5799	27.6607	18.0991	82.6112	58.6644	58.8692	30.0602	63.8811	88.351	51.7273	45.6197	18.8513	30.6633	85.1779	55.2976	79.6692	66.5572	73.8664	92.0107	55.0783	57.6052	65.2706	86.9364	49.3182	49.1552	0.0	66.5049	0.0	0.0	0.0	0.0	0.0	75.7533	104.1256	89.8847	96.259	101.0844	101.6337
sub-0128	25.6059	34.9753	85.9878	55.8881	79.2579	70.4363	74.6304	92.7998	34.0638	18.4539	81.8243	60.8851	56.3764	35.1362	65.6659	88.3565	53.9697	51.4534	24.3156	33.6007	85.25	54.2586	78.621	71.3007	75.3721	95.3035	58.5737	55.4732	65.8199	87.9511	49.9429	52.7653	0.0	66.3166	0.0	0.0	0.0	0.0	0.0	74.069	100.1801	96.0107	95.1227	92.8175	106.5139
sub-0129	21.3071	42.5877	85.0717	57.7255	83.5236	72.0966	78.1998	95.3653	33.9423	23.3298	84.3089	59.8901	56.6697	38.2995	65.3564	88.3017	53.6667	48.3862	23.3277	26.7549	85.6912	57.1456	81.7681	71.1118	76.6044	94.7492	56.9142	56.815	66.7235	86.9398	55.5385	48.8642	0.0	65.0183	0.0	0.0	0.0	0.0	0.0	72.3772	100.478	93.6012	94.6332	98.8818	101.8826
sub-0130	21.3278	35.8323	85.6596	55.6094	83.3061	67.504	73.6273	92.8811	29.3252	19.8784	84.4695	59.0047	56.695	32.0403	63.2988	88.9631	50.3077	49.7546	20.6153	25.0525	85.0394	53.3601	82.3311	67.228	72.3827	91.8799	57.3243	56.4712	64.1967	88.7901	44.25	47.8431	0.0	64.6911	0.0	0.0	0.0	0.0	0.0	71.8769	101.593	95.2586	93.988	97.5365	103.5384
sub-0131	20.3592	36.7963	85.9473	59.481	83.4195	72.7653	79.2796	94.9415	26.8069	21.6373	82.4376	60.9353	56.6268	37.2337	66.8122	88.1559	55.9184	47.945	20.1828	28.4951	84.599	56.3064	83.4608	73.3598	79.5442	95.5636	59.2479	58.1075	69.8526	87.068	49.2051	48.479	0.0	66.3904	0.0	0.0	0.0	0.0	0.0	74.113	100.7751	88.5809	90.8286	98.1456	100.3123
sub-0132	27.6757	35.3149	84.9476	56.3073	82.4958	70.3308	76.3206	96.0972	36.4548	20.6172	81.5309	58.2636	57.3577	36.553	67.1053	87.4158	51.9524	47.4571	26.6459	33.6817	84.0312	54.6561	81.9574	71.638	75.6342	95.3963	57.3922	55.3969	67.3803	86.7467	52.6522	48.1089	0.0	66.2484	0.0	0.0	0.0	0.0	0.0	69.6789	102.6775	94.559	93.4671	93.9812	106.0471
sub-0133	23.4212	32.3062	85.4886	56.9853	83.3535	70.318	76.5986	95.1734	32.8015	20.5255	83.8197	60.0225	58.7888	38.4433	65.5758	88.846	48.4058	47.277	27.0538	28.7697	86.3783	56.4762	81.4737	71.2505	75.837	92.8386	58.0801	56.934	66.9603	87.023	53.5625	49.1076	0.0	64.866	0.0	0.0	0.0	0.0	0.0	69.1408	97.7743	92.9223	94.3581	97.4331	100.1959
sub-0134	19.4201	36.6261	83.9795	52.6531	81.9732	66.2843	73.1327	91.1051	30.1749	18.8694	82.4294	57.9079	54.5345	33.4444	62.1078	87.6818	46.5294	46.0106	23.4371	34.7687	83.336	50.6548	82.2291	66.536	72.3637	91.2978	56.5352	55.5119	63.2326	88.2509	46.5	42.8162	0.0	65.9654	0.0	0.0	0.0	0.0	0.0	73.0821	101.0846	87.1852	92.3298	97.5575	100.2098
sub-0135	20.5736	35.8711	84.0341	56.6019	84.1942	71.7766	76.6582	95.3544	34.0218	21.5546	81.8901	59.4128	59.5398	38.8475	66.5316	87.8454	52.15	45.6209	22.6653	25.8166	83.4715	55.0753	83.8173	71.7663	76.5866	94.9078	57.4536	57.9299	66.9749	87.1671	51.7333	51.0786	0.0	66.5954	0.0	0.0	0.0	0.0	0.0	72.4167	101.2141	90.167	92.6604	100.1089	101.9561
sub-0136	16.8536	32.856	85.0994	55.4887	83.3695	68.4333	74.3367	93.8069	23.3573	17.4312	81.4395	55.9513	55.6922	30.7864	62.7224	86.8981	48.7027	44.9674	15.8266	34.1592	83.5041	53.2597	81.5632	66.7535	72.5376	91.9963	55.4029	55.3503	63.8111	86.8138	45.9118	44.93	0.0	66.166	0.0	0.0	0.0	0.0	0.0	66.0517	96.8048	91.3421	99.4644	100.5786	96.1388
sub-0137	20.333	40.7903	85.7937	53.4657	83.7113	67.6314	73.4049	93.5132	25.5275	18.4265	82.4136	58.1469	57.3962	36.9379	62.0531	89.7306	54.875	47.0044	19.885	38.7843	84.1483	49.6367	81.3892	67.1816	72.3783	93.3168	56.0427	54.6828	64.3263	89.506	47.7407	45.4092	0.0	69.0052	0.0	0.0	0.0	0.0	0.0	67.5987	107.8111	90.3415	94.9226	101.0036	103.9549
sub-0138	23.8769	35.97	85.1274	58.1171	82.3631	73.1101	80.0839	93.7846	33.4478	19.1107	82.7407	60.195	57.4485	37.7068	68.1582	87.9647	55.875	53.674	21.7351	33.192	84.2108	55.0434	82.2943	72.9417	79.949	94.1084	58.2751	57.3871	69.2691	87.4778	49.8	50.7693	0.0	56.5512	0.0	0.0	0.0	0.0	0.0	69.6404	99.6628	88.5756	93.7903	97.2661	98.7065
sub-0139	30.72	32.9904	86.479	57.8899	83.8792	71.1969	75.3625	93.8695	36.6701	28.099	84.1429	60.5043	61.0168	42.9985	65.632	87.67	50.2727	48.435	38.1807	33.4116	85.9186	57.1867	83.0223	71.5294	75.6127	93.8802	58.3472	60.6583	67.3937	87.8233	58.0	52.0324	0.0	68.2164	0.0	0.0	0.0	0.0	0.0	73.9071	100.4052	95.3002	96.1219	97.1632	107.0244
sub-0140	21.4572	39.6364	86.9316	56.4384	80.4028	69.3011	74.9818	93.0879	29.0852	17.6805	84.8633	60.1281	57.7917	35.1608	63.7251	88.0157	50.5	50.5959	21.4527	26.5435	86.3805	54.7064	80.7034	68.7731	74.0641	91.724	58.0	57.6502	64.444	87.9594	48.7059	49.6179	0.0	64.2192	0.0	0.0	0.0	0.0	0.0	68.2534	100.0297	90.6616	97.0582	99.193	102.744
sub-0141	26.4285	38.2984	87.7905	57.9109	77.5827	66.132	72.1735	89.5594	31.0838	23.5857	84.3291	57.4148	56.2676	36.8422	59.4031	87.3987	52.75	56.1797	22.1206	36.273	87.762	58.0436	75.6166	66.1039	70.9556	88.6352	55.7078	55.2116	62.7884	85.2136	55.4444	50.3837	0.0	68.8151	0.0	0.0	0.0	0.0	0.0	70.8565	100.8244	92.4541	92.5077	90.8033	104.1593
sub-0142	17.8111	33.5216	83.9779	56.4814	82.0006	71.0726	77.8742	95.1807	27.5495	20.6253	83.4447	57.4996	55.6213	31.9104	66.1439	88.6036	54.6154	45.0734	17.946	29.1318	84.098	55.0063	81.4383	70.8112	77.5543	95.0	56.2284	57.0123	66.8618	86.829	52.1176	45.536	0.0	67.1542	0.0	0.0	0.0	0.0	0.0	71.7241	101.6054	85.2794	98.9596	99.6971	104.2247
sub-0143	22.8255	38.6781	86.7653	57.2859	78.8635	64.9347	71.1304	88.8292	30.0099	25.2687	81.8083	58.1977	56.393	33.9889	58.7151	83.9674	54.0	48.1359	22.1937	28.9976	85.6396	54.9386	78.9162	66.3766	71.1966	88.3033	55.8528	55.068	62.2252	83.8146	54.6154	45.7874	0.0	67.3759	0.0	0.0	0.0	0.0	0.0	70.5608	98.9248	90.6293	96.3754	95.8258	106.5138
sub-0144	27.7582	42.5758	84.2122	55.4834	83.1249	70.0897	76.0384	94.8063	36.1587	17.2606	81.3891	58.7524	56.3767	37.3078	67.6536	87.9828	46.3846	50.7206	26.7849	33.7041	85.6013	54.4277	81.8616	68.541	75.0731	95.5486	56.0095	55.6186	66.4439	87.5051	53.2857	52.144	0.0	66.1523	0.0	0.0	0.0	0.0	0.0	79.2647	100.5826	92.5175	91.4644	90.616	103.0306
sub-0145	28.8681	41.1944	83.7208	54.0864	81.2733	69.7617	76.2905	94.9356	29.7822	18.2901	81.9576	57.4684	56.0737	33.7471	63.944	87.3741	54.679	56.6419	24.708	38.2515	84.4451	52.1493	81.4527	69.5943	75.6544	93.9063	57.6479	56.693	65.2735	88.1543	55.6923	51.2523	0.0	68.8535	0.0	0.0	0.0	0.0	0.0	67.4286	102.7024	97.0156	93.987	98.1551	103.5426
sub-0146	22.4937	40.8235	84.4275	56.7393	82.1938	70.2815	77.4313	93.2006	27.9251	21.8378	80.8141	60.3309	57.2355	38.5232	65.0321	86.5706	50.2619	48.4298	17.9298	31.3632	83.3261	53.7972	81.1786	67.5609	75.6616	90.9845	57.8062	55.8038	66.0347	84.7211	53.4375	45.3093	0.0	66.8364	0.0	0.0	0.0	0.0	0.0	66.6099	101.4192	93.626	98.2733	94.7496	103.0979
sub-0147	21.2517	43.5455	85.1484	57.7025	81.4962	71.8895	77.3797	94.0491	30.3176	20.4415	82.1475	58.6389	56.8799	33.75	67.3769	86.3855	57.8929	50.3885	20.3167	37.4396	85.0703	55.7196	81.3315	70.6049	76.4824	93.3418	58.0812	57.4054	67.9243	86.3142	54.875	47.6805	0.0	68.1073	0.0	0.0	0.0	0.0	0.0	74.1287	100.2667	92.1804	94.7483	96.9318	102.7708
sub-0148	23.3927	35.8785	85.5279	58.0476	82.5971	69.45	75.717	91.7529	29.8476	19.1429	83.6308	59.9135	58.6598	38.3826	63.7511	88.5949	51.25	51.7388	22.5764	32.63	84.861	55.4632	80.8029	69.3435	75.5062	91.5292	57.8444	58.2966	65.528	88.1645	51.8571	47.9573	0.0	66.213	0.0	0.0	0.0	0.0	0.0	70.4551	98.4383	92.9382	91.7957	94.9464	104.833
sub-0149	25.533	31.378	87.1677	57.7328	81.2266	69.739	74.4799	92.846	34.165	22.3935	82.8664	59.7576	54.3112	37.1472	61.5063	86.6231	47.0635	49.3404	28.6291	24.9381	86.8673	55.7581	80.1675	71.147	72.1297	90.4306	56.6577	56.5758	63.7548	85.8259	54.3333	51.1557	0.0	66.6089	0.0	0.0	0.0	0.0	0.0	68.5329	100.613	93.8602	93.8314	94.878	104.5511
sub-0150	22.8665	35.17	86.641	55.4979	84.2147	70.6981	76.4459	93.396	27.1712	20.1729	84.1874	60.2756	57.4143	35.237	63.9723	88.3721	54.6296	49.9579	22.399	29.3397	84.9978	52.8168	83.8485	71.6062	76.4139	93.5206	58.3459	57.3485	66.2674	88.728	47.7917	47.4608	0.0	67.7242	0.0	0.0	0.0	0.0	0.0	74.3582	106.9132	94.993	96.1341	101.4472	104.4364
sub-0151	30.7297	29.8647	87.0529	58.3538	85.6673	72.1831	78.7281	94.9505	32.0041	23.3992	83.8475	60.5067	58.7612	38.0929	64.5409	88.6818	50.4545	54.7632	29.1546	28.6667	85.6766	57.0973	82.5487	70.7306	76.7565	92.9207	59.2982	58.7433	66.7753	88.286	52.2222	49.4183	0.0	67.0776	0.0	0.0	0.0	0.0	0.0	68.1807	97.5411	91.6667	90.6689	91.0712	104.0103
sub-0152	30.7029	37.8802	84.9434	57.9463	84.1228	71.5047	77.2196	91.3761	38.4003	23.5503	83.1072	59.9626	57.9607	41.051	67.5109	87.8861	43.7273	51.835	30.6748	33.8903	84.7847	56.2368	82.5661	71.6519	77.5018	92.364	59.7662	59.6585	67.7016	88.1245	51.0189	53.3064	0.0	66.042	0.0	0.0	0.0	0.0	0.0	73.0847	99.0482	90.1638	92.2487	96.3462	106.2321
sub-0153	24.7127	40.6631	86.4447	56.8715	83.6691	70.0433	75.9421	92.7448	36.5612	24.1774	83.6802	60.5297	56.7927	39.5243	62.5725	88.4319	55.15	48.7733	22.071	35.2546	85.0925	54.3376	81.5328	69.7742	75.9777	93.1941	58.7702	55.4871	65.0204	87.9489	56.2	46.939	0.0	64.4328	0.0	0.0	0.0	0.0	0.0	74.3657	101.5677	86.4418	95.3624	97.2663	102.215
sub-0154	16.9387	37.6381	85.9479	54.9861	82.586	69.7997	77.8321	95.2247	25.0557	18.4155	82.2949	58.9733	57.4395	34.0271	63.3847	88.1617	58.5714	44.0558	18.6135	34.7357	86.7067	53.637	82.526	69.7534	77.4108	94.9455	58.4409	57.5768	66.0087	87.2283	55.3333	45.0539	0.0	66.348	0.0	0.0	0.0	0.0	0.0	73.3333	101.259	90.5767	96.3708	98.17	102.439
sub-0155	28.1851	33.629	85.1092	55.9815	84.355	72.7147	79.0752	94.7054	29.4902	20.2278	83.0311	59.2364	57.7259	37.6386	67.4246	89.7144	51.4483	51.8886	25.3644	29.5254	83.9894	53.7292	82.6529	72.4874	78.9824	94.9121	57.0251	58.0839	69.3728	88.949	46.069	48.4213	0.0	68.9689	0.0	0.0	0.0	0.0	0.0	72.4248	107.8287	99.0799	99.3248	104.5221	107.0024
sub-0156	27.2385	33.7022	85.1992	55.7448	83.9034	70.519	75.4976	92.9966	30.6969	21.8588	81.2062	59.0799	58.1216	38.5195	66.0723	85.5555	54.1875	53.7305	26.1909	32.9841	85.0535	54.3634	82.7313	68.9467	74.7234	92.8904	58.2205	57.0428	67.1879	85.9065	47.5238	47.6058	0.0	66.377	0.0	0.0	65.0	0.0	0.0	68.2045	99.9059	91.4618	93.6112	95.9454	101.1982
sub-0157	13.4112	25.2329	87.2683	58.0495	80.4916	65.0928	72.0995	93.2796	17.2578	19.2471	81.0047	55.957	54.8709	28.5268	60.0367	86.1429	46.7887	43.312	11.6757	21.0454	85.3736	55.2068	78.4509	63.7591	70.135	89.7613	54.4302	53.8425	61.2196	84.5853	50.303	41.5928	0.0	37.0647	0.0	0.0	0.0	0.0	0.0	75.5685	85.6351	90.7996	97.1493	94.4421	95.5772
sub-0158	21.7961	37.306	85.45	55.2197	80.0898	67.6425	73.7165	90.8462	25.5669	20.4051	80.7214	59.6609	57.0348	36.7089	61.5	86.7383	54.1154	46.8684	21.3378	35.4064	84.1947	52.9199	79.3162	66.5935	72.6229	90.6347	58.051	55.9876	61.9515	85.9762	48.2593	47.4475	0.0	65.4345	0.0	0.0	0.0	0.0	0.0	67.8092	103.2384	91.0036	95.6375	94.5252	103.6701
sub-0159	27.0201	33.9583	84.7995	55.7376	82.4282	70.622	77.0992	93.1442	27.5958	16.8206	82.1758	58.7775	57.6873	31.1852	66.5549	86.9367	54.7333	48.3211	24.6508	27.7178	85.5518	55.1252	79.1006	69.5596	75.6054	92.3782	58.0833	57.6515	65.9867	86.0888	47.2333	48.7149	0.0	67.3042	0.0	0.0	0.0	0.0	0.0	70.5969	100.4489	92.0451	93.048	96.5548	100.265
sub-0160	23.9599	33.0371	84.052	55.2393	84.849	71.4626	78.5927	96.4966	26.9848	21.3884	82.0975	59.2104	56.8494	35.36	64.8228	88.7838	59.1538	56.2525	19.593	22.5554	83.9453	54.1838	81.8505	69.5095	76.7267	93.997	56.7111	56.5095	64.9758	86.8495	55.4483	50.6024	0.0	66.6198	0.0	0.0	0.0	0.0	0.0	71.3529	102.9278	92.2886	95.8556	99.1684	104.4481
sub-0161	23.649	39.3561	86.2682	57.4322	81.5293	67.2903	74.2155	91.3023	30.1787	18.9733	84.7692	58.6208	57.9228	37.6963	63.8293	88.8066	50.6296	46.6268	20.0188	31.7885	86.0887	55.5234	78.2079	67.408	73.4454	90.2767	56.4179	55.9579	65.9583	87.3895	54.5	46.3735	0.0	68.2219	0.0	0.0	0.0	0.0	0.0	64.6504	98.9148	90.6273	94.5184	94.494	104.9246
sub-0162	26.8364	36.94	85.1499	57.7547	81.7611	68.1133	73.1277	91.6357	36.5384	23.7221	82.7656	58.3561	57.4316	39.4889	63.3669	87.4312	56.4062	53.2397	28.4128	23.1823	85.1935	56.0325	81.0569	67.1427	72.383	90.8803	56.4664	56.8391	64.1353	87.7031	55.5	53.9177	0.0	67.7671	0.0	0.0	0.0	0.0	0.0	73.8222	99.0728	94.6809	94.569	99.1047	104.7136
sub-0163	24.2019	38.8476	83.5798	55.1446	83.319	70.6172	77.0624	93.2262	28.9819	18.6006	82.4205	59.8606	58.2461	35.4576	65.1426	87.9769	51.2857	49.0974	24.497	36.7376	82.5992	53.058	82.8893	70.7725	77.2567	94.1028	60.3464	58.8113	66.5404	87.8538	51.9231	47.8394	0.0	66.9569	0.0	0.0	0.0	0.0	0.0	70.3467	101.5566	94.4741	95.0282	95.5534	103.6011
sub-0164	25.6521	39.4006	85.2003	57.9697	84.4968	72.29	79.3059	95.9889	30.7154	23.0506	84.2741	60.394	58.6955	37.0976	66.6015	88.8611	56.8	52.8662	25.3519	36.2376	85.6279	57.4007	82.5117	71.9557	78.7733	96.7583	59.9627	60.0587	68.1808	87.7537	47.0909	49.3696	0.0	67.3401	0.0	0.0	0.0	0.0	0.0	74.5122	103.5621	99.5113	96.846	98.449	108.2995
sub-0165	17.6532	35.756	84.774	57.1838	79.3815	70.3529	80.1427	95.0605	27.1959	20.1888	82.5509	59.4137	58.4242	36.8354	66.6007	87.3604	55.4286	47.9779	22.1196	32.4772	83.2271	56.1532	79.411	72.1962	79.7688	95.2285	56.8809	57.3067	68.821	86.8399	54.7273	48.7038	0.0	66.4565	0.0	0.0	0.0	0.0	0.0	72.2661	101.6563	89.6842	91.8378	95.6323	99.655
sub-0166	29.567	32.3297	85.2571	59.4167	85.482	69.0406	77.0753	95.3105	31.3048	28.125	84.1726	62.0551	58.5345	40.0466	66.1036	89.4091	54.7333	48.3753	29.8723	32.6725	85.2845	57.7005	83.8477	70.2942	76.155	93.2899	58.14	56.6794	68.3181	87.3241	54.3333	52.4027	0.0	68.4355	0.0	0.0	0.0	0.0	0.0	72.0239	103.0534	95.0304	92.7099	96.3785	102.4303
sub-0167	18.9823	29.7813	86.4252	53.8357	83.9915	70.0508	75.197	91.5562	26.1944	19.5685	83.4667	58.3128	57.1204	30.8998	64.1424	87.9114	57.6	43.1946	18.011	27.2187	86.728	52.6889	81.8157	69.5799	74.3121	91.4866	56.1733	57.131	66.4258	87.1372	48.8276	43.4203	0.0	63.0091	0.0	0.0	0.0	0.0	0.0	71.8352	100.4255	90.6268	92.4849	97.6593	99.8489
sub-0168	25.3033	45.9846	86.6549	58.4118	84.8561	72.0477	77.8199	96.0298	35.0791	22.8816	84.5261	62.8008	60.8512	40.2408	64.7761	87.5767	52.7838	50.3715	24.6403	28.4317	85.6646	57.2301	82.4652	70.2103	76.0683	93.5604	59.8312	59.3116	65.7682	86.718	55.1667	52.6775	0.0	56.8246	0.0	0.0	0.0	0.0	0.0	73.237	99.6114	94.7885	96.3583	95.5901	103.3754
sub-0169	27.4635	34.8891	86.1256	57.7741	83.6096	70.7888	74.5927	89.9691	29.6848	22.7364	83.3319	59.4861	55.4301	40.8711	62.8078	88.2114	51.0	52.0844	22.412	33.8211	85.915	55.6345	81.1376	69.6645	73.6827	89.6315	58.5181	57.6167	64.1237	86.2583	56.0	46.8735	0.0	63.353	0.0	0.0	0.0	0.0	0.0	68.189	98.8765	91.08	93.8063	97.8552	99.8969
sub-0170	27.8574	37.1775	85.416	57.7543	81.7547	69.0802	77.3534	92.62	30.8621	22.0708	82.0671	58.8433	57.7238	38.0855	66.0715	84.894	51.9545	49.5023	25.6882	38.9336	85.1004	55.5534	81.7016	71.1919	76.3931	91.1938	58.7592	57.8776	67.4373	85.4029	51.25	50.4778	0.0	67.9903	0.0	0.0	0.0	0.0	0.0	75.8319	103.778	94.3687	94.058	95.7843	106.5824
sub-0171	24.9	36.7483	85.2497	54.8999	79.7134	67.7287	71.8455	91.4015	36.9112	21.9953	82.0706	57.0481	54.7047	34.0976	60.8054	88.1771	50.4783	51.6829	23.6242	28.1453	83.1939	51.2397	79.1682	66.7789	70.4212	90.2944	55.7781	54.5436	63.2665	86.0841	45.4118	47.7032	0.0	67.4833	0.0	0.0	0.0	0.0	0.0	70.7651	102.7005	95.8542	95.0399	98.5646	100.112
sub-0172	23.9715	41.7654	84.2928	53.9778	81.7167	69.3961	73.927	91.75	35.659	20.5763	81.926	56.698	57.3576	34.9846	63.0967	85.9152	46.64	50.0337	25.9277	37.052	85.3713	53.749	81.1291	69.4722	74.0312	92.3594	57.1522	57.2891	64.4688	86.3366	46.1875	50.799	0.0	68.2873	0.0	0.0	0.0	0.0	0.0	67.7767	103.4686	97.6343	97.6629	100.4599	104.7722
sub-0173	20.7429	44.5021	86.5919	55.2038	80.9158	67.3511	74.6635	92.3232	28.0055	20.3568	81.7649	59.6672	56.8181	35.2202	61.2382	86.1913	50.8846	48.0573	19.923	33.9433	84.0895	52.3354	77.6105	65.9084	72.6897	89.5579	56.1677	55.4286	61.5844	84.2723	47.0455	47.8426	0.0	65.5772	0.0	0.0	0.0	0.0	0.0	68.7079	100.6862	91.8687	95.4912	99.0471	100.0976
sub-0174	29.4095	33.4916	86.3478	56.6578	83.3982	69.3957	74.3612	92.2819	29.2955	20.6046	82.8859	57.7168	56.5833	37.5288	62.4773	87.4332	57.2778	48.8413	29.1203	24.9379	85.5729	53.8064	82.3822	69.7518	74.3658	92.6507	56.5949	56.5944	64.177	87.8315	55.8333	49.7811	0.0	68.6185	0.0	0.0	0.0	0.0	0.0	70.6838	100.3524	96.4648	92.8915	95.4395	106.0896
sub-0175	24.2176	44.6959	83.5417	55.2428	83.1386	72.9216	76.9439	94.0851	30.3707	20.619	83.3453	59.6245	57.9101	40.2347	68.1372	87.521	54.7857	50.8107	27.1264	37.0505	85.6928	55.5829	83.7891	72.9968	77.3367	94.9447	59.2481	58.3348	70.8653	88.6675	54.0	53.0758	0.0	70.4133	0.0	0.0	0.0	0.0	0.0	70.287	101.7942	92.7311	97.8409	99.4143	102.4379
sub-0176	18.6023	37.7339	84.7292	56.3721	80.6214	67.6455	73.5269	90.9608	30.0212	20.3533	82.1968	58.9296	59.7344	33.1743	65.0304	87.1872	57.1818	45.9674	19.5632	35.7123	85.015	54.598	80.0127	66.9478	72.3121	90.5272	59.9386	57.72	63.7362	85.9341	53.0833	45.6012	0.0	64.2591	0.0	0.0	0.0	0.0	0.0	71.2313	101.5924	90.6166	97.0079	98.2375	99.8058
sub-0177	18.4899	33.456	85.7211	53.3293	80.372	66.0189	71.3547	92.4349	32.1194	17.8272	82.8605	54.5574	53.2332	33.3799	60.2493	87.1615	48.85	48.8899	14.9877	31.1368	84.0638	50.4298	78.8772	64.7293	70.2445	92.044	53.6875	51.7719	60.361	85.9809	47.7667	41.9606	0.0	62.2189	0.0	0.0	0.0	0.0	0.0	72.2656	102.1035	92.3696	99.5519	98.7408	104.3308
sub-0178	15.0951	34.3324	85.581	54.497	84.8511	70.0419	76.9843	96.0604	23.7213	18.7521	85.0571	59.1439	58.0787	29.963	66.1319	90.3456	55.4286	45.8981	14.2627	28.1333	85.3875	53.5814	84.1231	68.6361	75.6945	95.3902	57.4371	57.8976	67.7461	89.939	44.931	44.2418	0.0	67.1316	0.0	0.0	0.0	0.0	0.0	67.7434	105.3964	91.7193	97.8433	100.6576	102.2728
sub-0179	26.8014	41.4816	84.9428	56.8587	82.7002	70.6118	76.7915	92.6423	31.6544	20.6969	81.9581	59.2914	57.1025	37.1345	64.3854	87.1513	48.6944	51.4181	18.5213	34.5847	85.103	55.9153	81.8565	69.9558	76.3106	92.8073	58.0176	56.9042	65.1122	86.7381	52.05	44.9076	0.0	66.2397	0.0	0.0	0.0	0.0	0.0	77.2679	100.2851	89.8036	92.1552	97.9133	103.0103
sub-0180	32.4248	34.1061	84.1583	55.9261	82.4367	68.4614	73.5995	91.282	35.7637	21.1194	81.046	58.0714	55.712	39.1197	64.0881	86.2886	50.2941	52.1417	29.9972	30.1879	83.4178	53.3334	82.3283	68.0745	73.8489	92.015	57.2061	55.1114	63.9918	85.8475	55.2727	51.4727	0.0	65.6982	0.0	0.0	0.0	0.0	0.0	66.7556	100.8493	93.7574	92.3258	96.0977	107.4053
sub-0181	25.7103	35.2468	85.8476	57.6738	84.7889	71.5096	76.4327	94.827	38.3579	22.1458	84.343	60.6728	58.9181	37.7256	66.6289	88.347	53.2222	53.1461	24.8649	28.3375	84.8381	55.1897	83.6287	71.3481	77.2614	95.5294	59.0771	56.3047	66.3278	87.4421	55.2857	53.8936	0.0	66.0592	0.0	0.0	0.0	0.0	0.0	72.4646	101.0294	96.0792	96.3376	97.0414	105.0397
sub-0182	18.0676	39.4153	84.3554	56.9895	82.9583	70.3311	77.4536	95.6009	27.3705	19.3351	83.6787	60.244	58.0949	32.7376	66.1227	89.0432	42.5588	49.4993	17.2574	36.1562	84.829	55.927	82.9257	69.7034	76.5979	95.1547	59.9326	57.028	66.2841	88.7878	45.0	46.348	0.0	67.6584	0.0	0.0	0.0	0.0	0.0	67.136	101.6191	89.1615	95.3941	97.7049	101.037
sub-0183	27.2229	36.1463	85.0301	57.5399	81.5979	70.1056	75.7376	94.5169	29.5273	25.2711	82.3589	58.6942	56.0092	38.2066	65.3248	87.3959	49.4706	46.8832	22.7273	36.9776	84.9733	56.2154	81.9755	69.2747	75.8278	94.6329	60.1533	58.8775	66.1807	87.7389	52.0	47.2428	0.0	69.0431	0.0	0.0	0.0	0.0	0.0	66.2837	101.3779	95.7607	94.0644	92.3805	103.5746
sub-0184	23.0028	40.37	86.0424	57.7038	83.6784	72.1782	80.5634	95.1963	29.9722	17.3137	83.1706	59.4776	57.7404	31.8786	64.9944	89.5547	53.1081	54.4275	18.8993	37.0885	85.6605	55.9029	80.8979	71.5386	79.3912	93.9767	57.6645	56.6841	66.7945	89.4046	54.6774	50.4129	0.0	63.5547	0.0	0.0	0.0	0.0	0.0	67.6822	105.5522	94.5045	94.2705	92.9385	104.9946
sub-0185	23.377	36.4894	86.6712	60.0379	83.6341	71.7494	79.0494	97.3423	27.8364	24.4993	83.4806	60.6956	58.5313	41.6131	65.7849	89.2339	53.9857	49.2925	22.3588	33.4832	86.7232	57.395	83.8926	71.4581	76.774	96.1674	58.7389	52.785	66.9725	88.2988	49.5435	44.5597	0.0	53.7448	0.0	0.0	0.0	0.0	0.0	67.3469	102.7797	92.5288	92.8812	91.8656	102.9846
sub-0186	16.1826	28.6176	85.1221	53.8446	83.5811	68.6861	75.0715	93.2756	19.3169	19.4147	80.4009	55.5187	54.4648	29.8278	63.118	88.97	50.5417	43.7293	16.1806	22.7632	83.6695	51.7463	82.2384	67.7996	73.5812	92.8357	54.0535	54.4213	63.2332	87.6726	42.8889	42.6344	0.0	64.4508	0.0	0.0	0.0	0.0	0.0	69.4097	102.0633	89.934	96.8828	100.3119	103.1042
sub-0187	17.671	32.8765	85.2126	57.0929	82.2509	67.3205	76.5865	94.0118	32.331	21.1684	82.004	59.5947	58.7149	38.3571	64.0374	86.4563	51.0769	44.5025	18.0096	32.1378	85.4424	55.6704	81.1617	67.7599	75.836	92.1804	58.9877	57.898	65.8723	85.8109	53.2353	46.2901	0.0	67.9259	0.0	0.0	0.0	0.0	0.0	79.2453	100.7269	89.5448	95.2237	98.275	99.723
sub-0188	30.7118	42.4919	84.4928	58.796	81.6273	72.7279	78.4076	93.3133	36.5748	24.9645	80.6758	61.1015	58.952	40.3527	67.193	86.3814	57.0	52.9363	31.8677	35.0791	85.6977	57.747	80.782	73.4406	77.5015	93.0029	59.0593	57.7895	68.9803	86.1472	54.25	54.6293	0.0	68.4532	0.0	0.0	0.0	0.0	0.0	75.2231	101.5163	94.4164	94.1508	91.6305	103.5
sub-0189	24.6612	38.9239	84.6129	56.4752	83.2526	71.7534	78.7934	94.6745	33.8731	20.4239	81.5289	59.5925	56.7571	37.259	67.2052	87.7734	52.7778	50.7007	21.4716	37.4609	83.3881	53.6253	80.9187	71.0573	78.4441	95.3808	58.2235	57.3298	67.2298	86.7503	53.75	47.776	0.0	68.2461	0.0	0.0	0.0	0.0	0.0	79.0	104.7347	96.5122	97.4811	99.6979	108.1022
sub-0190	24.5953	35.4786	84.7827	54.5258	84.8982	68.2483	74.6508	96.4418	28.788	19.305	83.6885	58.2926	55.8089	35.3026	63.5568	88.7154	48.9286	52.9186	22.9534	29.8342	83.3339	51.767	84.3438	69.4298	75.4182	97.6231	55.2313	55.712	66.6111	89.9731	51.2727	51.3579	0.0	64.7262	0.0	0.0	0.0	0.0	0.0	66.2626	102.4134	96.5862	96.9822	94.6714	103.1311
sub-0191	30.0372	32.9187	83.5883	56.3243	82.7033	70.7443	75.6754	90.332	34.1686	22.8556	81.6639	58.3826	57.7006	36.1546	64.3408	86.8229	54.7586	49.3812	27.0264	30.7092	82.4224	53.8294	80.1994	70.5034	75.2058	92.3259	57.059	58.0306	65.5153	86.417	48.2381	49.4628	0.0	66.1371	0.0	0.0	0.0	0.0	0.0	69.6462	104.318	98.4143	97.2584	100.3322	101.6331
sub-0192	18.8641	28.4429	84.9019	53.5204	82.9196	70.62	76.3823	93.0445	28.7921	18.2809	82.2644	54.9125	54.4981	33.7041	65.1633	88.1411	56.6667	50.5842	20.0791	32.1418	85.6422	52.4954	83.4857	70.9761	75.9368	93.2371	56.7671	58.2098	64.8758	89.7078	56.875	47.745	0.0	69.7048	0.0	0.0	0.0	0.0	0.0	68.8777	107.7441	92.8044	98.6005	102.7815	105.4537
sub-0193	23.2814	34.4635	83.5687	53.1553	80.2997	64.6865	72.0428	92.1633	27.6452	17.0257	78.6908	56.6908	55.621	35.9834	59.9905	84.4575	48.0968	48.2635	24.0	33.8904	83.1089	51.824	80.891	64.6335	71.0805	89.9065	54.8022	54.3232	62.6878	84.2381	40.0833	50.2986	0.0	68.0862	0.0	0.0	0.0	0.0	0.0	64.4773	102.0318	94.2355	93.8174	97.5428	107.3692
sub-0194	24.3447	32.3937	84.5705	55.3197	82.9627	71.0593	75.7188	94.5742	31.6254	20.7437	80.7449	58.9615	55.9896	32.2949	64.8032	86.3996	48.3571	47.5648	21.7687	31.2344	83.7621	52.5355	81.7483	69.02	75.3275	94.7689	55.9799	57.5261	64.7747	87.0397	53.8462	46.1358	0.0	68.4959	0.0	0.0	0.0	0.0	0.0	72.303	102.2899	95.9865	95.6585	95.4921	103.2055
sub-0195	30.8229	36.7226	84.5835	56.688	81.7029	72.2636	76.1082	90.9392	40.6555	23.5572	83.2952	59.2349	56.8071	38.058	67.6155	85.7396	54.5	54.9551	31.9581	30.9683	84.0816	54.8411	81.1841	72.1923	76.5953	90.3379	58.3933	57.6623	69.5703	86.247	61.5455	52.265	0.0	67.9111	0.0	0.0	0.0	0.0	0.0	70.4078	102.7354	96.607	95.3248	97.5475	108.9179
sub-0196	18.1963	39.8157	86.1837	55.7864	77.8734	68.3014	74.0773	91.0232	25.0272	16.6434	80.072	57.1261	56.9665	31.248	62.433	84.999	54.7143	45.7882	18.3935	32.7395	85.5332	54.1294	78.4171	67.6381	72.5969	90.4496	55.7795	54.9036	63.0838	85.8307	52.3684	45.464	0.0	66.466	0.0	0.0	0.0	0.0	0.0	70.7442	100.7297	84.4815	97.7944	99.2314	101.6291
sub-0197	14.7458	26.6262	84.6499	55.4436	82.8245	67.7729	74.9016	94.82	22.6442	20.5898	83.0215	54.9172	54.0755	32.5731	61.3163	89.3896	52.027	42.4939	16.0716	31.5037	83.4742	52.404	83.7224	67.7754	73.9954	93.3207	56.4154	55.8695	62.229	89.3164	50.7619	45.7835	0.0	64.3967	0.0	0.0	0.0	0.0	0.0	62.0882	94.7682	89.1334	93.4326	96.0616	102.1949
sub-0198	22.5694	33.8644	85.623	57.1435	85.6386	72.0607	77.5073	96.1062	24.1783	22.957	83.7719	60.5552	59.2421	31.5744	66.1	89.6839	54.6538	48.3091	19.5275	31.2694	85.3293	54.7778	85.6244	72.6043	76.5665	95.1162	58.5245	59.4393	69.7507	89.9201	49.3846	46.6936	0.0	69.5288	0.0	0.0	0.0	0.0	0.0	67.3333	100.8375	88.093	92.7571	96.6285	101.4799
sub-0199	16.6144	36.9206	84.9361	56.2827	83.6065	68.168	75.0568	96.8835	28.4981	17.2902	83.4178	57.1166	56.5453	33.0772	61.9806	89.5224	47.24	45.6274	17.0356	33.7857	83.8604	53.3235	82.9128	68.267	74.3993	95.9595	55.3053	56.5548	63.5629	89.5696	46.7619	45.5483	0.0	64.8478	0.0	0.0	0.0	0.0	0.0	69.3597	100.3615	89.9769	97.5074	99.8363	101.84
sub-0200	27.7927	42.0957	82.7518	56.4238	85.9077	70.7886	80.2478	95.007	34.3487	21.0234	80.5825	62.0267	60.6615	38.5386	65.0434	90.1927	48.5417	50.3318	29.092	39.2857	81.9993	53.6644	83.2357	70.1949	78.5941	92.3266	58.4643	59.1042	67.8511	88.5399	56.1053	50.328	0.0	69.1293	0.0	0.0	0.0	0.0	0.0	68.7953	105.4756	94.7156	94.4029	94.9449	101.5137
sub-0201	21.8387	38.4264	84.7372	56.8083	84.1091	68.206	72.9643	92.8269	36.8278	24.5582	82.3427	58.863	57.1001	39.4162	62.0732	87.4377	50.0	46.3519	24.1264	35.7954	84.9288	55.183	81.606	67.3271	71.9295	91.0536	57.5525	56.3582	62.9	86.294	41.0	47.8778	0.0	67.8796	0.0	0.0	0.0	0.0	0.0	70.1544	99.3084	91.8642	94.0499	98.4544	99.9342
sub-0202	22.3023	35.7082	85.0009	57.1607	82.1884	68.9368	74.1959	90.8075	29.1544	20.361	83.4309	59.7664	58.3543	40.3154	64.7713	87.3188	48.6562	48.0987	22.0583	29.4046	85.2709	55.3014	80.4772	68.3819	72.6636	90.1103	57.6098	57.5061	66.5282	86.799	43.9091	48.3148	0.0	65.5285	0.0	0.0	0.0	0.0	0.0	69.5533	97.2257	89.3776	92.6492	97.372	101.7889
sub-0203	21.663	37.2619	85.2884	56.8045	82.9492	71.578	78.5978	94.4702	32.508	17.6727	82.3628	58.7622	55.244	34.1549	64.2017	85.6974	53.1905	47.0843	20.0091	33.1993	84.8566	55.0991	81.9708	69.1132	76.6258	92.3972	56.6528	55.4139	63.9625	86.6622	50.5	47.9776	0.0	68.8122	0.0	0.0	0.0	0.0	0.0	66.2358	104.7272	89.4403	94.9814	100.2694	103.0721
sub-0204	18.5849	38.4151	84.916	55.9821	84.5669	71.5314	77.6652	97.2161	30.9703	23.529	82.7279	57.8411	58.5156	34.2443	65.5113	88.4409	54.9286	44.5451	19.2026	35.6057	83.7034	52.5537	84.5522	72.2396	75.4887	95.2687	57.3996	58.9433	64.7676	87.7238	53.7083	47.3377	0.0	68.8516	0.0	0.0	0.0	0.0	0.0	70.5776	100.5615	89.423	98.8759	98.6459	100.5572
sub-0205	25.6268	36.1595	84.0267	55.7532	84.2325	71.3275	75.9519	94.7736	36.2463	24.7458	82.3133	56.4184	57.2239	34.6006	65.041	87.0171	52.95	47.0594	26.5414	29.4578	83.5664	53.7442	82.9376	71.9172	75.1954	95.0285	56.1888	57.2313	67.3648	87.9912	52.6	53.2714	0.0	68.1474	0.0	0.0	0.0	0.0	0.0	72.9836	106.7011	98.5495	97.3083	100.0085	109.6852
sub-0206	20.1072	37.9453	85.7695	57.876	85.2618	70.9893	78.6397	96.8652	30.2366	24.363	83.2461	61.101	60.3693	28.0782	64.4525	89.1645	50.3846	53.1113	20.465	32.3304	86.661	57.1108	84.6093	69.4603	76.8732	94.3454	58.7639	57.8029	67.4978	87.8897	55.8182	50.7906	0.0	68.9833	0.0	0.0	0.0	0.0	0.0	71.9286	103.001	97.0782	100.1807	102.4479	104.0703
sub-0207	22.4822	38.1003	82.8108	56.3785	85.4364	73.1181	80.9333	98.6395	41.2471	22.0064	82.1339	60.3196	60.4063	38.0087	69.094	88.8758	53.5181	51.5875	24.3831	40.446	83.5424	55.7284	85.6034	73.7728	79.7294	97.2368	59.7073	61.0159	70.6477	88.0948	47.2647	50.3195	0.0	67.2884	0.0	0.0	0.0	0.0	0.0	80.6129	100.6036	91.157	96.5602	98.1801	101.9705
sub-0208	26.7405	36.7722	83.8975	56.6104	81.6477	70.0222	76.7915	93.2542	33.9834	21.3528	81.1775	59.5632	57.4686	39.525	64.4532	85.5756	56.1364	51.3962	27.6381	32.5152	84.9854	55.4868	81.2775	68.9013	75.7728	92.8388	59.3761	57.6052	66.9213	85.4885	54.0833	48.2818	0.0	65.2075	0.0	0.0	0.0	0.0	0.0	75.2455	103.1336	89.2917	95.2351	99.425	100.8855
sub-0209	26.9803	43.2778	85.3901	56.5772	81.7273	70.2306	75.9912	94.4043	33.0643	22.1208	83.1294	60.2053	58.4024	33.0255	65.0396	88.4628	49.1628	53.6593	26.9392	32.7593	85.1391	54.9918	81.8073	70.9652	75.6415	92.9913	58.9724	59.2205	66.481	87.7147	38.5294	50.8774	0.0	65.1336	0.0	0.0	0.0	0.0	0.0	73.2193	104.2124	95.2539	95.1022	96.6067	104.4158
sub-0210	23.7301	42.5022	86.3956	56.8018	84.3313	70.9666	77.5399	93.7757	31.2752	24.0488	84.5774	60.1179	57.7406	37.0997	66.112	88.341	55.8	49.0221	24.5538	27.7483	86.5085	56.3105	83.7916	70.9111	77.6414	94.1169	58.3184	56.4335	68.4013	90.2017	51.95	48.5463	0.0	68.1188	0.0	0.0	0.0	0.0	0.0	75.6629	104.4149	93.0092	96.0492	100.2216	102.4887
sub-0211	19.323	31.8385	86.5158	56.6305	80.0556	65.1528	73.3378	91.0429	31.0263	19.0866	82.2202	55.4401	55.5777	33.716	61.1754	85.8908	46.1429	50.2697	19.7388	22.4518	86.5857	54.6936	79.5697	65.0797	72.8795	90.7273	55.3224	54.5205	61.9307	86.3454	47.3	47.4803	0.0	66.7804	0.0	0.0	0.0	0.0	0.0	71.7677	102.0853	94.5646	96.4596	99.9703	102.4388
sub-0212	26.1277	36.727	85.143	55.4733	83.974	72.0584	76.7647	95.855	33.0169	20.8904	84.5233	58.1214	55.6188	36.8461	65.2771	88.0609	53.7222	50.848	26.9152	29.4909	84.402	53.2705	83.5847	73.5523	76.2427	96.0807	56.7677	57.0905	68.4749	88.1848	53.6327	49.2177	0.0	70.0942	0.0	0.0	0.0	0.0	0.0	67.2467	105.131	93.9807	95.3338	99.7124	103.6049
sub-0213	19.8427	35.4759	84.7338	57.1715	82.4935	68.7899	76.2518	93.1437	30.3909	21.8139	83.0444	59.5959	58.098	39.1084	64.1085	86.4099	55.1852	49.669	20.6701	32.6679	84.0078	54.8222	81.3009	68.2579	74.9337	91.0618	58.5087	57.5478	65.0945	86.1487	46.2778	49.6609	0.0	66.6196	0.0	0.0	0.0	0.0	0.0	67.1136	96.4404	91.2896	94.2252	96.6494	99.199
sub-0214	29.0637	42.1479	83.5574	55.9618	81.8129	68.9031	77.6139	94.0676	37.3602	20.4487	80.4124	59.6675	55.6499	36.4646	64.8762	85.8159	52.4231	53.1871	29.0562	34.6006	82.3267	54.0558	81.5596	68.6495	78.3646	94.563	58.7985	57.3022	67.5849	86.1697	50.35	50.5934	0.0	68.2868	0.0	0.0	0.0	0.0	0.0	66.2951	102.3054	92.3473	92.0641	94.8857	107.4169
sub-0215	23.8119	38.7345	84.2667	55.9406	78.9589	69.3439	75.012	93.8348	34.0225	24.5109	83.5986	58.7097	58.1671	36.1135	63.8816	86.6799	55.0227	51.772	22.0908	36.2316	82.9473	54.1905	79.8171	68.2844	74.0873	92.263	57.3615	57.966	64.4	85.6917	54.3077	49.5815	0.0	65.6264	0.0	0.0	0.0	0.0	0.0	64.5	99.4698	84.9711	87.1678	89.645	96.5632
sub-0216	24.4754	43.6193	83.9937	55.9463	84.1378	71.3983	77.9787	94.5357	37.7352	22.6897	82.4743	60.1764	56.2476	35.147	69.0489	88.7494	49.1746	47.7061	26.2915	29.2247	83.1401	53.6891	84.9598	73.0513	79.0132	96.2082	58.2873	57.4609	71.7419	88.9143	48.5778	49.4322	0.0	66.5	0.0	0.0	0.0	0.0	0.0	70.8036	102.3931	93.4362	91.9509	100.5639	102.9135
