rh.aparc.thickness	rh_bankssts_thickness	rh_caudalanteriorcingulate_thickness	rh_caudalmiddlefrontal_thickness	rh_cuneus_thickness	rh_entorhinal_thickness	rh_fusiform_thickness	rh_inferiorparietal_thickness	rh_inferiortemporal_thickness	rh_isthmuscingulate_thickness	rh_lateraloccipital_thickness	rh_lateralorbitofrontal_thickness	rh_lingual_thickness	rh_medialorbitofrontal_thickness	rh_middletemporal_thickness	rh_parahippocampal_thickness	rh_paracentral_thickness	rh_parsopercularis_thickness	rh_parsorbitalis_thickness	rh_parstriangularis_thickness	rh_pericalcarine_thickness	rh_postcentral_thickness	rh_posteriorcingulate_thickness	rh_precentral_thickness	rh_precuneus_thickness	rh_rostralanteriorcingulate_thickness	rh_rostralmiddlefrontal_thickness	rh_superiorfrontal_thickness	rh_superiorparietal_thickness	rh_superiortemporal_thickness	rh_supramarginal_thickness	rh_frontalpole_thickness	rh_temporalpole_thickness	rh_transversetemporal_thickness	rh_insula_thickness	rh_MeanThickness_thickness	BrainSegVolNotVent	eTIV
sub-0001	2.324	2.653	2.507	1.916	3.86	2.567	2.404	2.752	2.463	2.117	2.553	2.127	2.398	2.789	2.453	2.464	2.563	2.62	2.356	1.733	2.021	2.432	2.483	2.393	3.008	2.266	2.616	2.206	2.709	2.437	2.537	3.539	2.344	2.963	2.42927	1014544.0	1201948.163836
sub-0002	2.641	2.736	2.636	2.085	3.778	2.645	2.378	2.603	2.499	2.247	2.524	2.146	2.526	2.858	2.259	2.588	2.762	2.6	2.495	1.656	2.088	2.527	2.702	2.393	2.808	2.416	2.742	2.296	2.968	2.448	2.834	3.791	2.759	3.22	2.52199	1270074.0	1692712.587
sub-0003	2.354	2.497	2.496	1.908	2.981	2.652	2.569	2.595	2.074	2.113	2.659	2.152	2.598	2.827	2.762	2.436	2.72	2.553	2.578	1.549	2.082	2.398	2.589	2.461	2.767	2.399	2.891	2.251	2.951	2.583	2.35	3.898	2.674	3.044	2.50422	1184521.0	1325368.010617
sub-0004	2.516	2.556	2.468	2.025	3.325	2.718	2.47	2.65	2.505	2.349	2.675	2.258	2.663	2.877	2.797	2.596	2.377	2.815	2.285	1.846	2.224	2.299	2.642	2.546	3.035	2.365	2.712	2.288	3.025	2.495	2.784	3.717	2.922	3.158	2.5481	1119876.0	1338131.287899
sub-0005	2.742	2.585	2.768	2.049	3.157	2.672	2.631	2.74	2.242	2.35	2.746	2.385	2.436	2.966	2.708	2.524	2.825	2.882	2.659	1.782	2.248	2.418	2.738	2.512	3.12	2.53	2.991	2.3	2.798	2.72	2.539	3.336	2.691	3.097	2.61024	1225864.0	1581896.5295
sub-0006	2.586	2.659	2.642	2.053	3.278	2.612	2.49	2.676	2.371	2.32	2.768	2.282	2.443	2.727	2.629	2.548	2.651	2.687	2.443	1.718	2.16	2.479	2.767	2.517	2.952	2.375	2.85	2.335	2.756	2.58	2.875	2.845	2.847	3.073	2.53998	1247786.0	1354293.234785
sub-0007	2.573	2.291	2.659	2.168	3.583	2.793	2.533	2.773	2.271	2.469	2.777	2.248	2.739	2.842	2.881	2.737	2.594	2.693	2.411	1.789	2.212	2.493	2.69	2.652	3.531	2.384	2.963	2.442	2.962	2.585	2.576	3.658	2.953	3.119	2.62394	1134965.0	1427446.163529
sub-0008	2.783	2.487	2.714	2.12	3.418	2.716	2.601	2.63	2.403	2.368	2.664	2.264	2.61	2.916	2.658	2.657	2.843	2.835	2.758	1.772	2.236	2.671	2.65	2.637	2.904	2.514	2.932	2.421	3.071	2.646	2.629	3.699	2.497	3.228	2.63731	1271852.0	1654753.210314
sub-0009	2.614	2.459	2.265	2.197	3.677	2.579	2.464	2.709	2.699	2.214	2.651	2.216	2.399	2.827	2.684	2.43	2.539	2.858	2.508	1.87	2.024	2.374	2.372	2.38	3.111	2.271	2.602	2.1	2.628	2.593	2.787	3.319	2.665	2.897	2.43862	961027.0	1092941.805296
sub-0010	2.766	2.572	2.554	2.03	2.894	2.84	2.555	2.902	2.891	2.307	2.679	2.212	2.757	3.021	2.64	2.565	2.691	2.707	2.655	1.702	2.11	2.539	2.577	2.516	3.052	2.449	2.775	2.276	2.902	2.578	2.651	3.79	2.542	3.136	2.57046	996538.0	1093207.499499
sub-0011	2.519	2.778	2.537	2.28	2.828	2.726	2.561	2.602	2.258	2.394	2.719	2.216	2.543	2.763	2.916	2.478	2.497	2.865	2.599	1.672	2.081	2.298	2.537	2.5	2.919	2.383	2.623	2.3	2.951	2.467	2.819	3.284	2.458	2.956	2.51233	1074820.0	1243840.702788
sub-0012	2.565	2.626	2.519	2.041	3.538	2.6	2.297	2.589	2.621	2.181	2.599	2.122	2.453	2.784	2.987	2.306	2.498	2.655	2.534	1.759	1.961	2.428	2.492	2.301	2.93	2.382	2.611	1.996	2.836	2.396	2.695	3.816	2.654	3.182	2.42495	1111331.0	1264759.854439
sub-0013	2.465	2.426	2.231	1.862	3.181	2.493	2.38	2.503	2.275	2.104	2.572	1.807	2.496	2.615	2.632	2.315	2.452	2.279	2.203	1.577	1.858	2.488	2.256	2.412	2.791	2.161	2.564	2.045	2.509	2.307	2.664	3.658	2.371	2.939	2.33594	990010.0	1265525.676304
sub-0014	2.744	2.53	2.532	2.165	3.324	2.827	2.544	2.822	2.578	2.457	2.589	2.333	2.614	3.1	2.81	2.42	2.802	2.78	2.605	2.037	2.283	2.561	2.669	2.578	3.071	2.438	2.794	2.23	3.063	2.632	2.887	3.53	2.801	3.129	2.62298	1120069.0	1194162.842278
sub-0015	2.67	2.888	2.819	2.024	3.479	2.901	2.632	2.866	2.523	2.49	2.781	2.307	2.769	3.043	2.872	2.65	2.87	2.965	2.612	1.768	2.204	2.829	2.818	2.677	3.441	2.65	3.121	2.423	3.196	2.7	2.98	4.162	3.023	3.15	2.72146	1171623.0	1339820.259997
sub-0016	2.653	2.644	2.824	1.962	3.329	2.728	2.616	2.766	2.272	2.416	2.649	2.321	2.907	2.841	3.015	2.621	2.729	2.585	2.601	1.755	2.113	2.626	2.704	2.606	3.198	2.467	3.092	2.318	2.966	2.643	2.822	3.807	2.724	3.179	2.63654	1139249.0	1474210.897235
sub-0017	2.747	2.648	2.637	1.971	2.8	2.684	2.508	2.635	2.687	2.406	2.491	2.287	2.577	2.774	3.042	2.562	2.732	2.525	2.438	1.726	2.153	2.467	2.597	2.633	3.133	2.475	2.921	2.341	2.94	2.593	2.726	3.549	2.669	3.041	2.57288	1029582.0	1337595.153561
sub-0018	2.628	2.47	2.448	1.772	3.39	2.718	2.358	2.517	2.927	2.111	2.609	2.162	2.757	2.746	2.592	2.487	2.519	2.521	2.553	1.63	1.994	2.721	2.509	2.391	2.939	2.315	2.734	2.124	2.798	2.488	2.675	3.87	2.444	2.873	2.44633	1134499.0	1314539.920729
sub-0019	2.626	2.653	2.643	2.22	3.218	2.836	2.868	2.789	2.577	2.337	2.693	2.215	2.747	2.98	3.051	2.762	2.736	2.77	2.423	1.977	2.253	2.546	2.791	2.719	3.394	2.493	2.869	2.473	2.967	2.72	2.972	3.712	2.438	3.261	2.67084	1113947.0	1196587.615369
sub-0020	2.57	2.801	2.475	2.07	3.992	2.728	2.367	2.761	2.718	2.324	2.79	2.348	2.914	2.88	2.842	2.655	2.808	2.699	2.609	1.931	2.098	2.677	2.553	2.489	3.212	2.46	2.802	2.233	2.959	2.512	3.197	4.002	2.63	3.078	2.58364	1150630.0	1315502.237016
sub-0021	2.58	2.6	2.774	2.133	3.358	2.852	2.515	2.709	2.547	2.314	2.856	2.365	2.661	2.899	2.559	2.729	2.862	2.982	2.494	2.074	2.193	2.653	2.826	2.544	2.914	2.479	2.916	2.278	3.128	2.625	2.774	3.804	2.818	3.143	2.64282	1372085.0	1609779.54358
sub-0022	2.685	2.871	2.806	1.892	3.512	2.727	2.437	2.699	3.057	2.178	2.996	2.065	3.27	2.935	2.878	2.554	3.038	3.133	2.674	1.577	1.969	2.904	2.603	2.512	3.432	2.709	3.161	2.191	2.955	2.607	3.138	4.049	2.656	3.324	2.63139	1221000.0	1408518.840885
sub-0023	2.44	2.481	2.467	2.076	3.325	2.678	2.322	2.545	2.248	2.275	2.657	2.123	2.683	2.68	2.662	2.569	2.474	2.676	2.466	1.848	2.024	2.287	2.531	2.342	3.174	2.342	2.801	2.098	2.604	2.316	2.645	3.673	2.312	3.039	2.44455	1084941.0	1210037.224423
sub-0024	2.565	2.684	2.463	2.057	3.516	2.626	2.471	2.524	2.467	2.092	2.7	2.176	2.646	2.769	2.298	2.333	2.541	2.649	2.448	1.81	2.015	2.515	2.416	2.486	2.897	2.43	2.787	2.22	2.729	2.505	2.844	3.311	2.316	3.114	2.46709	1255311.0	1703918.889579
sub-0025	2.664	2.726	2.653	2.499	3.257	2.94	2.73	2.793	2.468	2.452	2.897	2.467	2.593	2.932	2.98	2.767	2.774	3.204	2.583	2.026	2.177	2.609	2.745	2.736	3.195	2.514	2.81	2.416	2.875	2.616	2.753	3.811	2.796	2.917	2.67867	1140770.0	1193695.388857
sub-0026	2.634	2.614	2.592	2.027	3.734	2.756	2.445	2.613	2.364	2.339	2.623	2.339	2.512	2.803	2.61	2.51	2.596	2.68	2.715	1.838	2.119	2.632	2.651	2.553	3.129	2.396	2.834	2.313	2.843	2.579	2.759	3.347	2.692	3.22	2.55705	1228402.0	1520543.146445
sub-0027	2.425	3.148	2.579	2.097	3.751	2.577	2.411	2.803	2.844	2.266	2.646	2.339	2.693	2.895	2.763	2.538	2.592	2.496	2.434	1.863	2.056	2.638	2.653	2.554	3.172	2.342	2.923	2.275	2.84	2.572	2.584	3.822	2.549	2.922	2.55193	1091162.0	1143148.09348
sub-0028	2.315	2.354	2.615	1.855	3.362	2.639	2.399	2.576	2.509	2.169	2.555	2.057	2.403	2.777	2.784	2.452	2.622	2.399	2.556	1.607	2.146	2.294	2.634	2.343	2.666	2.442	2.683	2.243	2.895	2.506	2.514	3.542	2.685	2.948	2.46417	1285061.0	1768709.871258
sub-0029	2.62	2.576	2.609	2.11	3.523	2.766	2.622	2.736	2.482	2.402	2.582	2.324	2.643	2.953	2.778	2.765	2.73	2.946	2.533	2.054	2.256	2.455	2.739	2.592	3.119	2.419	2.874	2.425	3.048	2.661	2.472	3.718	2.719	3.044	2.63121	1121926.0	1307248.794911
sub-0030	2.73	2.535	2.69	1.995	3.485	2.79	2.588	2.759	2.175	2.354	2.665	2.206	2.705	2.976	2.738	2.674	2.951	2.981	2.508	1.713	2.173	2.624	2.818	2.657	3.187	2.623	3.028	2.388	3.093	2.607	3.063	3.521	2.898	3.085	2.65301	1360253.0	1634121.287963
sub-0031	2.45	2.583	2.695	2.016	3.195	2.679	2.486	2.618	2.529	2.217	2.639	2.109	2.513	2.847	2.698	2.578	2.546	2.592	2.461	1.639	2.12	2.331	2.663	2.501	2.97	2.402	2.84	2.306	2.791	2.447	2.793	3.658	2.706	2.9	2.51106	1066825.0	1329892.526925
sub-0032	2.671	2.601	2.576	2.152	3.517	2.532	2.559	2.627	2.302	2.305	2.772	2.231	2.768	2.847	2.925	2.523	2.663	2.474	2.547	1.955	2.154	2.559	2.694	2.526	3.327	2.457	2.871	2.333	2.93	2.547	2.73	3.601	2.842	2.953	2.56554	1264512.0	1489493.778253
sub-0033	2.721	2.914	2.62	2.283	3.379	2.745	2.56	2.77	2.691	2.37	2.775	2.359	2.792	2.903	3.016	2.776	2.755	2.791	2.479	1.976	2.375	2.595	2.871	2.611	3.168	2.471	2.879	2.459	3.128	2.746	2.687	3.533	2.721	2.895	2.67299	1234151.0	1390204.431298
sub-0034	2.598	2.984	2.665	2.252	3.138	2.817	2.595	2.639	2.329	2.477	2.665	2.414	2.58	2.912	2.915	2.55	2.603	2.771	2.548	1.84	2.087	2.682	2.641	2.652	3.01	2.533	2.929	2.425	3.071	2.566	3.163	3.765	2.753	2.993	2.63318	1192164.0	1548854.973346
sub-0035	2.537	2.747	2.331	2.079	3.797	2.902	2.351	2.653	2.298	2.279	2.67	2.343	2.709	2.633	2.948	2.471	2.513	2.85	2.489	1.672	2.009	2.7	2.441	2.482	3.19	2.362	2.58	2.173	2.644	2.505	2.623	3.414	2.556	3.06	2.47128	1178058.0	1285548.492311
sub-0036	2.621	2.819	2.641	1.994	3.389	2.714	2.467	2.622	2.416	2.269	2.531	2.196	2.619	2.766	2.755	2.557	2.75	2.748	2.556	1.779	2.137	2.474	2.609	2.586	3.399	2.507	2.857	2.294	2.861	2.535	2.558	3.751	2.621	3.078	2.55668	1206564.0	1325186.698783
sub-0037	2.596	2.957	2.491	2.105	2.786	2.494	2.365	2.534	2.593	2.156	2.548	2.224	2.591	2.681	2.772	2.521	2.683	2.437	2.404	1.809	2.15	2.559	2.552	2.324	2.949	2.181	2.755	2.197	2.785	2.476	2.482	3.705	2.794	3.028	2.4639	1040608.0	1039161.90809
sub-0038	2.513	2.88	2.511	2.023	3.315	2.688	2.298	2.657	2.348	2.188	2.797	2.095	2.709	2.724	2.727	2.413	2.793	2.969	2.366	1.822	2.233	2.542	2.593	2.353	2.958	2.499	2.876	2.134	2.865	2.487	2.834	3.667	2.691	3.022	2.50522	1176616.0	1370328.370742
sub-0039	2.553	2.732	2.665	1.979	3.353	2.748	2.463	2.673	2.652	2.381	2.743	2.108	2.742	3.027	2.719	2.429	2.524	2.622	2.51	1.822	2.335	2.627	2.355	2.464	3.163	2.493	2.881	2.24	2.928	2.497	2.554	3.54	2.615	3.02	2.56452	1126390.0	1282072.917977
sub-0040	2.691	2.686	2.452	1.984	3.479	2.559	2.476	2.566	2.472	2.273	2.622	2.27	2.581	2.787	2.844	2.414	2.596	2.637	2.348	1.99	2.047	2.607	2.421	2.472	3.302	2.372	2.608	2.145	2.772	2.553	2.416	3.537	2.489	3.032	2.48017	1365708.0	1776357.318161
sub-0041	2.499	2.412	2.466	2.015	3.197	2.637	2.432	2.572	2.147	2.234	2.504	2.229	2.563	2.785	2.519	2.329	2.39	2.798	2.416	1.818	1.921	2.503	2.534	2.503	2.681	2.289	2.702	2.202	2.766	2.489	2.608	3.649	2.465	2.9	2.45661	1123563.0	1211554.573673
sub-0042	2.464	2.899	2.552	2.076	3.286	2.64	2.462	2.4	2.374	2.324	2.679	2.136	2.537	2.676	2.697	2.692	2.554	2.676	2.503	1.776	1.985	2.503	2.678	2.477	3.028	2.3	2.752	2.333	2.869	2.482	2.288	3.657	2.541	2.859	2.50534	1260747.0	1595125.765693
sub-0043	2.486	2.954	2.678	2.023	3.282	2.628	2.467	2.486	2.518	2.178	2.627	2.136	2.65	2.655	2.759	2.501	2.699	2.625	2.598	1.76	2.14	2.384	2.77	2.554	3.234	2.485	2.821	2.216	2.863	2.515	2.768	3.453	2.874	3.13	2.53064	1207592.0	1573892.518748
sub-0044	2.683	2.796	2.707	2.228	3.517	2.777	2.548	2.658	2.487	2.358	2.769	2.395	2.659	2.964	2.682	2.655	2.955	2.615	2.706	1.857	2.287	2.648	2.694	2.526	2.916	2.636	2.951	2.34	2.897	2.633	2.961	3.252	2.591	2.942	2.63864	1263702.0	1447858.351082
sub-0045	2.721	2.571	2.76	2.308	3.664	2.813	2.626	2.654	2.374	2.392	2.596	2.253	2.441	2.961	2.684	2.656	2.932	2.77	2.531	1.861	2.107	2.471	2.751	2.598	2.99	2.452	2.869	2.442	3.057	2.67	2.542	3.587	2.83	3.003	2.62108	1384451.0	1641357.40128
sub-0046	2.55	2.723	2.652	2.167	3.427	2.795	2.577	2.633	2.291	2.512	2.692	2.28	2.622	2.844	3.061	2.683	2.768	2.749	2.708	1.854	2.14	2.548	2.737	2.541	3.11	2.492	2.919	2.309	2.934	2.66	2.63	3.499	2.834	3.081	2.62379	1196331.0	1302253.120518
sub-0047	2.571	2.426	2.541	2.062	3.495	2.778	2.488	2.668	2.343	2.148	2.55	2.064	2.715	2.922	2.848	2.23	2.713	2.647	2.548	1.711	2.05	2.417	2.434	2.27	3.002	2.339	2.686	2.212	2.791	2.573	3.138	3.603	2.471	3.124	2.47487	1131089.0	1352635.107834
sub-0048	2.507	2.41	2.628	2.143	3.825	2.702	2.432	2.706	2.277	2.287	2.552	2.143	2.648	2.84	2.695	2.403	2.463	2.611	2.402	1.729	2.078	2.604	2.615	2.566	2.912	2.426	2.796	2.284	2.823	2.542	2.654	3.427	2.711	3.083	2.52876	1065029.0	1275646.579865
sub-0049	2.553	2.916	2.468	1.881	2.664	2.665	2.424	2.591	2.146	2.21	2.625	1.932	2.638	2.742	2.594	2.544	2.558	2.651	2.472	1.527	2.059	2.489	2.636	2.463	3.034	2.345	2.625	2.177	2.69	2.441	2.831	3.676	2.361	3.052	2.46349	1063425.0	1241971.165177
sub-0050	2.587	2.323	2.686	2.069	2.934	2.588	2.524	2.597	2.646	2.29	2.546	2.199	2.551	2.941	2.719	2.565	2.626	2.538	2.571	1.687	2.079	2.54	2.74	2.55	2.737	2.452	2.846	2.293	2.831	2.709	2.32	3.862	2.61	2.909	2.55616	1004192.0	1167348.605998
sub-0051	2.566	2.251	2.31	1.942	3.537	2.588	2.276	2.478	2.445	2.167	2.469	2.227	2.421	2.713	2.632	2.289	2.355	2.763	2.341	1.721	1.919	2.458	2.426	2.264	2.894	2.313	2.573	2.055	2.769	2.485	2.263	3.563	2.684	2.815	2.38294	1129476.0	1367177.983431
sub-0052	2.578	2.684	2.734	1.942	3.401	2.678	2.477	2.606	2.523	2.324	2.656	2.294	2.678	2.685	2.457	2.461	2.686	2.739	2.631	1.954	2.116	2.425	2.833	2.487	3.077	2.512	2.863	2.278	2.871	2.632	2.727	3.443	2.683	3.131	2.56433	1393928.0	1612813.686328
sub-0053	2.45	2.778	2.532	1.971	3.21	2.696	2.465	2.543	2.514	2.217	2.586	2.207	2.9	2.776	2.782	2.645	2.662	2.706	2.486	1.62	2.055	2.483	2.622	2.415	3.154	2.479	2.771	2.245	2.856	2.534	2.909	3.949	2.513	3.17	2.52273	1085378.0	1448329.281742
sub-0054	2.643	3.376	2.654	2.256	3.559	2.729	2.574	2.668	2.301	2.371	2.791	2.222	2.831	2.875	2.463	2.589	2.619	2.667	2.467	1.771	2.076	2.518	2.698	2.625	3.286	2.491	2.85	2.392	2.91	2.634	2.699	3.615	2.423	3.306	2.61143	1051119.0	1474969.459443
sub-0055	2.749	2.389	2.583	1.952	3.617	2.622	2.47	2.572	2.869	2.084	2.612	2.089	2.631	2.846	2.61	2.568	2.392	2.806	2.547	1.63	2.07	2.681	2.633	2.479	2.709	2.368	2.92	2.101	2.939	2.606	2.688	3.587	2.623	3.114	2.5114	1281831.0	1559112.265607
sub-0056	2.459	2.591	2.467	2.038	2.954	2.526	2.329	2.466	2.485	2.144	2.521	2.09	2.557	2.605	2.849	2.537	2.662	2.5	2.446	1.904	1.988	2.587	2.522	2.525	3.179	2.298	2.654	2.227	2.706	2.422	2.633	3.339	2.571	3.014	2.4338	1128463.0	1159536.339825
sub-0057	2.806	2.514	2.472	2.013	3.496	2.774	2.513	2.715	2.496	2.379	2.851	2.34	2.746	2.998	2.806	2.539	2.83	2.709	2.499	1.893	2.049	2.517	2.576	2.451	3.287	2.428	2.727	2.236	2.948	2.613	2.821	3.785	2.647	3.098	2.56836	920873.0	1012605.008482
sub-0058	2.522	2.717	2.633	1.961	3.926	2.665	2.463	2.843	2.488	2.167	2.648	2.114	2.74	2.803	2.377	2.568	2.645	2.619	2.492	1.618	2.137	2.461	2.652	2.445	3.029	2.465	2.897	2.172	2.908	2.646	2.376	3.332	2.397	3.054	2.53414	1324301.0	1600616.506302
sub-0059	2.76	2.887	2.64	1.939	3.719	2.737	2.624	2.803	2.622	2.4	2.714	2.212	2.489	3.032	2.888	2.551	2.747	2.712	2.642	1.887	2.129	2.556	2.607	2.535	2.987	2.471	2.828	2.379	2.985	2.718	2.946	3.986	2.69	3.115	2.61103	1142257.0	1501855.143357
sub-0060	2.711	2.618	2.586	2.159	3.774	2.779	2.599	2.67	2.398	2.44	2.679	2.261	2.614	2.876	2.944	2.604	2.746	2.784	2.683	2.164	2.248	2.494	2.739	2.645	2.978	2.615	2.9	2.426	2.909	2.723	3.002	3.711	2.751	2.94	2.64738	1205004.0	1505207.336789
sub-0061	2.749	2.537	2.808	2.261	2.863	2.663	2.742	2.762	2.525	2.381	2.796	2.284	2.836	3.033	2.875	2.678	2.872	2.77	2.498	2.012	2.291	2.536	2.853	2.673	3.369	2.513	2.959	2.403	2.92	2.788	2.78	3.378	2.839	3.052	2.68024	1181018.0	1369511.409073
sub-0062	2.692	2.68	2.65	1.932	3.71	2.711	2.461	2.747	2.578	2.368	2.61	2.253	2.54	2.861	2.563	2.454	2.564	2.785	2.548	1.931	2.098	2.584	2.699	2.41	2.953	2.364	2.787	2.253	2.987	2.54	2.753	4.029	2.933	3.191	2.57347	1084223.0	1272209.610922
sub-0063	2.629	2.435	2.459	1.99	3.703	2.697	2.352	2.762	2.383	2.247	2.674	2.13	2.481	2.772	2.911	2.49	2.509	2.5	2.396	1.759	2.174	2.35	2.578	2.355	2.937	2.31	2.584	2.096	2.872	2.491	2.798	3.241	2.634	2.891	2.45657	1086311.0	1170114.002443
sub-0064	2.589	2.957	2.475	2.049	3.219	2.621	2.372	2.49	2.563	2.112	2.779	2.158	2.659	2.688	3.015	2.409	2.755	2.556	2.553	1.767	1.945	2.633	2.636	2.39	3.148	2.453	2.782	1.993	2.905	2.555	2.856	3.131	2.482	3.158	2.48289	984512.0	1157736.089383
sub-0065	2.64	2.541	2.456	2.039	3.32	2.731	2.419	2.666	2.437	2.263	2.577	2.201	2.69	2.857	2.511	2.37	2.583	2.703	2.342	1.951	1.986	2.461	2.446	2.404	3.098	2.303	2.505	2.103	2.779	2.469	2.594	3.56	2.455	2.886	2.45485	1072697.0	1274150.700682
sub-0066	2.602	2.782	2.483	2.201	3.016	2.557	2.55	2.602	2.841	2.231	2.845	2.409	2.841	2.776	2.784	2.613	2.848	2.829	2.652	1.881	2.0	2.806	2.608	2.708	3.075	2.424	2.825	2.292	2.883	2.509	2.826	3.573	2.598	3.146	2.57924	1223530.0	1314873.090574
sub-0067	2.841	2.615	2.499	1.907	3.344	2.609	2.402	2.638	2.451	2.229	2.546	2.098	2.594	2.803	2.839	2.407	2.611	2.736	2.407	1.788	2.126	2.489	2.591	2.372	3.225	2.347	2.747	2.217	2.708	2.525	2.661	3.299	2.404	2.917	2.479	1108653.0	1454330.520659
sub-0068	2.42	2.812	2.453	2.083	3.432	2.782	2.487	2.689	2.289	2.345	2.661	2.2	2.791	2.707	2.959	2.531	2.703	2.548	2.526	1.85	2.051	2.539	2.663	2.477	3.013	2.53	2.807	2.27	2.885	2.546	2.867	3.787	2.973	2.974	2.54776	1126409.0	1186125.767314
sub-0069	2.491	2.672	2.745	2.03	3.144	2.643	2.45	2.621	2.452	2.188	2.59	2.195	2.553	2.785	2.701	2.497	2.866	2.716	2.564	1.875	2.229	2.424	2.717	2.374	3.084	2.463	2.796	2.146	2.828	2.512	2.831	3.568	2.5	3.079	2.52438	1094167.0	1221414.088014
sub-0070	2.463	2.562	2.624	2.343	3.153	2.668	2.54	2.795	2.692	2.345	2.557	2.254	2.451	2.677	3.214	2.476	2.812	2.615	2.536	1.822	2.138	2.513	2.537	2.387	3.111	2.397	2.786	2.256	3.096	2.628	2.725	3.331	2.745	2.745	2.53525	1292486.0	1755328.487204
sub-0071	2.733	2.77	2.804	2.084	3.26	2.615	2.629	2.66	2.415	2.26	2.68	2.332	2.633	2.923	2.664	2.707	2.874	2.798	2.573	1.681	2.24	2.636	2.882	2.59	3.162	2.569	3.061	2.293	2.969	2.636	3.049	3.453	2.506	2.962	2.62736	1249893.0	1634089.751352
sub-0072	2.668	2.575	2.646	2.111	3.129	2.757	2.675	2.574	2.238	2.318	2.539	2.237	2.65	2.91	2.723	2.662	2.735	2.617	2.598	1.926	2.276	2.658	2.858	2.529	3.243	2.45	2.833	2.467	2.915	2.564	2.589	3.624	2.809	3.0	2.61112	1157016.0	1303487.747039
sub-0073	2.65	2.719	2.627	2.133	3.397	2.742	2.491	2.802	2.583	2.267	2.734	2.261	2.729	2.879	2.941	2.609	2.863	2.647	2.513	1.963	2.117	2.43	2.692	2.508	3.649	2.519	2.964	2.163	3.068	2.679	3.073	4.017	2.637	3.028	2.60803	1058891.0	1187048.694322
sub-0074	2.697	2.626	2.632	1.949	2.831	2.645	2.437	2.557	2.583	2.201	2.559	2.332	2.538	2.653	2.813	2.488	2.592	2.541	2.579	1.834	2.086	2.555	2.613	2.46	2.829	2.498	2.688	2.221	2.919	2.55	2.663	3.447	2.461	3.01	2.51349	1500430.0	1961809.725767
sub-0075	2.83	2.699	2.527	2.074	3.057	2.611	2.488	2.636	2.465	2.276	2.528	2.252	2.487	2.749	2.864	2.606	2.729	2.621	2.409	1.972	2.15	2.648	2.755	2.546	2.953	2.456	2.869	2.339	2.926	2.641	2.703	2.843	2.74	2.948	2.56055	1318890.0	1699569.476078
sub-0076	2.498	2.564	2.584	1.888	3.313	2.66	2.363	2.63	2.718	2.13	2.541	2.178	2.483	2.725	2.708	2.45	2.576	2.661	2.488	1.753	1.897	2.69	2.578	2.385	2.774	2.259	2.669	2.19	2.814	2.411	2.327	3.575	2.522	3.057	2.45329	1389071.0	1624560.177194
sub-0077	2.366	2.472	2.549	1.904	3.987	2.437	2.368	2.661	2.392	1.819	2.83	2.052	2.681	2.877	2.441	2.41	2.631	2.89	2.473	1.661	1.99	2.539	2.557	2.305	3.143	2.535	2.645	2.11	2.924	2.62	2.816	4.106	2.764	3.355	2.46919	1031018.0	1438180.560507
sub-0078	2.458	2.645	2.598	2.329	3.402	2.685	2.413	2.607	2.466	2.285	2.562	2.396	2.74	2.745	2.993	2.372	2.623	2.537	2.576	1.942	2.003	2.549	2.481	2.457	3.093	2.344	2.767	2.151	2.744	2.549	2.443	3.436	2.732	2.884	2.50268	1163738.0	1405179.745512
sub-0079	2.489	2.622	2.529	2.181	3.825	2.784	2.609	2.761	2.599	2.292	2.623	2.178	2.571	2.738	3.025	2.445	2.704	2.786	2.572	1.793	2.183	2.461	2.531	2.645	3.001	2.472	2.745	2.367	2.936	2.712	2.793	3.558	2.748	3.129	2.56604	1237550.0	1670680.937755
sub-0080	2.569	2.463	2.462	2.004	3.072	2.624	2.522	2.583	2.217	2.328	2.572	2.079	2.483	2.859	2.686	2.479	2.808	2.64	2.636	1.582	2.147	2.546	2.65	2.501	2.773	2.413	2.76	2.371	2.923	2.493	2.65	3.337	2.828	3.098	2.53171	1152858.0	1245058.25468
sub-0081	2.8	2.944	2.578	2.201	3.259	2.749	2.648	2.683	2.296	2.5	2.719	2.46	2.61	2.796	3.179	2.733	2.628	2.746	2.634	1.973	2.31	2.88	2.758	2.685	3.144	2.422	2.828	2.497	3.052	2.681	2.59	3.637	2.875	2.971	2.65562	1429029.0	1813905.93453
sub-0082	2.771	2.587	2.495	1.926	3.363	2.643	2.437	2.663	2.311	2.244	2.421	2.218	2.412	2.813	2.586	2.432	2.462	2.234	2.279	1.834	2.04	2.303	2.564	2.4	2.914	2.253	2.648	2.186	2.913	2.511	2.339	3.297	2.719	2.847	2.44316	1204055.0	1664552.018743
sub-0083	2.641	2.481	2.609	2.087	4.053	2.91	2.56	2.644	2.367	2.206	2.587	2.206	2.777	2.811	2.833	2.546	2.54	2.68	2.556	1.693	2.078	2.41	2.68	2.483	3.135	2.455	2.866	2.301	2.804	2.513	2.785	3.907	2.418	2.978	2.55056	1263837.0	1642311.48061
sub-0084	2.572	2.736	2.611	2.178	2.653	2.608	2.521	2.676	2.555	2.363	2.528	2.084	2.442	2.89	2.49	2.632	2.533	2.685	2.455	1.878	2.125	2.817	2.684	2.583	3.032	2.463	2.9	2.312	3.065	2.635	2.491	3.715	2.766	3.032	2.56792	1251650.0	1375169.673746
sub-0085	2.498	2.515	2.679	1.965	4.201	2.663	2.489	2.552	2.362	2.211	2.54	2.152	2.536	2.873	2.826	2.595	2.678	2.535	2.535	1.827	2.139	2.562	2.738	2.433	2.951	2.526	2.986	2.194	2.911	2.629	2.517	3.471	2.601	3.226	2.55378	962921.0	1025878.102196
sub-0086	2.596	2.572	2.617	2.248	3.54	2.725	2.583	2.656	2.501	2.417	2.694	2.276	2.833	2.775	3.097	2.732	2.699	2.786	2.605	2.072	2.275	2.603	2.729	2.614	2.933	2.489	2.915	2.424	2.915	2.637	2.624	3.595	2.82	3.251	2.64317	1277219.0	1557559.838422
sub-0087	2.895	2.637	2.641	2.125	3.429	2.687	2.708	2.749	2.436	2.355	2.653	2.191	2.693	2.999	2.678	2.613	2.64	2.594	2.562	1.875	2.207	2.598	2.649	2.537	3.313	2.572	2.873	2.318	3.012	2.662	3.026	3.838	2.885	3.166	2.62901	1135006.0	1199212.396541
sub-0088	2.661	2.718	2.594	2.148	3.336	2.797	2.461	2.803	2.42	2.337	2.549	2.314	2.627	2.598	2.739	2.403	2.903	2.689	2.594	1.89	2.254	2.507	2.564	2.484	3.057	2.438	2.825	2.267	3.084	2.662	2.537	3.613	2.687	3.201	2.58748	1367947.0	1749974.361296
sub-0089	2.316	2.602	2.496	1.985	3.491	2.555	2.328	2.715	2.557	2.207	2.708	2.048	2.476	2.673	2.788	2.476	2.439	2.57	2.367	1.711	2.025	2.49	2.499	2.32	2.712	2.313	2.639	2.106	2.719	2.415	2.495	3.567	2.494	3.068	2.42782	1109753.0	1266847.45001
sub-0090	2.367	2.319	2.331	1.969	3.431	2.734	2.25	2.588	2.262	2.136	2.538	2.035	2.513	2.638	2.629	2.333	2.584	2.343	2.427	1.569	1.877	2.31	2.397	2.415	2.889	2.207	2.53	1.945	2.617	2.427	2.879	3.528	2.349	3.069	2.36727	1083879.0	1379263.516306
sub-0091	2.684	2.396	2.359	2.136	3.064	2.622	2.541	2.624	2.255	2.29	2.587	2.116	2.704	2.712	2.276	2.378	2.591	2.552	2.396	1.85	2.114	2.446	2.558	2.412	3.023	2.311	2.575	2.186	2.814	2.602	2.518	3.394	2.951	2.862	2.46799	1197099.0	1582574.563044
sub-0092	2.541	2.712	2.651	1.973	3.918	2.573	2.463	2.657	2.848	2.238	2.502	2.223	2.43	2.794	2.466	2.573	2.551	2.649	2.416	1.756	2.26	2.524	2.645	2.436	3.036	2.424	2.799	2.132	2.908	2.589	2.801	3.897	2.948	2.779	2.51758	1297126.0	1766651.713107
sub-0093	2.655	2.398	2.462	1.97	3.894	2.64	2.509	2.423	2.26	2.238	2.633	2.099	2.498	2.827	2.253	2.366	2.573	2.694	2.459	1.756	2.067	2.452	2.457	2.512	2.909	2.326	2.702	2.225	2.865	2.485	2.446	3.258	2.726	3.009	2.46275	1087119.0	1460791.342004
sub-0094	2.906	2.648	2.741	2.029	3.896	2.849	2.563	2.866	2.575	2.435	2.616	2.411	2.572	3.016	2.508	2.613	2.714	2.651	2.512	1.736	2.185	2.489	2.65	2.558	3.229	2.496	2.811	2.316	3.107	2.681	2.543	3.706	2.944	3.159	2.61744	1090472.0	1225095.466245
sub-0095	2.566	2.442	2.582	2.143	3.183	2.802	2.589	2.651	2.34	2.306	2.643	2.257	2.604	2.785	2.702	2.413	2.659	2.584	2.497	1.917	2.048	2.597	2.617	2.407	2.984	2.468	2.812	2.294	2.856	2.532	2.963	3.191	2.669	3.048	2.53958	1176761.0	1393838.718019
sub-0096	2.582	2.609	2.753	2.351	2.835	2.769	2.624	2.715	2.454	2.381	2.913	2.383	2.872	2.919	2.917	2.681	2.862	2.771	2.673	2.221	2.366	2.405	2.787	2.698	3.179	2.665	2.946	2.53	3.131	2.806	2.912	3.838	2.844	3.009	2.71086	1103258.0	1267541.963561
sub-0097	2.634	2.745	2.519	2.037	3.157	2.588	2.445	2.496	2.361	2.205	2.521	2.141	2.564	2.688	2.314	2.499	2.376	2.492	2.416	1.79	2.198	2.593	2.708	2.41	2.944	2.328	2.806	2.296	2.664	2.533	2.677	3.587	2.557	2.933	2.479	1105184.0	1291641.31448
sub-0098	2.811	2.357	2.743	2.131	3.25	2.612	2.608	2.632	2.434	2.373	2.647	2.188	2.512	2.826	2.962	2.525	2.721	2.882	2.553	1.599	2.268	2.566	2.728	2.546	2.711	2.562	2.872	2.314	3.166	2.613	2.945	3.594	2.889	3.147	2.61036	1324428.0	1767706.388905
sub-0099	2.683	2.695	2.635	2.234	3.863	2.698	2.42	2.6	2.553	2.2	2.616	2.159	2.574	2.79	2.735	2.405	2.606	2.625	2.565	1.912	1.951	2.361	2.576	2.394	3.47	2.498	2.794	2.16	2.937	2.443	2.554	3.608	2.855	3.078	2.49987	1340357.0	1787979.018134
sub-0100	2.608	2.94	2.745	2.286	3.625	2.903	2.679	2.76	2.509	2.452	2.688	2.327	2.574	2.953	2.986	2.722	2.93	2.794	2.77	1.887	2.218	2.588	2.632	2.783	2.954	2.605	2.899	2.48	3.086	2.656	2.669	3.97	2.983	3.072	2.6882	1326269.0	1662847.267452
sub-0101	2.427	2.483	2.613	1.916	3.272	2.73	2.507	2.636	2.547	2.133	2.526	2.184	2.361	2.947	2.918	2.569	2.754	2.866	2.548	1.673	2.172	2.383	2.703	2.504	2.877	2.554	2.839	2.158	3.059	2.582	2.679	3.107	2.784	3.22	2.54126	1170530.0	1448074.530533
sub-0102	2.623	2.741	2.601	2.033	3.773	2.655	2.47	2.699	2.481	2.409	2.674	2.172	2.667	2.857	2.503	2.458	2.583	2.438	2.388	1.82	2.133	2.476	2.584	2.525	3.135	2.439	2.758	2.301	2.848	2.558	2.629	3.645	2.748	3.11	2.55414	1366345.0	1743921.110547
sub-0103	2.38	2.438	2.441	2.095	3.621	2.555	2.367	2.488	2.383	2.241	2.432	2.183	2.516	2.744	2.614	2.339	2.401	2.318	2.305	1.626	2.027	2.332	2.424	2.412	2.634	2.271	2.623	2.12	2.672	2.397	2.502	3.315	2.522	2.724	2.39626	1042847.0	1306228.032015
sub-0104	2.487	2.839	2.507	2.056	3.293	2.528	2.474	2.765	2.585	2.294	2.669	2.174	2.631	2.9	2.782	2.594	2.634	2.535	2.329	1.718	2.08	2.509	2.612	2.573	3.215	2.443	2.955	2.385	2.934	2.534	2.934	3.11	2.511	3.112	2.56359	1030459.0	1117095.897251
sub-0105	2.416	2.428	2.423	1.975	3.111	2.595	2.484	2.629	2.355	2.289	2.574	2.089	2.761	2.932	2.787	2.58	2.544	2.515	2.364	1.767	2.074	2.393	2.528	2.482	3.002	2.285	2.684	2.194	2.869	2.568	2.457	3.476	2.667	3.163	2.47606	1145351.0	1374946.138192
sub-0106	2.804	2.596	2.679	2.048	3.442	2.784	2.568	2.881	2.413	2.298	2.552	2.305	2.701	3.166	3.059	2.427	2.784	2.877	2.575	1.708	2.174	2.493	2.67	2.497	3.232	2.531	2.826	2.091	3.156	2.623	3.048	3.992	2.902	3.122	2.59468	1097629.0	1232802.279774
sub-0107	2.827	2.477	2.513	2.217	3.366	2.855	2.613	2.82	2.367	2.566	2.85	2.259	2.664	2.8	3.044	2.572	2.773	2.665	2.772	1.753	2.17	2.581	2.633	2.679	2.935	2.478	2.843	2.247	3.039	2.485	2.925	3.508	2.618	3.129	2.63253	1233475.0	1531951.741104
sub-0108	2.723	2.291	2.595	2.045	3.618	2.703	2.559	2.62	2.315	2.495	2.769	2.498	2.894	2.891	2.595	2.647	2.587	2.741	2.676	1.999	2.217	2.464	2.797	2.557	2.801	2.481	2.844	2.291	3.025	2.595	2.631	3.456	2.861	3.329	2.6376	1362511.0	1837369.163244
sub-0109	2.555	2.695	2.575	2.193	3.176	2.594	2.546	2.631	2.496	2.345	2.767	2.204	2.708	2.839	3.017	2.722	2.902	2.845	2.786	1.91	2.2	2.513	2.686	2.588	3.154	2.564	2.956	2.244	3.054	2.627	2.738	3.39	2.705	3.28	2.60612	1364880.0	1792922.374976
sub-0110	2.786	2.604	2.667	1.987	3.802	2.846	2.484	2.861	2.581	2.196	2.664	2.129	2.624	2.95	2.659	2.332	2.571	2.771	2.525	1.645	2.112	2.501	2.661	2.442	2.921	2.466	2.808	2.088	2.803	2.548	2.501	3.683	2.731	2.823	2.54337	1355261.0	1680204.683201
sub-0111	2.764	2.798	2.542	1.965	3.335	2.657	2.539	2.885	2.648	2.433	2.8	2.276	2.697	3.074	2.862	2.647	2.774	2.931	2.796	1.788	2.071	3.109	2.79	2.474	3.4	2.525	2.921	2.295	2.874	2.563	2.829	3.355	2.731	3.221	2.63428	1018030.0	1380530.526494
sub-0112	2.695	2.598	2.487	2.068	3.239	2.75	2.539	2.712	2.438	2.348	2.602	2.184	2.477	2.934	2.662	2.339	2.58	2.668	2.447	1.849	2.016	2.65	2.53	2.564	3.147	2.454	2.721	2.274	2.944	2.477	2.567	3.491	2.661	3.072	2.5364	1065066.0	1267466.560021
sub-0113	2.596	2.896	2.664	1.869	3.355	2.753	2.652	2.838	2.683	2.321	2.674	2.225	2.665	2.965	2.651	2.489	2.705	2.85	2.636	1.611	2.26	2.707	2.669	2.528	3.192	2.472	2.824	2.337	3.067	2.811	2.232	3.337	2.762	3.253	2.62114	1045706.0	1293806.7876
sub-0114	2.835	2.544	2.385	1.966	3.891	2.806	2.464	2.579	2.437	2.24	2.543	2.127	2.343	2.716	3.05	2.478	2.439	2.565	2.333	1.542	2.07	2.566	2.401	2.39	2.938	2.214	2.626	2.235	2.724	2.583	2.394	3.521	2.371	2.861	2.44184	1090531.0	1197587.80593
sub-0115	2.483	2.497	2.418	2.115	3.765	2.618	2.476	2.459	2.666	2.207	2.413	2.118	2.325	2.816	2.543	2.317	2.48	2.44	2.384	1.866	1.991	2.496	2.339	2.389	2.901	2.338	2.624	2.21	2.687	2.386	2.596	3.793	2.588	2.992	2.42097	1032477.0	1392108.138436
sub-0116	2.332	2.929	2.649	2.18	3.837	2.796	2.5	2.763	2.638	2.361	2.617	2.174	2.642	2.792	2.986	2.562	2.802	2.697	2.408	2.026	2.105	2.608	2.657	2.521	3.234	2.459	2.756	2.229	2.88	2.489	2.649	3.907	2.751	3.241	2.55605	1063668.0	1294870.702796
sub-0117	2.649	2.696	2.35	1.973	3.398	2.635	2.376	2.643	2.509	2.239	2.58	2.021	2.754	2.743	2.975	2.503	2.682	2.559	2.44	1.703	2.171	2.581	2.588	2.381	2.907	2.344	2.791	2.172	2.738	2.515	2.835	3.437	2.625	2.887	2.46677	1126977.0	1349473.739635
sub-0118	2.743	2.94	2.619	1.943	3.201	2.765	2.563	2.643	2.447	2.324	2.481	2.217	2.463	2.843	2.797	2.515	2.873	2.806	2.474	1.768	2.291	2.646	2.617	2.511	2.987	2.359	2.78	2.332	2.932	2.537	2.678	3.528	2.777	2.966	2.56495	1282660.0	1728881.825442
sub-0119	2.663	2.263	2.496	1.969	3.484	2.553	2.629	2.653	2.265	2.389	2.578	2.334	2.632	2.81	2.804	2.661	2.595	2.736	2.55	1.606	1.949	2.504	2.565	2.481	2.817	2.35	2.789	2.353	2.8	2.564	2.942	3.246	2.771	2.792	2.51673	1121020.0	1229718.867021
sub-0120	2.493	2.152	2.349	1.885	3.627	2.821	2.399	2.623	2.262	2.127	2.598	2.082	2.777	2.71	2.623	2.357	2.402	2.638	2.225	1.531	2.001	2.444	2.276	2.341	2.863	2.264	2.599	2.067	2.705	2.477	2.162	3.233	2.684	2.937	2.40299	1124240.0	1546825.809346
sub-0121	2.621	2.988	2.589	1.925	4.21	2.737	2.469	2.583	2.427	2.12	2.648	2.105	2.573	2.779	2.443	2.611	2.902	2.836	2.54	1.643	2.047	2.531	2.709	2.427	2.948	2.484	2.791	2.167	2.682	2.614	2.41	4.027	2.434	3.136	2.50048	1116627.0	1430410.226792
sub-0122	2.707	2.886	2.873	2.258	3.19	2.795	2.762	2.753	2.556	2.452	2.763	2.28	2.674	3.021	2.599	2.686	2.764	2.786	2.636	1.901	2.297	2.533	3.007	2.685	3.18	2.571	2.993	2.456	2.955	2.594	3.192	4.29	2.816	3.264	2.70699	1188271.0	1308183.182692
sub-0123	2.291	2.744	2.569	2.012	3.118	2.523	2.526	2.459	2.544	2.219	2.574	2.047	2.655	2.688	2.243	2.423	2.514	2.505	2.359	1.807	2.036	2.578	2.446	2.404	2.87	2.397	2.672	2.284	2.782	2.386	2.519	3.355	2.446	3.023	2.45325	1309732.0	1702131.883701
sub-0124	2.72	2.608	2.506	2.012	2.826	2.617	2.552	2.624	2.37	2.297	2.726	2.107	2.444	3.1	2.909	2.558	2.698	2.776	2.462	1.851	2.14	2.408	2.768	2.531	3.513	2.398	2.984	2.247	2.95	2.695	2.622	3.605	2.495	3.23	2.58235	935840.0	1052334.054241
sub-0125	2.462	2.736	2.616	2.087	3.247	2.668	2.319	2.598	2.692	2.291	2.686	2.099	2.6	2.66	2.761	2.45	2.663	2.659	2.478	1.781	1.992	2.509	2.664	2.445	2.873	2.513	2.826	2.223	2.813	2.441	2.681	3.268	2.342	3.246	2.50866	1235556.0	1368269.34666
sub-0126	2.615	3.017	2.584	2.248	4.037	2.837	2.522	2.713	2.278	2.422	2.559	2.35	2.549	2.853	2.817	2.616	2.546	2.527	2.572	1.785	2.254	2.483	2.746	2.567	2.95	2.341	2.92	2.326	2.952	2.624	2.726	3.609	2.58	3.085	2.60905	1168528.0	1354407.834998
sub-0127	2.594	2.626	2.698	2.202	3.026	2.818	2.495	2.968	2.254	2.442	2.586	2.286	2.611	2.903	3.15	2.57	2.665	2.696	2.488	2.034	2.179	2.55	2.616	2.655	3.305	2.485	2.843	2.318	3.066	2.592	2.852	4.008	2.705	3.266	2.62411	1189014.0	1388551.522021
sub-0128	2.52	2.748	2.779	2.15	3.173	2.592	2.621	2.643	2.646	2.372	2.718	2.33	2.717	3.026	2.855	2.571	2.772	2.757	2.752	2.104	2.189	2.545	2.778	2.523	2.958	2.558	2.917	2.293	3.119	2.803	3.392	4.157	2.932	2.977	2.63628	1241378.0	1614246.708114
sub-0129	2.603	2.84	2.688	1.974	3.455	2.781	2.533	2.63	2.667	2.375	2.651	2.151	2.634	2.783	2.7	2.546	2.602	2.579	2.509	1.628	2.211	2.497	2.652	2.487	2.941	2.485	2.856	2.279	2.88	2.592	2.757	3.993	2.77	2.87	2.56469	1100023.0	1286549.332646
sub-0130	2.452	2.54	2.355	1.939	3.473	2.641	2.332	2.562	2.457	2.083	2.777	2.034	2.481	2.788	2.719	2.387	2.6	2.682	2.381	1.545	1.984	2.665	2.443	2.214	3.116	2.354	2.782	1.99	2.605	2.4	2.656	3.857	2.421	3.11	2.40799	1100980.0	1271007.993467
sub-0131	2.651	2.788	2.842	2.151	3.09	2.702	2.641	2.672	2.543	2.431	2.662	2.279	2.691	2.952	2.973	2.679	2.881	2.895	2.82	1.996	2.144	2.513	2.827	2.644	3.086	2.521	2.967	2.416	3.056	2.614	2.682	3.777	2.883	3.375	2.66925	1304447.0	1764190.675041
sub-0132	2.65	2.675	2.559	2.123	3.167	2.709	2.58	2.701	2.4	2.377	2.679	2.137	2.647	2.871	2.603	2.513	2.632	2.83	2.476	1.891	2.185	2.56	2.678	2.642	2.847	2.412	2.856	2.283	3.101	2.625	2.573	3.094	2.951	2.979	2.58618	1022236.0	1162101.650501
sub-0133	2.769	2.648	2.708	2.075	3.307	2.71	2.681	2.715	2.341	2.383	2.754	2.224	2.701	3.099	2.885	2.74	2.579	2.788	2.605	1.927	2.256	2.642	2.767	2.574	3.242	2.561	2.957	2.46	3.093	2.736	2.919	3.419	2.676	2.949	2.66344	1267941.0	1387763.249643
sub-0134	2.859	2.884	2.755	2.013	3.611	2.825	2.579	2.921	2.644	2.263	2.85	2.195	2.703	3.176	2.223	2.522	2.606	2.943	2.582	1.814	2.09	2.457	2.633	2.516	2.914	2.451	2.887	2.198	3.134	2.778	2.994	3.705	3.094	3.162	2.61934	1148514.0	1328781.652489
sub-0135	2.802	2.948	2.574	2.119	3.373	2.844	2.602	2.611	2.418	2.464	2.583	2.256	2.455	2.86	2.736	2.53	2.689	2.859	2.64	1.909	2.194	2.469	2.689	2.536	3.376	2.419	2.825	2.315	2.858	2.708	2.579	3.676	2.56	3.021	2.59322	1087460.0	1211561.579842
sub-0136	2.433	2.192	2.414	2.053	3.326	2.762	2.499	2.545	2.215	2.198	2.648	2.136	2.436	2.669	2.627	2.403	2.461	2.784	2.46	1.608	2.145	2.388	2.443	2.396	3.094	2.284	2.582	2.113	2.691	2.432	2.415	3.602	2.62	2.907	2.4338	1016367.0	1270118.732709
sub-0137	2.538	2.934	2.61	2.093	3.5	2.768	2.423	2.722	2.662	2.262	2.724	2.251	2.666	2.751	2.375	2.514	2.536	2.699	2.538	1.934	1.997	2.693	2.436	2.507	3.156	2.497	2.829	2.269	2.77	2.502	2.612	2.942	2.707	3.122	2.54216	1214336.0	1528498.946679
sub-0138	2.762	2.801	2.641	2.07	3.846	2.753	2.756	2.774	2.432	2.271	2.716	2.067	2.58	2.977	2.896	2.71	2.761	2.823	2.527	1.673	2.251	2.613	2.711	2.522	3.021	2.48	2.985	2.25	2.994	2.72	2.739	3.471	2.549	3.019	2.61822	1156408.0	1332201.738154
sub-0139	2.854	2.696	2.617	2.171	3.713	2.743	2.674	2.746	2.489	2.415	2.721	2.391	2.657	3.12	3.113	2.724	2.665	2.794	2.64	2.035	2.192	2.683	2.723	2.536	2.991	2.506	2.891	2.449	3.205	2.596	2.721	3.958	3.098	3.252	2.65723	1079355.0	1273293.645814
sub-0140	2.663	2.77	2.486	2.252	3.144	2.657	2.552	2.662	2.518	2.256	2.645	2.209	2.558	2.864	2.625	2.624	2.637	2.459	2.649	1.822	2.258	2.678	2.667	2.548	2.87	2.5	2.835	2.316	2.931	2.613	2.932	3.395	2.705	3.217	2.57589	1146479.0	1309036.588567
sub-0141	3.095	3.02	2.929	2.398	3.895	2.932	2.8	2.8	2.697	2.588	2.795	2.484	2.878	3.109	2.765	2.715	2.99	2.944	2.711	2.018	2.228	2.801	2.865	2.875	3.06	2.67	3.06	2.59	3.017	2.854	3.264	3.562	2.922	3.423	2.80021	1269841.0	1568906.612169
sub-0142	2.366	2.515	2.489	2.081	3.422	2.716	2.36	2.658	2.642	2.339	2.689	2.142	2.677	2.821	2.607	2.536	2.657	2.732	2.477	1.698	2.145	2.391	2.465	2.447	3.332	2.382	2.662	2.102	2.839	2.471	2.909	3.684	2.673	3.065	2.48828	1107974.0	1419047.042238
sub-0143	2.655	2.468	2.524	2.216	3.657	2.723	2.59	2.708	2.69	2.429	2.729	2.488	2.708	3.078	2.893	2.669	2.811	2.662	2.64	1.806	2.219	2.428	2.704	2.63	2.947	2.442	2.77	2.465	3.211	2.648	2.808	3.663	2.437	3.095	2.6352	1159677.0	1261795.146594
sub-0144	2.553	2.479	2.583	2.011	3.302	2.742	2.481	2.681	2.503	2.301	2.67	2.269	2.572	2.794	3.059	2.619	2.629	2.698	2.604	1.754	2.151	2.604	2.727	2.518	2.973	2.573	2.92	2.39	2.812	2.548	2.476	3.446	2.605	3.181	2.5872	1196989.0	1377598.763074
sub-0145	2.671	3.064	2.645	2.003	3.573	2.795	2.644	2.722	2.592	2.24	2.707	2.36	2.594	2.855	2.726	2.632	2.657	2.513	2.676	2.098	2.11	2.663	2.69	2.469	3.139	2.517	2.85	2.247	2.967	2.686	2.553	3.767	2.694	3.142	2.60255	1038528.0	1181004.283169
sub-0146	2.607	2.577	2.675	1.961	3.247	2.581	2.436	2.605	2.371	2.147	2.71	2.049	2.773	2.752	2.321	2.616	2.629	2.715	2.718	1.836	2.04	2.568	2.687	2.469	3.102	2.427	2.933	2.195	2.873	2.534	2.812	3.214	2.651	3.062	2.51341	1309750.0	1713343.66495
sub-0147	2.51	2.575	2.481	2.02	3.2	2.524	2.535	2.555	2.383	2.238	2.509	2.239	2.598	2.748	2.892	2.493	2.601	2.784	2.507	2.028	2.077	2.475	2.614	2.468	3.156	2.317	2.731	2.339	2.73	2.46	2.62	3.525	2.348	2.919	2.49347	1108780.0	1526747.497947
sub-0148	2.369	2.484	2.604	2.163	3.627	2.584	2.58	2.645	2.408	2.193	2.673	2.169	2.488	2.82	3.124	2.536	2.673	2.76	2.615	1.936	2.092	2.623	2.665	2.614	3.111	2.483	2.923	2.32	2.801	2.627	2.632	3.74	2.367	3.262	2.56432	1270800.0	1649087.282336
sub-0149	2.483	2.711	2.752	2.302	3.424	2.556	2.471	2.642	2.683	2.345	2.57	2.253	2.623	2.802	2.814	2.473	2.729	2.415	2.445	1.775	2.068	2.564	2.635	2.562	3.205	2.416	2.962	2.316	2.874	2.577	2.627	3.322	2.755	3.098	2.55735	1327923.0	1564750.661083
sub-0150	2.426	2.938	2.615	2.073	3.691	2.687	2.423	2.647	2.198	2.392	2.534	2.2	2.486	2.857	2.746	2.509	2.727	2.857	2.422	1.83	2.174	2.428	2.55	2.495	3.081	2.453	2.791	2.215	2.932	2.605	2.422	3.723	2.711	3.082	2.55275	1194002.0	1438480.083057
sub-0151	2.452	2.498	2.607	2.007	3.626	2.528	2.47	2.672	2.526	2.292	2.682	2.152	2.532	2.812	2.82	2.534	2.768	2.806	2.86	1.725	2.003	2.549	2.631	2.371	3.198	2.421	2.894	2.113	3.042	2.511	2.802	4.111	2.841	3.079	2.53814	1246749.0	1676268.454142
sub-0152	2.765	2.571	2.691	2.259	4.024	2.836	2.745	2.843	2.695	2.456	2.709	2.269	2.61	3.085	2.781	2.692	2.698	2.691	2.564	1.916	2.206	2.705	2.657	2.727	2.707	2.421	2.849	2.483	2.973	2.673	2.956	4.0	2.624	3.184	2.66145	1251317.0	1394407.333189
sub-0153	2.71	2.468	2.578	1.946	3.496	2.631	2.62	2.678	2.454	2.335	2.597	2.068	2.537	2.775	2.522	2.607	2.516	2.679	2.445	1.909	2.175	2.483	2.6	2.453	3.332	2.506	2.774	2.389	2.914	2.595	2.507	3.126	2.549	2.887	2.53527	1225167.0	1611229.257359
sub-0154	2.624	2.501	2.486	2.231	3.436	2.537	2.447	2.606	2.356	2.287	2.434	2.212	2.446	2.596	3.077	2.554	2.454	2.701	2.366	1.787	2.079	2.428	2.626	2.446	2.739	2.299	2.726	2.259	2.774	2.64	2.543	3.048	2.858	2.948	2.4813	1246900.0	1409137.408525
sub-0155	2.559	2.522	2.457	1.973	3.554	2.726	2.427	2.541	2.316	2.287	2.681	2.089	2.504	2.773	3.151	2.407	2.443	2.682	2.431	1.975	1.988	2.549	2.447	2.464	2.986	2.323	2.636	2.196	2.963	2.46	2.43	3.834	2.619	3.039	2.47213	994286.0	1049766.083289
sub-0156	2.601	2.589	2.627	2.026	2.89	2.648	2.48	2.653	2.576	2.257	2.725	2.253	2.685	2.886	2.67	2.593	2.626	2.686	2.618	1.829	2.126	2.53	2.662	2.539	3.005	2.471	2.87	2.335	2.989	2.678	2.542	3.465	2.726	3.137	2.57098	1264599.0	1432755.508625
sub-0157	2.436	2.285	2.663	2.373	3.104	2.64	2.519	2.586	2.55	2.407	2.774	2.282	2.878	2.715	2.693	2.636	2.802	2.899	2.647	1.844	2.21	2.381	2.693	2.593	2.822	2.604	2.903	2.335	2.916	2.574	3.203	3.375	2.512	3.065	2.6148	1177199.0	1729902.861085
sub-0158	2.549	2.638	2.709	2.139	3.188	2.844	2.449	2.859	2.258	2.409	2.704	2.348	2.676	2.931	3.175	2.644	2.675	2.776	2.575	1.921	2.121	2.477	2.737	2.553	2.782	2.531	2.903	2.259	3.007	2.755	2.901	3.586	2.927	3.381	2.63228	1343961.0	1603684.471626
sub-0159	2.464	2.912	2.567	2.307	3.478	2.809	2.468	2.663	2.509	2.307	2.698	2.412	2.664	2.824	2.885	2.488	2.65	2.657	2.387	1.947	2.105	2.54	2.668	2.567	3.415	2.446	2.909	2.366	2.737	2.463	2.652	3.61	2.611	3.027	2.5747	1111586.0	1219311.015304
sub-0160	2.394	2.842	2.611	2.127	3.587	2.805	2.453	2.769	2.475	2.307	2.799	2.234	2.642	2.979	2.945	2.448	2.513	2.536	2.427	1.698	2.008	2.46	2.599	2.433	3.196	2.423	2.717	2.144	2.792	2.594	2.596	3.815	2.678	3.212	2.52889	1120869.0	1253010.735341
sub-0161	2.845	2.434	2.688	2.135	3.638	2.753	2.557	2.745	2.543	2.31	2.64	2.205	2.685	2.882	2.526	2.727	2.867	2.896	2.681	1.755	2.221	2.427	2.723	2.658	2.793	2.597	3.017	2.382	2.907	2.495	2.971	2.951	2.475	3.154	2.61612	1264910.0	1678825.014059
sub-0162	2.8	2.433	2.48	2.028	3.088	2.82	2.458	2.639	2.474	2.291	2.65	2.199	2.768	2.859	2.585	2.464	2.59	2.646	2.461	1.673	2.004	2.503	2.628	2.472	3.017	2.534	2.868	2.122	3.003	2.608	2.662	3.295	2.414	2.973	2.52644	1348454.0	1593923.271011
sub-0163	2.506	2.516	2.621	2.033	3.23	2.644	2.517	2.592	2.263	2.28	2.663	2.083	2.654	2.81	2.877	2.717	2.541	2.855	2.527	1.701	2.073	2.422	2.662	2.42	3.033	2.378	2.782	2.315	2.829	2.465	2.883	3.131	2.623	2.973	2.52074	1184842.0	1344675.479312
sub-0164	2.235	2.47	2.406	2.104	3.618	2.583	2.451	2.632	2.312	2.191	2.515	2.22	2.512	2.701	2.602	2.303	2.422	2.807	2.357	1.838	2.019	2.41	2.469	2.409	2.824	2.328	2.61	2.225	2.823	2.45	2.684	3.784	2.639	3.059	2.43804	1243836.0	1385993.169429
sub-0165	2.656	2.68	2.551	2.131	3.172	2.566	2.459	2.587	2.718	2.17	2.525	2.127	2.708	2.846	2.813	2.329	2.549	2.659	2.32	1.785	2.073	2.585	2.536	2.474	3.325	2.315	2.79	2.24	2.836	2.45	2.747	3.237	2.7	2.979	2.48349	1084384.0	1267159.926204
sub-0166	2.385	2.59	2.553	2.003	3.601	2.704	2.438	2.801	2.439	2.245	2.574	2.217	2.691	2.861	2.646	2.592	2.545	2.542	2.333	1.636	2.057	2.508	2.498	2.447	3.076	2.321	2.862	2.261	2.749	2.492	2.626	3.76	2.793	3.128	2.52016	1162848.0	1340410.07163
sub-0167	2.531	2.632	2.588	2.119	3.353	2.7	2.588	2.651	2.732	2.367	2.654	2.275	2.839	3.097	2.581	2.611	2.819	2.554	2.726	1.856	2.054	2.745	2.751	2.527	3.004	2.59	2.918	2.363	3.014	2.795	2.878	3.709	2.654	3.093	2.63261	1231796.0	1553483.641544
sub-0168	2.598	2.729	2.638	1.954	2.957	2.769	2.623	2.629	2.394	2.392	2.561	2.374	2.477	2.858	2.874	2.538	2.875	2.868	2.642	1.702	2.201	2.536	2.671	2.596	3.13	2.438	2.787	2.474	2.99	2.708	2.658	3.311	2.93	2.945	2.58912	1440272.0	1642326.665107
sub-0169	2.312	2.565	2.506	2.031	2.812	2.609	2.377	2.612	2.826	2.338	2.688	2.232	2.663	2.747	2.697	2.269	2.501	2.569	2.46	1.689	1.996	2.781	2.377	2.326	3.152	2.486	2.59	2.126	2.678	2.494	2.705	3.306	2.424	3.237	2.47353	1188887.0	1592950.809898
sub-0170	2.753	2.64	2.63	2.056	4.077	2.796	2.594	2.822	2.731	2.422	2.665	2.091	2.566	2.991	2.87	2.615	2.591	2.777	2.415	1.834	2.181	2.629	2.552	2.498	2.855	2.424	2.834	2.277	3.06	2.642	2.591	3.607	3.008	3.124	2.59579	1152500.0	1368473.641263
sub-0171	2.714	2.75	2.758	2.382	3.647	2.837	2.581	2.835	2.749	2.35	2.791	2.449	2.599	2.954	2.926	2.585	2.766	2.8	2.671	1.932	2.137	2.534	2.757	2.571	3.17	2.646	2.922	2.331	2.876	2.743	3.048	4.114	2.663	3.245	2.66687	1131183.0	1408471.73881
sub-0172	2.533	2.422	2.618	2.006	3.314	2.687	2.493	2.578	2.258	2.207	2.639	2.147	2.421	2.808	2.592	2.49	2.742	2.762	2.496	1.871	2.097	2.435	2.463	2.506	2.939	2.4	2.709	2.203	2.852	2.648	2.624	3.503	2.62	2.995	2.48819	1068311.0	1256739.005345
sub-0173	2.826	2.681	2.637	1.982	3.29	2.796	2.482	2.589	2.443	2.194	2.906	2.318	2.587	2.67	2.837	2.616	2.867	2.755	2.491	1.72	2.051	2.515	2.704	2.419	3.223	2.427	2.917	2.294	2.936	2.638	2.608	3.847	2.847	3.166	2.57506	1395388.0	1505148.555506
sub-0174	2.592	2.939	2.489	2.015	3.306	2.766	2.544	2.651	2.356	2.299	2.633	2.265	2.678	2.959	3.062	2.552	2.666	2.682	2.632	1.642	2.045	2.652	2.6	2.497	2.957	2.316	2.801	2.176	3.003	2.652	2.458	3.015	2.742	2.945	2.54247	1216147.0	1505026.016838
sub-0175	2.607	2.485	2.482	2.006	3.516	2.629	2.461	2.606	2.476	2.243	2.713	1.94	2.805	2.686	2.579	2.739	2.646	2.525	2.615	1.638	2.114	2.363	2.602	2.519	2.897	2.418	2.922	2.248	2.902	2.599	3.069	3.861	2.844	3.132	2.53562	1084525.0	1219229.961137
sub-0176	2.427	2.736	2.51	1.977	2.696	2.547	2.426	2.572	2.366	2.219	2.71	2.076	2.517	2.772	2.413	2.386	2.572	2.468	2.257	1.767	2.028	2.511	2.504	2.45	2.952	2.263	2.761	2.108	2.749	2.585	2.79	2.944	2.423	3.064	2.44444	1151468.0	1369065.557594
sub-0177	2.545	2.31	2.561	1.888	3.071	2.783	2.456	2.621	2.58	2.161	2.848	2.29	2.83	2.821	2.412	2.551	2.674	2.788	2.464	1.873	2.09	2.48	2.608	2.468	3.135	2.564	2.844	2.24	2.788	2.61	3.269	3.233	2.71	3.146	2.54203	1102495.0	1236126.400688
sub-0178	2.547	2.808	2.466	2.022	3.651	2.747	2.28	2.693	2.512	2.194	2.671	2.105	2.406	2.863	2.757	2.422	2.645	2.371	2.397	1.768	2.012	2.696	2.383	2.302	3.178	2.275	2.556	2.092	2.704	2.526	2.55	3.871	2.552	3.305	2.4357	1063942.0	1278199.850986
sub-0179	2.498	2.573	2.399	2.054	3.868	2.714	2.505	2.54	2.362	2.21	2.534	2.162	2.516	2.706	2.631	2.362	2.537	2.491	2.403	1.855	1.914	2.414	2.547	2.319	2.996	2.324	2.886	2.075	2.789	2.422	2.312	3.689	2.786	3.118	2.4484	1163461.0	1539951.066193
sub-0180	2.635	2.807	2.719	2.15	3.191	2.707	2.632	2.657	2.701	2.349	2.794	2.167	2.801	3.064	2.729	2.694	2.604	2.993	2.543	1.753	2.179	2.815	2.733	2.62	3.338	2.515	3.035	2.389	3.126	2.676	2.958	3.78	2.637	3.203	2.65796	1141772.0	1220714.112255
sub-0181	2.495	3.224	2.606	2.056	3.157	2.574	2.578	2.535	2.512	2.138	2.491	2.18	2.502	2.757	2.488	2.431	2.565	2.672	2.519	1.859	2.237	2.554	2.713	2.496	3.156	2.53	2.836	2.32	2.856	2.611	2.708	3.218	2.314	2.907	2.52878	1222504.0	1260620.308723
sub-0182	2.69	2.667	2.503	2.194	3.392	2.781	2.546	2.727	2.575	2.301	2.52	2.142	2.506	2.851	2.942	2.562	2.659	2.701	2.594	1.83	2.15	2.472	2.697	2.56	2.916	2.389	2.751	2.263	2.942	2.597	2.727	3.924	2.824	2.889	2.55155	1040819.0	1115338.365317
sub-0183	2.503	2.598	2.699	2.118	3.569	2.697	2.603	2.758	2.558	2.324	2.692	2.281	2.6	2.798	2.721	2.704	2.923	2.834	2.707	1.898	2.307	2.583	2.836	2.542	3.104	2.478	2.993	2.407	2.812	2.615	2.981	3.505	2.738	3.309	2.63501	1247749.0	1419483.508407
sub-0184	2.579	2.544	2.709	2.186	3.278	2.573	2.457	2.621	2.322	2.284	2.584	2.184	2.516	2.825	2.704	2.575	2.713	2.84	2.651	1.945	2.271	2.477	2.654	2.521	2.942	2.494	2.812	2.326	2.82	2.645	2.556	3.412	2.714	2.965	2.56229	1267045.0	1583717.934061
sub-0185	2.686	2.858	2.605	2.031	3.603	2.571	2.46	2.673	2.905	2.429	2.523	2.131	2.345	2.829	2.698	2.479	2.697	2.51	2.425	1.822	2.103	2.651	2.608	2.517	2.9	2.342	2.686	2.229	2.949	2.562	2.502	3.489	2.729	3.077	2.52185	1255090.0	1652330.028091
sub-0186	2.606	2.372	2.512	2.236	2.875	2.647	2.462	2.661	2.172	2.27	2.592	2.331	2.462	2.835	2.766	2.48	2.719	2.635	2.572	1.838	2.132	2.401	2.54	2.495	2.86	2.491	2.749	2.218	2.953	2.599	2.945	3.533	2.884	2.952	2.51729	1149252.0	1512209.915563
sub-0187	2.53	2.493	2.515	2.35	3.66	2.686	2.568	2.642	2.399	2.486	2.638	2.298	2.571	2.886	2.895	2.55	2.682	2.773	2.51	1.942	2.203	2.415	2.57	2.609	2.992	2.443	2.832	2.353	2.873	2.618	2.809	3.973	2.664	3.149	2.59167	1342404.0	1767804.677934
sub-0188	2.649	2.766	2.649	2.072	3.322	2.627	2.794	2.674	2.399	2.427	2.556	2.133	2.605	2.969	2.603	2.603	2.701	2.731	2.489	1.716	2.209	2.495	2.726	2.542	3.094	2.435	2.911	2.393	2.934	2.607	2.655	3.482	2.802	3.167	2.60013	1111473.0	1476345.936567
sub-0189	2.823	3.257	2.703	2.159	3.566	2.823	2.584	2.975	2.336	2.399	2.893	2.322	2.815	3.015	2.696	2.624	2.836	3.089	2.628	1.864	2.069	2.526	2.7	2.64	3.371	2.555	2.964	2.376	2.91	2.598	2.897	3.911	2.824	3.055	2.67088	1123761.0	1313718.823216
sub-0190	2.716	2.671	2.466	1.919	3.199	2.75	2.511	2.698	2.247	2.15	2.763	2.17	2.695	2.797	2.6	2.398	2.746	2.475	2.374	1.727	1.884	2.783	2.481	2.462	2.975	2.247	2.615	2.032	2.67	2.534	2.762	3.531	2.432	3.096	2.45443	1020852.0	1151732.153181
sub-0191	2.525	2.733	2.418	2.202	3.541	2.849	2.353	2.792	2.264	2.405	2.651	2.364	2.762	2.803	2.809	2.512	2.662	2.703	2.625	1.894	2.03	2.271	2.599	2.363	3.377	2.391	2.636	2.126	2.847	2.377	2.893	3.956	2.923	3.079	2.51252	1246126.0	1388287.289127
sub-0192	2.768	2.859	2.36	2.096	3.157	2.722	2.485	2.728	2.316	2.263	2.61	2.238	2.615	2.774	3.264	2.26	2.553	2.503	2.37	1.896	2.12	2.544	2.533	2.465	3.325	2.272	2.638	2.188	2.93	2.605	2.882	3.468	2.719	3.121	2.50739	1081319.0	1162406.586257
sub-0193	2.553	2.608	2.551	2.023	2.936	2.658	2.425	2.61	2.406	2.225	2.599	2.303	2.62	3.008	2.95	2.519	2.605	2.41	2.32	1.936	1.957	2.427	2.521	2.359	2.998	2.314	2.582	2.093	2.955	2.461	2.579	3.656	2.93	3.093	2.47771	1266662.0	1332789.425083
sub-0194	2.513	2.675	2.492	2.051	3.276	2.656	2.458	2.638	2.415	2.393	2.732	2.217	2.814	2.85	2.625	2.464	2.703	2.898	2.415	1.765	2.167	2.468	2.577	2.479	3.011	2.362	2.728	2.308	2.941	2.593	2.698	3.161	2.53	3.061	2.53843	1067063.0	1285366.890815
sub-0195	2.637	2.951	2.744	2.164	3.06	2.602	2.536	2.735	2.616	2.432	2.718	2.505	2.753	2.939	2.981	2.662	2.891	2.605	2.674	2.015	2.21	2.898	2.752	2.613	3.161	2.514	3.019	2.416	3.118	2.657	2.762	4.184	2.999	3.095	2.66193	1105382.0	1243040.5666
sub-0196	2.741	2.591	2.752	2.335	3.372	2.933	2.642	2.94	2.353	2.527	2.747	2.315	2.776	3.109	2.744	2.805	2.705	2.707	2.509	2.125	2.193	2.626	2.789	2.731	3.283	2.521	3.044	2.54	2.952	2.737	2.812	3.675	2.842	3.161	2.72289	1088853.0	1489571.166021
sub-0197	2.419	2.336	2.549	2.014	3.685	2.56	2.454	2.74	2.22	2.313	2.692	2.019	2.834	2.841	2.7	2.621	2.604	2.657	2.548	1.876	2.047	2.432	2.496	2.409	3.091	2.381	2.73	2.106	2.744	2.549	3.14	3.295	2.266	3.061	2.49024	1088199.0	1416704.752566
sub-0198	2.617	2.582	2.451	2.067	3.268	2.607	2.409	2.593	2.204	2.257	2.739	2.222	2.706	2.799	2.758	2.327	2.634	2.495	2.451	1.783	2.012	2.408	2.38	2.338	3.157	2.416	2.666	2.141	2.806	2.605	3.18	3.862	2.881	3.368	2.48421	1161078.0	1383827.423432
sub-0199	2.315	2.416	2.541	1.983	3.149	2.523	2.457	2.625	2.353	2.057	2.411	2.034	2.587	2.698	2.627	2.403	2.512	2.687	2.388	1.62	2.002	2.529	2.525	2.349	2.693	2.343	2.68	2.138	2.735	2.39	2.663	3.537	2.652	2.992	2.42484	1069053.0	1233451.763895
sub-0200	2.685	2.746	2.294	1.825	3.621	2.472	2.196	2.389	2.422	2.073	2.77	2.041	3.047	2.634	2.613	2.116	2.326	2.815	2.335	1.524	1.944	2.475	2.381	2.292	3.167	2.596	2.843	1.957	2.721	2.4	3.484	3.186	2.348	3.154	2.39654	1038970.0	1173940.763711
sub-0201	2.596	2.687	2.765	1.785	3.466	2.766	2.563	2.661	2.582	2.19	2.784	2.152	2.43	2.896	2.484	2.539	2.71	2.767	2.67	1.596	2.167	2.466	2.668	2.472	2.967	2.59	2.895	2.324	2.904	2.751	2.854	3.767	2.429	2.941	2.57855	1177150.0	1545884.798646
sub-0202	2.724	2.625	2.557	2.078	3.707	2.879	2.533	2.66	2.488	2.256	2.53	2.159	2.516	3.032	2.735	2.377	2.592	2.459	2.313	1.823	1.961	2.554	2.561	2.454	3.059	2.335	2.63	2.233	2.926	2.505	2.431	3.892	2.518	3.089	2.5063	1218075.0	1521786.356362
sub-0203	2.723	2.85	2.516	2.034	3.773	2.592	2.451	2.6	2.628	2.191	2.637	2.085	2.627	2.888	2.535	2.598	2.577	2.654	2.405	1.827	2.148	2.428	2.674	2.486	3.496	2.336	2.735	2.223	2.892	2.554	2.95	3.803	2.798	2.927	2.5152	1053666.0	1041570.907857
sub-0204	2.463	2.612	2.464	1.951	3.41	2.646	2.365	2.787	2.766	2.103	2.676	2.215	2.704	2.835	2.109	2.484	2.587	2.487	2.448	1.789	1.938	2.321	2.568	2.395	3.036	2.429	2.796	1.999	2.714	2.476	2.427	2.947	2.398	3.048	2.46273	1237737.0	1446981.337919
sub-0205	2.796	2.523	2.561	2.218	3.088	2.716	2.357	2.728	2.27	2.285	2.458	2.274	2.704	2.988	2.719	2.609	2.777	2.474	2.478	1.976	2.113	2.548	2.632	2.54	2.929	2.369	2.819	2.193	2.872	2.604	2.517	3.594	2.676	3.039	2.53957	1084128.0	1209532.464622
sub-0206	2.355	2.42	2.575	1.958	4.063	2.658	2.382	2.602	2.216	2.124	2.552	2.148	2.409	2.692	2.572	2.429	2.639	2.485	2.337	1.975	2.024	2.342	2.514	2.384	3.08	2.39	2.733	2.227	2.832	2.523	2.564	3.996	2.651	3.022	2.46697	1163249.0	1381212.6498
sub-0207	2.573	2.43	2.638	1.757	3.053	2.742	2.437	2.689	2.782	2.264	2.524	2.138	2.401	3.013	3.068	2.553	2.775	2.529	2.556	1.867	2.118	2.58	2.586	2.367	2.829	2.472	2.823	2.174	2.831	2.513	2.275	3.288	2.553	2.982	2.52707	1129949.0	1220692.410509
sub-0208	2.624	2.449	2.494	2.168	3.562	2.713	2.511	2.638	2.378	2.261	2.57	2.208	2.679	2.873	2.739	2.639	2.546	2.804	2.599	1.857	2.103	2.55	2.689	2.564	3.075	2.393	2.887	2.323	2.958	2.636	2.656	3.478	2.609	3.131	2.58358	1211414.0	1447359.780846
sub-0209	2.638	2.857	2.571	2.171	3.738	2.881	2.412	2.741	2.73	2.398	2.646	2.197	2.727	2.881	2.746	2.51	2.543	2.695	2.46	1.783	2.123	2.464	2.587	2.438	3.163	2.455	2.797	2.178	2.892	2.517	2.575	3.832	2.559	3.067	2.55602	1054415.0	1170960.651366
sub-0210	2.801	2.608	2.533	2.092	3.39	2.762	2.442	2.672	2.72	2.273	2.803	2.272	2.687	2.799	3.07	2.471	2.428	2.52	2.44	1.839	1.995	2.468	2.517	2.445	3.089	2.415	2.748	2.231	2.845	2.495	2.912	3.844	2.609	3.127	2.5253	1100164.0	1216146.373715
sub-0211	2.605	2.559	2.496	1.961	3.652	2.673	2.443	2.758	2.074	2.281	2.78	2.134	2.642	2.891	2.958	2.586	2.642	2.767	2.522	1.708	2.055	2.488	2.605	2.469	3.371	2.369	2.836	2.19	2.868	2.397	2.821	3.646	2.785	2.966	2.5305	1093112.0	1404315.885957
sub-0212	2.659	2.883	2.563	1.995	3.643	2.537	2.492	2.691	2.597	2.198	2.523	2.155	2.449	2.821	3.115	2.512	2.535	2.639	2.494	1.896	2.101	2.479	2.534	2.404	3.201	2.487	2.773	2.211	2.78	2.697	2.66	3.487	2.447	3.058	2.51449	1000914.0	1190722.360776
sub-0213	2.574	2.564	2.897	2.227	3.262	2.884	2.677	2.816	2.535	2.489	2.954	2.345	2.787	2.881	3.122	2.687	2.787	2.816	2.665	1.752	2.234	2.662	2.733	2.737	3.191	2.648	2.952	2.587	2.892	2.708	2.744	3.418	2.488	3.279	2.70757	1331382.0	1694139.422312
sub-0214	2.55	2.634	2.563	2.221	3.52	2.562	2.517	2.63	2.351	2.376	2.631	2.147	2.847	2.896	2.583	2.66	2.645	2.847	2.483	1.617	2.15	2.639	2.623	2.492	2.698	2.561	2.901	2.247	2.718	2.57	2.673	3.676	2.328	2.897	2.5456	1238617.0	1571735.586718
sub-0215	2.316	3.088	2.416	1.893	3.001	2.71	2.504	2.629	2.566	2.338	2.96	2.177	3.255	2.86	2.957	2.523	2.498	2.781	2.497	1.604	2.072	2.598	2.555	2.476	3.528	2.394	2.843	2.133	2.878	2.523	3.278	3.686	2.513	3.188	2.54103	947249.0	1203225.534668
sub-0216	2.476	2.46	2.603	1.961	3.34	2.662	2.382	2.713	2.251	2.146	2.623	2.156	2.573	2.713	2.634	2.245	2.812	2.761	2.503	1.617	2.12	2.549	2.598	2.433	3.292	2.466	2.792	2.07	2.787	2.61	2.694	3.48	2.816	3.109	2.48761	1097996.0	1187253.773448
